0 verbose cli /usr/local/bin/node /usr/local/bin/npm
1 info using npm@10.5.0
2 info using node@v20.12.2
3 timing npm:load:whichnode Completed in 1ms
4 timing config:load:defaults Completed in 2ms
5 timing config:load:file:/usr/local/lib/node_modules/npm/npmrc Completed in 4ms
6 timing config:load:builtin Completed in 4ms
7 timing config:load:cli Completed in 1ms
8 timing config:load:env Completed in 0ms
9 timing config:load:project Completed in 0ms
10 timing config:load:file:/root/.npmrc Completed in 1ms
11 timing config:load:user Completed in 1ms
12 timing config:load:file:/usr/local/etc/npmrc Completed in 0ms
13 timing config:load:global Completed in 0ms
14 timing config:load:setEnvs Completed in 0ms
15 timing config:load Completed in 9ms
16 timing npm:load:configload Completed in 9ms
17 timing config:load:flatten Completed in 0ms
18 timing npm:load:mkdirpcache Completed in 0ms
19 timing npm:load:mkdirplogs Completed in 0ms
20 verbose title npm install
21 verbose argv "install"
22 timing npm:load:setTitle Completed in 0ms
23 timing npm:load:display Completed in 0ms
24 verbose logfile logs-max:10 dir:/root/.npm/_logs/2026-07-30T13_50_57_115Z-
25 verbose logfile /root/.npm/_logs/2026-07-30T13_50_57_115Z-debug-0.log
26 timing npm:load:logFile Completed in 4ms
27 timing npm:load:timers Completed in 0ms
28 timing npm:load:configScope Completed in 0ms
29 timing npm:load Completed in 22ms
30 timing arborist:ctor Completed in 0ms
31 silly logfile done cleaning log files
32 timing idealTree:init Completed in 118ms
33 timing idealTree:userRequests Completed in 0ms
34 silly idealTree buildDeps
35 timing idealTree:#root Completed in 1ms
36 timing idealTree:buildDeps Completed in 1ms
37 timing idealTree:fixDepFlags Completed in 0ms
38 warn EBADENGINE Unsupported engine {
38 warn EBADENGINE   package: 'javascript-fastify-blog@0.1.0',
38 warn EBADENGINE   required: { node: '>=26.0' },
38 warn EBADENGINE   current: { node: 'v20.12.2', npm: '10.5.0' }
38 warn EBADENGINE }
39 warn EBADENGINE Unsupported engine {
39 warn EBADENGINE   package: 'rolldown@1.0.3',
39 warn EBADENGINE   required: { node: '^20.19.0 || >=22.12.0' },
39 warn EBADENGINE   current: { node: 'v20.12.2', npm: '10.5.0' }
39 warn EBADENGINE }
40 warn EBADENGINE Unsupported engine {
40 warn EBADENGINE   package: 'vite@8.0.16',
40 warn EBADENGINE   required: { node: '^20.19.0 || >=22.12.0' },
40 warn EBADENGINE   current: { node: 'v20.12.2', npm: '10.5.0' }
40 warn EBADENGINE }
41 timing idealTree Completed in 126ms
42 timing reify:loadTrees Completed in 126ms
43 timing reify:diffTrees Completed in 3ms
44 silly reify moves {}
45 timing reify:retireShallow Completed in 0ms
46 timing reify:createSparse Completed in 241ms
47 timing reify:loadBundles Completed in 0ms
48 silly audit bulk request {
48 silly audit   '@babel/helper-string-parser': [ '7.29.7' ],
48 silly audit   '@babel/helper-validator-identifier': [ '7.29.7' ],
48 silly audit   '@babel/parser': [ '7.29.7' ],
48 silly audit   '@babel/runtime': [ '7.29.7' ],
48 silly audit   '@babel/types': [ '7.29.7' ],
48 silly audit   '@biomejs/biome': [ '2.4.16' ],
48 silly audit   '@biomejs/cli-darwin-arm64': [ '2.4.16' ],
48 silly audit   '@biomejs/cli-darwin-x64': [ '2.4.16' ],
48 silly audit   '@biomejs/cli-linux-arm64': [ '2.4.16' ],
48 silly audit   '@biomejs/cli-linux-arm64-musl': [ '2.4.16' ],
48 silly audit   '@biomejs/cli-linux-x64': [ '2.4.16' ],
48 silly audit   '@biomejs/cli-linux-x64-musl': [ '2.4.16' ],
48 silly audit   '@biomejs/cli-win32-arm64': [ '2.4.16' ],
48 silly audit   '@biomejs/cli-win32-x64': [ '2.4.16' ],
48 silly audit   '@colors/colors': [ '1.5.0' ],
48 silly audit   '@discoveryjs/json-ext': [ '0.5.7' ],
48 silly audit   '@emnapi/core': [ '1.10.0' ],
48 silly audit   '@emnapi/runtime': [ '1.10.0' ],
48 silly audit   '@emnapi/wasi-threads': [ '1.2.1' ],
48 silly audit   '@fastify/accept-negotiator': [ '1.1.0' ],
48 silly audit   '@fastify/ajv-compiler': [ '3.6.0' ],
48 silly audit   '@fastify/cookie': [ '9.4.0' ],
48 silly audit   '@fastify/deepmerge': [ '2.0.2' ],
48 silly audit   '@fastify/error': [ '3.4.1' ],
48 silly audit   '@fastify/fast-json-stringify-compiler': [ '4.3.0' ],
48 silly audit   '@fastify/flash': [ '5.2.0' ],
48 silly audit   '@fastify/formbody': [ '7.4.0' ],
48 silly audit   '@fastify/merge-json-schemas': [ '0.1.1' ],
48 silly audit   '@fastify/secure-session': [ '7.5.1' ],
48 silly audit   '@fastify/send': [ '2.1.0' ],
48 silly audit   'http-errors': [ '2.0.0', '2.0.1' ],
48 silly audit   statuses: [ '2.0.1', '2.0.2' ],
48 silly audit   '@fastify/sensible': [ '5.6.0' ],
48 silly audit   '@fastify/static': [ '7.0.4' ],
48 silly audit   '@fastify/view': [ '9.1.0' ],
48 silly audit   '@gar/promisify': [ '1.1.3' ],
48 silly audit   '@isaacs/cliui': [ '8.0.2' ],
48 silly audit   '@jridgewell/gen-mapping': [ '0.3.13' ],
48 silly audit   '@jridgewell/resolve-uri': [ '3.1.2' ],
48 silly audit   '@jridgewell/source-map': [ '0.3.11' ],
48 silly audit   '@jridgewell/sourcemap-codec': [ '1.5.5' ],
48 silly audit   '@jridgewell/trace-mapping': [ '0.3.31' ],
48 silly audit   '@lukeed/ms': [ '2.0.2' ],
48 silly audit   '@napi-rs/wasm-runtime': [ '1.1.4' ],
48 silly audit   '@nodelib/fs.scandir': [ '2.1.5' ],
48 silly audit   '@nodelib/fs.stat': [ '2.0.5' ],
48 silly audit   '@nodelib/fs.walk': [ '1.2.8' ],
48 silly audit   '@npmcli/fs': [ '3.1.1', '2.1.2', '1.1.1' ],
48 silly audit   '@npmcli/git': [ '4.1.0' ],
48 silly audit   which: [ '3.0.1', '2.0.2' ],
48 silly audit   '@npmcli/installed-package-contents': [ '2.1.0' ],
48 silly audit   '@npmcli/move-file': [ '2.0.1', '1.1.2' ],
48 silly audit   'brace-expansion': [ '1.1.15', '2.1.1' ],
48 silly audit   glob: [ '7.2.3', '10.5.0', '8.1.0' ],
48 silly audit   minimatch: [ '3.1.5', '5.1.9', '9.0.9' ],
48 silly audit   rimraf: [ '3.0.2', '5.0.10' ],
48 silly audit   '@npmcli/node-gyp': [ '3.0.0' ],
48 silly audit   '@npmcli/promise-spawn': [ '6.0.2' ],
48 silly audit   '@npmcli/run-script': [ '6.0.2' ],
48 silly audit   '@one-ini/wasm': [ '0.1.1' ],
48 silly audit   '@oxc-project/types': [ '0.133.0' ],
48 silly audit   '@pinojs/redact': [ '0.4.0' ],
48 silly audit   '@pkgjs/parseargs': [ '0.11.0' ],
48 silly audit   '@pnpm/config.env-replace': [ '1.1.0' ],
48 silly audit   '@pnpm/network.ca-file': [ '1.0.2' ],
48 silly audit   'graceful-fs': [ '4.2.10', '4.2.11' ],
48 silly audit   '@pnpm/npm-conf': [ '3.0.2' ],
48 silly audit   '@popperjs/core': [ '2.11.8' ],
48 silly audit   '@rails/ujs': [ '7.1.3-4' ],
48 silly audit   '@rolldown/binding-android-arm64': [ '1.0.3' ],
48 silly audit   '@rolldown/binding-darwin-arm64': [ '1.0.3' ],
48 silly audit   '@rolldown/binding-darwin-x64': [ '1.0.3' ],
48 silly audit   '@rolldown/binding-freebsd-x64': [ '1.0.3' ],
48 silly audit   '@rolldown/binding-linux-arm-gnueabihf': [ '1.0.3' ],
48 silly audit   '@rolldown/binding-linux-arm64-gnu': [ '1.0.3' ],
48 silly audit   '@rolldown/binding-linux-arm64-musl': [ '1.0.3' ],
48 silly audit   '@rolldown/binding-linux-ppc64-gnu': [ '1.0.3' ],
48 silly audit   '@rolldown/binding-linux-s390x-gnu': [ '1.0.3' ],
48 silly audit   '@rolldown/binding-linux-x64-gnu': [ '1.0.3' ],
48 silly audit   '@rolldown/binding-linux-x64-musl': [ '1.0.3' ],
48 silly audit   '@rolldown/binding-openharmony-arm64': [ '1.0.3' ],
48 silly audit   '@rolldown/binding-wasm32-wasi': [ '1.0.3' ],
48 silly audit   '@rolldown/binding-win32-arm64-msvc': [ '1.0.3' ],
48 silly audit   '@rolldown/binding-win32-x64-msvc': [ '1.0.3' ],
48 silly audit   '@rolldown/pluginutils': [ '1.0.1' ],
48 silly audit   '@sigstore/bundle': [ '1.1.0' ],
48 silly audit   '@sigstore/protobuf-specs': [ '0.2.1' ],
48 silly audit   '@sigstore/sign': [ '1.0.0' ],
48 silly audit   '@sigstore/tuf': [ '1.0.3' ],
48 silly audit   '@sindresorhus/is': [ '5.6.0' ],
48 silly audit   '@standard-schema/spec': [ '1.1.0' ],
48 silly audit   '@szmarczak/http-timer': [ '5.0.1' ],
48 silly audit   '@tootallnate/once': [ '2.0.1', '1.1.2' ],
48 silly audit   '@tufjs/canonical-json': [ '1.0.0' ],
48 silly audit   '@tufjs/models': [ '1.0.4' ],
48 silly audit   '@tybys/wasm-util': [ '0.10.2' ],
48 silly audit   '@types/chai': [ '5.2.3' ],
48 silly audit   '@types/debug': [ '4.1.13' ],
48 silly audit   '@types/deep-eql': [ '4.0.2' ],
48 silly audit   '@types/estree': [ '1.0.9' ],
48 silly audit   '@types/http-cache-semantics': [ '4.2.0' ],
48 silly audit   '@types/json-schema': [ '7.0.15' ],
48 silly audit   '@types/ms': [ '2.1.0' ],
48 silly audit   '@types/node': [ '20.19.41' ],
48 silly audit   '@types/semver-utils': [ '1.1.3' ],
48 silly audit   '@types/stack-trace': [ '0.0.29' ],
48 silly audit   '@types/validator': [ '13.15.10' ],
48 silly audit   '@vitest/expect': [ '4.1.8' ],
48 silly audit   '@vitest/mocker': [ '4.1.8' ],
48 silly audit   '@vitest/pretty-format': [ '4.1.8' ],
48 silly audit   '@vitest/runner': [ '4.1.8' ],
48 silly audit   '@vitest/snapshot': [ '4.1.8' ],
48 silly audit   '@vitest/spy': [ '4.1.8' ],
48 silly audit   '@vitest/utils': [ '4.1.8' ],
48 silly audit   '@vscode/sqlite3': [ '5.1.2' ],
48 silly audit   '@webassemblyjs/ast': [ '1.14.1' ],
48 silly audit   '@webassemblyjs/floating-point-hex-parser': [ '1.13.2' ],
48 silly audit   '@webassemblyjs/helper-api-error': [ '1.13.2' ],
48 silly audit   '@webassemblyjs/helper-buffer': [ '1.14.1' ],
48 silly audit   '@webassemblyjs/helper-numbers': [ '1.13.2' ],
48 silly audit   '@webassemblyjs/helper-wasm-bytecode': [ '1.13.2' ],
48 silly audit   '@webassemblyjs/helper-wasm-section': [ '1.14.1' ],
48 silly audit   '@webassemblyjs/ieee754': [ '1.13.2' ],
48 silly audit   '@webassemblyjs/leb128': [ '1.13.2' ],
48 silly audit   '@webassemblyjs/utf8': [ '1.13.2' ],
48 silly audit   '@webassemblyjs/wasm-edit': [ '1.14.1' ],
48 silly audit   '@webassemblyjs/wasm-gen': [ '1.14.1' ],
48 silly audit   '@webassemblyjs/wasm-opt': [ '1.14.1' ],
48 silly audit   '@webassemblyjs/wasm-parser': [ '1.14.1' ],
48 silly audit   '@webassemblyjs/wast-printer': [ '1.14.1' ],
48 silly audit   '@webpack-cli/configtest': [ '2.1.1' ],
48 silly audit   '@webpack-cli/info': [ '2.0.2' ],
48 silly audit   '@webpack-cli/serve': [ '2.0.5' ],
48 silly audit   '@xtuc/ieee754': [ '1.2.0' ],
48 silly audit   '@xtuc/long': [ '4.2.2' ],
48 silly audit   abbrev: [ '1.1.1', '2.0.0' ],
48 silly audit   'abort-controller': [ '3.0.0' ],
48 silly audit   'abstract-logging': [ '2.0.1' ],
48 silly audit   acorn: [ '7.4.1', '8.16.0' ],
48 silly audit   'agent-base': [ '6.0.2' ],
48 silly audit   agentkeepalive: [ '4.6.0' ],
48 silly audit   'aggregate-error': [ '3.1.0' ],
48 silly audit   ajv: [ '8.20.0' ],
48 silly audit   'ajv-formats': [ '2.1.1', '3.0.1' ],
48 silly audit   'ajv-keywords': [ '5.1.0' ],
48 silly audit   'fast-uri': [ '3.1.2', '2.4.0' ],
48 silly audit   'ansi-align': [ '3.0.1' ],
48 silly audit   'ansi-regex': [ '5.0.1', '6.2.2' ],
48 silly audit   'emoji-regex': [ '8.0.0', '9.2.2' ],
48 silly audit   'string-width': [ '4.2.3', '5.1.2' ],
48 silly audit   'strip-ansi': [ '6.0.1', '7.2.0' ],
48 silly audit   'ansi-styles': [ '4.3.0', '6.2.3' ],
48 silly audit   anymatch: [ '3.1.3' ],
48 silly audit   aproba: [ '2.1.0' ],
48 silly audit   'are-we-there-yet': [ '3.0.1' ],
48 silly audit   argparse: [ '2.0.1' ],
48 silly audit   'array-union': [ '2.1.0' ],
48 silly audit   asap: [ '2.0.6' ],
48 silly audit   'assert-never': [ '1.4.0' ],
48 silly audit   'assertion-error': [ '2.0.1' ],
48 silly audit   'at-least-node': [ '1.0.0' ],
48 silly audit   'atomic-sleep': [ '1.0.0' ],
48 silly audit   avvio: [ '8.4.0' ],
48 silly audit   'babel-walk': [ '3.0.0-canary-5' ],
48 silly audit   'balanced-match': [ '1.0.2' ],
48 silly audit   'bare-addon-resolve': [ '1.10.0' ],
48 silly audit   'bare-module-resolve': [ '1.12.2' ],
48 silly audit   'bare-semver': [ '1.0.3' ],
48 silly audit   'base64-js': [ '1.5.1' ],
48 silly audit   'baseline-browser-mapping': [ '2.10.33' ],
48 silly audit   'better-sqlite3': [ '12.10.0' ],
48 silly audit   'binary-extensions': [ '2.3.0' ],
48 silly audit   bindings: [ '1.5.0' ],
48 silly audit   bl: [ '4.1.0' ],
48 silly audit   bluebird: [ '3.7.2' ],
48 silly audit   bootstrap: [ '5.3.8' ],
48 silly audit   boxen: [ '7.1.1' ],
48 silly audit   chalk: [ '5.6.2', '4.1.2' ],
48 silly audit   braces: [ '3.0.3' ],
48 silly audit   browserslist: [ '4.28.2' ],
48 silly audit   buffer: [ '5.7.1', '6.0.3' ],
48 silly audit   'buffer-from': [ '1.1.2' ],
48 silly audit   cacache: [ '17.1.4', '16.1.3', '15.3.0' ],
48 silly audit   'cacheable-lookup': [ '7.0.0' ],
48 silly audit   'cacheable-request': [ '10.2.14' ],
48 silly audit   'mimic-response': [ '4.0.0', '3.1.0' ],
48 silly audit   'call-bind-apply-helpers': [ '1.0.2' ],
48 silly audit   'call-bound': [ '1.0.4' ],
48 silly audit   camelcase: [ '7.0.1' ],
48 silly audit   'caniuse-lite': [ '1.0.30001793' ],
48 silly audit   chai: [ '6.2.2' ],
48 silly audit   'supports-color': [ '7.2.0', '8.1.1' ],
48 silly audit   'character-parser': [ '2.2.0' ],
48 silly audit   chokidar: [ '3.6.0' ],
48 silly audit   chownr: [ '2.0.0', '1.1.4' ],
48 silly audit   'chrome-trace-event': [ '1.0.4' ],
48 silly audit   'ci-info': [ '3.9.0' ],
48 silly audit   'clean-stack': [ '2.2.0' ],
48 silly audit   'cli-boxes': [ '3.0.0' ],
48 silly audit   'cli-table3': [ '0.6.5' ],
48 silly audit   cliui: [ '8.0.1', '7.0.4' ],
48 silly audit   'wrap-ansi': [ '7.0.0', '8.1.0' ],
48 silly audit   'clone-deep': [ '4.0.1' ],
48 silly audit   'close-with-grace': [ '1.3.0' ],
48 silly audit   'color-convert': [ '2.0.1' ],
48 silly audit   'color-name': [ '1.1.4' ],
48 silly audit   'color-support': [ '1.1.3' ],
48 silly audit   colorette: [ '2.0.19' ],
48 silly audit   commander: [ '10.0.1', '2.20.3' ],
48 silly audit   commist: [ '3.2.0' ],
48 silly audit   'concat-map': [ '0.0.1' ],
48 silly audit   concurrently: [ '8.2.2' ],
48 silly audit   'config-chain': [ '1.1.13' ],
48 silly audit   ini: [ '1.3.8', '2.0.0', '4.1.3' ],
48 silly audit   configstore: [ '6.0.0' ],
48 silly audit   'console-control-strings': [ '1.1.0' ],
48 silly audit   constantinople: [ '4.0.1' ],
48 silly audit   'content-disposition': [ '0.5.4' ],
48 silly audit   'convert-source-map': [ '2.0.0' ],
48 silly audit   cookie: [ '0.7.2', '0.4.2' ],
48 silly audit   'cookie-signature': [ '1.2.2' ],
48 silly audit   'cross-spawn': [ '7.0.6' ],
48 silly audit   'crypto-random-string': [ '4.0.0' ],
48 silly audit   'type-fest': [ '1.4.0', '2.19.0' ],
48 silly audit   'css-loader': [ '7.1.4' ],
48 silly audit   cssesc: [ '3.0.0' ],
48 silly audit   'date-fns': [ '2.30.0' ],
48 silly audit   dateformat: [ '4.6.3' ],
48 silly audit   'db-errors': [ '0.2.3' ],
48 silly audit   debug: [ '4.3.4', '4.4.3' ],
48 silly audit   'decompress-response': [ '6.0.0' ],
48 silly audit   'deep-extend': [ '0.6.0' ],
48 silly audit   'defer-to-connect': [ '2.0.1' ],
48 silly audit   delegates: [ '1.0.0' ],
48 silly audit   depd: [ '2.0.0' ],
48 silly audit   'detect-libc': [ '2.1.2' ],
48 silly audit   'dir-glob': [ '3.0.1' ],
48 silly audit   doctypes: [ '1.1.0' ],
48 silly audit   'dot-prop': [ '6.0.1' ],
48 silly audit   dotenv: [ '16.6.1' ],
48 silly audit   dottie: [ '2.0.7' ],
48 silly audit   'dunder-proto': [ '1.0.1' ],
48 silly audit   eastasianwidth: [ '0.2.0' ],
48 silly audit   editorconfig: [ '1.0.7' ],
48 silly audit   'electron-to-chromium': [ '1.5.364' ],
48 silly audit   encoding: [ '0.1.13' ],
48 silly audit   'end-of-stream': [ '1.4.5' ],
48 silly audit   'enhanced-resolve': [ '5.22.1' ],
48 silly audit   entities: [ '3.0.1' ],
48 silly audit   'env-paths': [ '2.2.1' ],
48 silly audit   envinfo: [ '7.21.0' ],
48 silly audit   'err-code': [ '2.0.3' ],
48 silly audit   'es-define-property': [ '1.0.1' ],
48 silly audit   'es-errors': [ '1.3.0' ],
48 silly audit   'es-module-lexer': [ '2.1.0' ],
48 silly audit   'es-object-atoms': [ '1.1.2' ],
48 silly audit   escalade: [ '3.2.0' ],
48 silly audit   'escape-goat': [ '4.0.0' ],
48 silly audit   'escape-html': [ '1.0.3' ],
48 silly audit   'eslint-scope': [ '5.1.1' ],
48 silly audit   esm: [ '3.2.25' ],
48 silly audit   esrecurse: [ '4.3.0' ],
48 silly audit   estraverse: [ '5.3.0', '4.3.0' ],
48 silly audit   'estree-walker': [ '3.0.3' ],
48 silly audit   'event-target-shim': [ '5.0.1' ],
48 silly audit   events: [ '3.3.0' ],
48 silly audit   'expand-template': [ '2.0.3' ],
48 silly audit   'expect-type': [ '1.3.0' ],
48 silly audit   'exponential-backoff': [ '3.1.3' ],
48 silly audit   'fast-content-type-parse': [ '1.1.0' ],
48 silly audit   'fast-copy': [ '3.0.2' ],
48 silly audit   'fast-decode-uri-component': [ '1.0.1' ],
48 silly audit   'fast-deep-equal': [ '3.1.3' ],
48 silly audit   'fast-glob': [ '3.3.3' ],
48 silly audit   'fast-json-stringify': [ '5.16.1' ],
48 silly audit   'fast-memoize': [ '2.5.2' ],
48 silly audit   'fast-querystring': [ '1.1.2' ],
48 silly audit   'fast-safe-stringify': [ '2.1.1' ],
48 silly audit   'fastest-levenshtein': [ '1.0.16' ],
48 silly audit   fastify: [ '4.29.1' ],
48 silly audit   'fastify-cli': [ '6.3.0' ],
48 silly audit   'fastify-error-page': [ '4.0.0' ],
48 silly audit   'fastify-plugin': [ '2.3.4', '4.5.1', '3.0.1' ],
48 silly audit   'fastify-method-override': [ '1.5.10' ],
48 silly audit   'fastify-objectionjs': [ '2.0.1' ],
48 silly audit   knex: [ '2.5.1', '3.2.10' ],
48 silly audit   'pg-connection-string': [ '2.6.1', '2.6.2', '2.13.0' ],
48 silly audit   'fastify-reverse-routes': [ '3.0.0' ],
48 silly audit   fastq: [ '1.20.1' ],
48 silly audit   'file-uri-to-path': [ '1.0.0' ],
48 silly audit   'fill-range': [ '7.1.1' ],
48 silly audit   'find-my-way': [ '8.2.2' ],
48 silly audit   'find-up': [ '5.0.0', '4.1.0', '3.0.0' ],
48 silly audit   flat: [ '5.0.2' ],
48 silly audit   'foreground-child': [ '3.3.1' ],
48 silly audit   'form-data-encoder': [ '2.1.4' ],
48 silly audit   forwarded: [ '0.2.0' ],
48 silly audit   'fp-and-or': [ '0.1.4' ],
48 silly audit   'fs-constants': [ '1.0.0' ],
48 silly audit   'fs-extra': [ '9.1.0' ],
48 silly audit   'fs-minipass': [ '3.0.3', '2.1.0' ],
48 silly audit   'fs.realpath': [ '1.0.0' ],
48 silly audit   fsevents: [ '2.3.3' ],
48 silly audit   'function-bind': [ '1.1.2' ],
48 silly audit   gauge: [ '4.0.4' ],
48 silly audit   'signal-exit': [ '3.0.7', '4.1.0' ],
48 silly audit   generify: [ '4.2.0' ],
48 silly audit   'get-caller-file': [ '2.0.5' ],
48 silly audit   'get-intrinsic': [ '1.3.0' ],
48 silly audit   'get-package-type': [ '0.1.0' ],
48 silly audit   'get-proto': [ '1.0.1' ],
48 silly audit   'get-stdin': [ '8.0.0' ],
48 silly audit   'get-stream': [ '6.0.1' ],
48 silly audit   getopts: [ '2.3.0' ],
48 silly audit   'github-from-package': [ '0.0.0' ],
48 silly audit   'glob-parent': [ '5.1.2' ],
48 silly audit   'glob-to-regexp': [ '0.4.1' ],
48 silly audit   'global-dirs': [ '3.0.1' ],
48 silly audit   globby: [ '11.1.0' ],
48 silly audit   gopd: [ '1.2.0' ],
48 silly audit   got: [ '12.6.1' ],
48 silly audit   'has-flag': [ '4.0.0' ],
48 silly audit   'has-symbols': [ '1.1.0' ],
48 silly audit   'has-tostringtag': [ '1.0.2' ],
48 silly audit   'has-unicode': [ '2.0.1' ],
48 silly audit   'has-yarn': [ '3.0.0' ],
48 silly audit   hasown: [ '2.0.4' ],
48 silly audit   'help-me': [ '4.2.0', '5.0.0' ],
48 silly audit   'hosted-git-info': [ '5.2.1', '6.1.3' ],
48 silly audit   'http-cache-semantics': [ '4.2.0' ],
48 silly audit   'http-proxy-agent': [ '5.0.0', '4.0.1' ],
48 silly audit   'http2-wrapper': [ '2.2.1' ],
48 silly audit   'https-proxy-agent': [ '5.0.1' ],
48 silly audit   'humanize-ms': [ '1.2.1' ],
48 silly audit   i18next: [ '23.16.8' ],
48 silly audit   'iconv-lite': [ '0.6.3' ],
48 silly audit   'icss-utils': [ '5.1.0' ],
48 silly audit   ieee754: [ '1.2.1' ],
48 silly audit   ignore: [ '5.3.2' ],
48 silly audit   'ignore-walk': [ '6.0.5' ],
48 silly audit   'import-lazy': [ '4.0.0' ],
48 silly audit   'import-local': [ '3.2.0' ],
48 silly audit   imurmurhash: [ '0.1.4' ],
48 silly audit   'indent-string': [ '4.0.0' ],
48 silly audit   'infer-owner': [ '1.0.4' ],
48 silly audit   inflection: [ '1.13.4' ],
48 silly audit   inflight: [ '1.0.6' ],
48 silly audit   inherits: [ '2.0.4' ],
48 silly audit   interpret: [ '2.2.0', '3.1.1' ],
48 silly audit   'ip-address': [ '10.2.0' ],
48 silly audit   'ipaddr.js': [ '1.9.1' ],
48 silly audit   'is-binary-path': [ '2.1.0' ],
48 silly audit   'is-ci': [ '3.0.1' ],
48 silly audit   'is-core-module': [ '2.16.2' ],
48 silly audit   'is-docker': [ '2.2.1' ],
48 silly audit   'is-expression': [ '4.0.0' ],
48 silly audit   'is-extglob': [ '2.1.1' ],
48 silly audit   'is-fullwidth-code-point': [ '3.0.0' ],
48 silly audit   'is-glob': [ '4.0.3' ],
48 silly audit   'is-installed-globally': [ '0.4.0' ],
48 silly audit   'is-lambda': [ '1.0.1' ],
48 silly audit   'is-npm': [ '6.1.0' ],
48 silly audit   'is-number': [ '7.0.0' ],
48 silly audit   'is-obj': [ '2.0.0' ],
48 silly audit   'is-path-inside': [ '3.0.3' ],
48 silly audit   'is-plain-object': [ '2.0.4' ],
48 silly audit   'is-promise': [ '2.2.2' ],
48 silly audit   'is-regex': [ '1.2.1' ],
48 silly audit   'is-typedarray': [ '1.0.0' ],
48 silly audit   'is-yarn-global': [ '0.4.1' ],
48 silly audit   isbinaryfile: [ '4.0.10' ],
48 silly audit   isexe: [ '2.0.0' ],
48 silly audit   isobject: [ '3.0.1' ],
48 silly audit   jackspeak: [ '3.4.3' ],
48 silly audit   'jest-worker': [ '27.5.1' ],
48 silly audit   jju: [ '1.4.0' ],
48 silly audit   joycon: [ '3.1.1' ],
48 silly audit   jquery: [ '3.7.1' ],
48 silly audit   'js-beautify': [ '1.15.4' ],
48 silly audit   nopt: [ '7.2.1', '6.0.0', '5.0.0' ],
48 silly audit   'js-cookie': [ '3.0.8' ],
48 silly audit   'js-stringify': [ '1.0.2' ],
48 silly audit   'js-yaml': [ '4.2.0' ],
48 silly audit   'json-buffer': [ '3.0.1' ],
48 silly audit   'json-parse-even-better-errors': [ '3.0.2' ],
48 silly audit   'json-parse-helpfulerror': [ '1.0.3' ],
48 silly audit   'json-schema-ref-resolver': [ '1.0.1' ],
48 silly audit   'json-schema-traverse': [ '1.0.0' ],
48 silly audit   json5: [ '2.2.3' ],
48 silly audit   jsonfile: [ '6.2.1' ],
48 silly audit   jsonlines: [ '0.1.1' ],
48 silly audit   jsonparse: [ '1.3.1' ],
48 silly audit   jstransformer: [ '1.0.0' ],
48 silly audit   'jstransformer-markdown-it': [ '3.0.0' ],
48 silly audit   keyv: [ '4.5.4' ],
48 silly audit   'kind-of': [ '6.0.3' ],
48 silly audit   kleur: [ '4.1.5' ],
48 silly audit   'latest-version': [ '7.0.0' ],
48 silly audit   'light-my-request': [ '5.14.0' ],
48 silly audit   lightningcss: [ '1.32.0' ],
48 silly audit   'lightningcss-android-arm64': [ '1.32.0' ],
48 silly audit   'lightningcss-darwin-arm64': [ '1.32.0' ],
48 silly audit   'lightningcss-darwin-x64': [ '1.32.0' ],
48 silly audit   'lightningcss-freebsd-x64': [ '1.32.0' ],
48 silly audit   'lightningcss-linux-arm-gnueabihf': [ '1.32.0' ],
48 silly audit   'lightningcss-linux-arm64-gnu': [ '1.32.0' ],
48 silly audit   'lightningcss-linux-arm64-musl': [ '1.32.0' ],
48 silly audit   'lightningcss-linux-x64-gnu': [ '1.32.0' ],
48 silly audit   'lightningcss-linux-x64-musl': [ '1.32.0' ],
48 silly audit   'lightningcss-win32-arm64-msvc': [ '1.32.0' ],
48 silly audit   'lightningcss-win32-x64-msvc': [ '1.32.0' ],
48 silly audit   'linkify-it': [ '4.0.1' ],
48 silly audit   'loader-runner': [ '4.3.2' ],
48 silly audit   'locate-path': [ '6.0.0', '5.0.0', '3.0.0' ],
48 silly audit   lodash: [ '4.18.1' ],
48 silly audit   'lodash.castarray': [ '4.4.0' ],
48 silly audit   'lodash.compact': [ '3.0.1' ],
48 silly audit   'lodash.isempty': [ '4.4.0' ],
48 silly audit   'lowercase-keys': [ '3.0.0' ],
48 silly audit   'lru-cache': [ '7.18.3', '10.4.3', '6.0.0' ],
48 silly audit   'magic-string': [ '0.30.21' ],
48 silly audit   'make-fetch-happen': [ '11.1.1', '10.2.1', '9.1.0' ],
48 silly audit   minipass: [ '5.0.0', '7.1.3', '3.3.6' ],
48 silly audit   makeerror: [ '1.0.12' ],
48 silly audit   'markdown-it': [ '13.0.2' ],
48 silly audit   'math-intrinsics': [ '1.1.0' ],
48 silly audit   mdurl: [ '1.0.1' ],
48 silly audit   'media-typer': [ '0.3.0' ],
48 silly audit   'merge-stream': [ '2.0.0' ],
48 silly audit   merge2: [ '1.4.1' ],
48 silly audit   micromatch: [ '4.0.8' ],
48 silly audit   mime: [ '3.0.0' ],
48 silly audit   'mime-db': [ '1.52.0', '1.54.0' ],
48 silly audit   'mime-types': [ '2.1.35' ],
48 silly audit   'mini-css-extract-plugin': [ '2.10.2' ],
48 silly audit   minimist: [ '1.2.8' ],
48 silly audit   'minipass-collect': [ '1.0.2' ],
48 silly audit   'minipass-fetch': [ '3.0.5', '2.1.2', '1.4.1' ],
48 silly audit   'minipass-flush': [ '1.0.7' ],
48 silly audit   'minipass-json-stream': [ '1.0.2' ],
48 silly audit   'minipass-pipeline': [ '1.2.4' ],
48 silly audit   'minipass-sized': [ '1.0.3' ],
48 silly audit   minizlib: [ '2.1.2' ],
48 silly audit   mkdirp: [ '1.0.4' ],
48 silly audit   'mkdirp-classic': [ '0.5.3' ],
48 silly audit   moment: [ '2.30.1' ],
48 silly audit   'moment-timezone': [ '0.5.48' ],
48 silly audit   ms: [ '2.1.2', '2.1.3' ],
48 silly audit   mustache: [ '4.2.0' ],
48 silly audit   nanoid: [ '3.3.12' ],
48 silly audit   'napi-build-utils': [ '2.0.0' ],
48 silly audit   negotiator: [ '0.6.4' ],
48 silly audit   'neo-async': [ '2.6.2' ],
48 silly audit   'node-abi': [ '3.92.0' ],
48 silly audit   'node-addon-api': [ '4.3.0', '7.1.1' ],
48 silly audit   'node-gyp': [ '9.4.1', '8.4.1' ],
48 silly audit   ssri: [ '9.0.1', '8.0.1', '10.0.6' ],
48 silly audit   'unique-filename': [ '2.0.1', '1.1.1', '3.0.0' ],
48 silly audit   'unique-slug': [ '3.0.0', '2.0.2', '4.0.0' ],
48 silly audit   'node-releases': [ '2.0.46' ],
48 silly audit   'normalize-package-data': [ '5.0.0' ],
48 silly audit   'normalize-path': [ '3.0.0' ],
48 silly audit   'normalize-url': [ '8.1.1' ],
48 silly audit   'npm-bundled': [ '3.0.1' ],
48 silly audit   'npm-check-updates': [ '16.14.20' ],
48 silly audit   'npm-install-checks': [ '6.3.0' ],
48 silly audit   'npm-normalize-package-bin': [ '3.0.1' ],
48 silly audit   'npm-package-arg': [ '10.1.0' ],
48 silly audit   'npm-packlist': [ '7.0.4' ],
48 silly audit   'npm-pick-manifest': [ '8.0.2' ],
48 silly audit   'npm-registry-fetch': [ '14.0.5' ],
48 silly audit   npmlog: [ '6.0.2' ],
48 silly audit   'object-assign': [ '4.1.1' ],
48 silly audit   'object-inspect': [ '1.13.4' ],
48 silly audit   objection: [ '3.1.5' ],
48 silly audit   'objection-unique': [ '1.2.2' ],
48 silly audit   obug: [ '2.1.1' ],
48 silly audit   'on-exit-leak-free': [ '2.1.2' ],
48 silly audit   once: [ '1.4.0' ],
48 silly audit   'p-cancelable': [ '3.0.0' ],
48 silly audit   'p-limit': [ '3.1.0', '2.3.0' ],
48 silly audit   'p-locate': [ '5.0.0', '4.1.0', '3.0.0' ],
48 silly audit   'p-map': [ '4.0.0' ],
48 silly audit   'p-try': [ '2.2.0' ],
48 silly audit   'package-json': [ '8.1.1' ],
48 silly audit   'package-json-from-dist': [ '1.0.1' ],
48 silly audit   pacote: [ '15.2.0' ],
48 silly audit   'parse-github-url': [ '1.0.4' ],
48 silly audit   'path-exists': [ '4.0.0', '3.0.0' ],
48 silly audit   'path-is-absolute': [ '1.0.1' ],
48 silly audit   'path-key': [ '3.1.1' ],
48 silly audit   'path-parse': [ '1.0.7' ],
48 silly audit   'path-scurry': [ '1.11.1' ],
48 silly audit   'path-to-regexp': [ '6.3.0' ],
48 silly audit   'path-type': [ '4.0.0' ],
48 silly audit   pathe: [ '2.0.3' ],
48 silly audit   pg: [ '8.21.0' ],
48 silly audit   'pg-cloudflare': [ '1.4.0' ],
48 silly audit   'pg-int8': [ '1.0.1' ],
48 silly audit   'pg-pool': [ '3.14.0' ],
48 silly audit   'pg-protocol': [ '1.14.0' ],
48 silly audit   'pg-types': [ '2.2.0' ],
48 silly audit   pgpass: [ '1.0.5' ],
48 silly audit   split2: [ '4.2.0', '3.2.2' ],
48 silly audit   picocolors: [ '1.1.1' ],
48 silly audit   picomatch: [ '2.3.2', '4.0.4' ],
48 silly audit   pino: [ '9.14.0' ],
48 silly audit   'pino-abstract-transport': [ '2.0.0' ],
48 silly audit   'pino-pretty': [ '11.3.0' ],
48 silly audit   'readable-stream': [ '4.7.0', '3.6.2' ],
48 silly audit   'strip-json-comments': [ '3.1.1', '2.0.1', '5.0.3' ],
48 silly audit   'pino-std-serializers': [ '7.1.0' ],
48 silly audit   'process-warning': [ '5.0.0', '3.0.0' ],
48 silly audit   'pkg-dir': [ '4.2.0' ],
48 silly audit   'pkg-up': [ '3.1.0' ],
48 silly audit   postcss: [ '8.5.15' ],
48 silly audit   'postcss-modules-extract-imports': [ '3.1.0' ],
48 silly audit   'postcss-modules-local-by-default': [ '4.2.0' ],
48 silly audit   'postcss-modules-scope': [ '3.2.1' ],
48 silly audit   'postcss-modules-values': [ '4.0.0' ],
48 silly audit   'postcss-selector-parser': [ '7.1.1' ],
48 silly audit   'postcss-value-parser': [ '4.2.0' ],
48 silly audit   'postgres-array': [ '2.0.0' ],
48 silly audit   'postgres-bytea': [ '1.0.1' ],
48 silly audit   'postgres-date': [ '1.0.7' ],
48 silly audit   'postgres-interval': [ '1.2.0' ],
48 silly audit   'prebuild-install': [ '7.1.3' ],
48 silly audit   'proc-log': [ '3.0.0' ],
48 silly audit   process: [ '0.11.10' ],
48 silly audit   progress: [ '2.0.3' ],
48 silly audit   promise: [ '7.3.1' ],
48 silly audit   'promise-inflight': [ '1.0.1' ],
48 silly audit   'promise-retry': [ '2.0.1' ],
48 silly audit   'prompts-ncu': [ '3.0.2' ],
48 silly audit   'proto-list': [ '1.2.4' ],
48 silly audit   'proxy-addr': [ '2.0.7' ],
48 silly audit   pug: [ '3.0.4' ],
48 silly audit   'pug-attrs': [ '3.0.0' ],
48 silly audit   'pug-code-gen': [ '3.0.4' ],
48 silly audit   'pug-error': [ '2.1.0' ],
48 silly audit   'pug-filters': [ '4.0.0' ],
48 silly audit   'pug-lexer': [ '5.0.1' ],
48 silly audit   'pug-linker': [ '4.0.0' ],
48 silly audit   'pug-load': [ '3.0.0' ],
48 silly audit   'pug-parser': [ '6.0.0' ],
48 silly audit   'pug-runtime': [ '3.0.1' ],
48 silly audit   'pug-strip-comments': [ '2.0.0' ],
48 silly audit   'pug-walk': [ '2.0.0' ],
48 silly audit   pump: [ '3.0.4' ],
48 silly audit   pupa: [ '3.3.0' ],
48 silly audit   qs: [ '6.15.2' ],
48 silly audit   'queue-microtask': [ '1.2.3' ],
48 silly audit   'quick-format-unescaped': [ '4.0.4' ],
48 silly audit   'quick-lru': [ '5.1.1' ],
48 silly audit   rc: [ '1.2.8' ],
48 silly audit   'rc-config-loader': [ '4.1.4' ],
48 silly audit   'read-package-json': [ '6.0.4' ],
48 silly audit   'read-package-json-fast': [ '3.0.2' ],
48 silly audit   readdirp: [ '3.6.0' ],
48 silly audit   'real-require': [ '0.2.0' ],
48 silly audit   rechoir: [ '0.8.0' ],
48 silly audit   'registry-auth-token': [ '5.1.1' ],
48 silly audit   'registry-url': [ '6.0.1' ],
48 silly audit   'remote-git-tags': [ '3.0.0' ],
48 silly audit   'require-addon': [ '1.2.0' ],
48 silly audit   'require-directory': [ '2.1.1' ],
48 silly audit   'require-from-string': [ '2.0.2' ],
48 silly audit   resolve: [ '1.22.12' ],
48 silly audit   'resolve-alpn': [ '1.2.1' ],
48 silly audit   'resolve-cwd': [ '3.0.0' ],
48 silly audit   'resolve-from': [ '5.0.0' ],
48 silly audit   responselike: [ '3.0.0' ],
48 silly audit   ret: [ '0.4.3' ],
48 silly audit   retry: [ '0.12.0' ],
48 silly audit   'retry-as-promised': [ '7.1.1' ],
48 silly audit   reusify: [ '1.1.0' ],
48 silly audit   rfdc: [ '1.4.1' ],
48 silly audit   rolldown: [ '1.0.3' ],
48 silly audit   'run-parallel': [ '1.2.0' ],
48 silly audit   rxjs: [ '7.8.2' ],
48 silly audit   'safe-buffer': [ '5.2.1' ],
48 silly audit   'safe-regex2': [ '3.1.0' ],
48 silly audit   'safe-stable-stringify': [ '2.5.0' ],
48 silly audit   'safer-buffer': [ '2.1.2' ],
48 silly audit   'schema-utils': [ '4.3.3' ],
48 silly audit   'secure-json-parse': [ '2.7.0' ],
48 silly audit   semver: [ '7.8.1' ],
48 silly audit   'semver-diff': [ '4.0.0' ],
48 silly audit   'semver-utils': [ '1.1.4' ],
48 silly audit   sequelize: [ '6.37.8' ],
48 silly audit   'sequelize-cli': [ '6.6.5' ],
48 silly audit   yargs: [ '16.2.0', '17.7.2' ],
48 silly audit   'yargs-parser': [ '20.2.9', '21.1.1' ],
48 silly audit   'sequelize-pool': [ '7.1.0' ],
48 silly audit   'set-blocking': [ '2.0.0' ],
48 silly audit   'set-cookie-parser': [ '2.7.2' ],
48 silly audit   setprototypeof: [ '1.2.0' ],
48 silly audit   'shallow-clone': [ '3.0.1' ],
48 silly audit   'shebang-command': [ '2.0.0' ],
48 silly audit   'shebang-regex': [ '3.0.0' ],
48 silly audit   'shell-quote': [ '1.8.4' ],
48 silly audit   'side-channel': [ '1.1.0' ],
48 silly audit   'side-channel-list': [ '1.0.1' ],
48 silly audit   'side-channel-map': [ '1.0.1' ],
48 silly audit   'side-channel-weakmap': [ '1.0.2' ],
48 silly audit   siginfo: [ '2.0.0' ],
48 silly audit   sigstore: [ '1.9.0' ],
48 silly audit   'simple-concat': [ '1.0.1' ],
48 silly audit   'simple-get': [ '4.0.1' ],
48 silly audit   sisteransi: [ '1.0.5' ],
48 silly audit   slash: [ '3.0.0' ],
48 silly audit   'smart-buffer': [ '4.2.0' ],
48 silly audit   socks: [ '2.8.9' ],
48 silly audit   'socks-proxy-agent': [ '7.0.0', '6.2.1' ],
48 silly audit   'sodium-native': [ '4.3.3' ],
48 silly audit   'sonic-boom': [ '4.2.1' ],
48 silly audit   'source-map': [ '0.6.1' ],
48 silly audit   'source-map-js': [ '1.2.1' ],
48 silly audit   'source-map-support': [ '0.5.21' ],
48 silly audit   'spawn-command': [ '0.0.2' ],
48 silly audit   'spawn-please': [ '2.0.2' ],
48 silly audit   'spdx-correct': [ '3.2.0' ],
48 silly audit   'spdx-exceptions': [ '2.5.0' ],
48 silly audit   'spdx-expression-parse': [ '3.0.1' ],
48 silly audit   'spdx-license-ids': [ '3.0.23' ],
48 silly audit   sqlite3: [ '5.1.7' ],
48 silly audit   'stack-trace': [ '0.0.10' ],
48 silly audit   stackback: [ '0.0.2' ],
48 silly audit   'std-env': [ '4.1.0' ],
48 silly audit   string_decoder: [ '1.3.0' ],
48 silly audit   'style-loader': [ '4.0.0' ],
48 silly audit   'supports-preserve-symlinks-flag': [ '1.0.0' ],
48 silly audit   tapable: [ '2.3.3' ],
48 silly audit   tar: [ '6.2.1' ],
48 silly audit   'tar-fs': [ '2.1.4' ],
48 silly audit   'tar-stream': [ '2.2.0' ],
48 silly audit   tarn: [ '3.0.2' ],
48 silly audit   terser: [ '5.48.0' ],
48 silly audit   'terser-webpack-plugin': [ '5.6.1' ],
48 silly audit   'thread-stream': [ '3.1.0' ],
48 silly audit   tildify: [ '2.0.0' ],
48 silly audit   tinybench: [ '2.9.0' ],
48 silly audit   tinyexec: [ '1.2.4' ],
48 silly audit   tinyglobby: [ '0.2.17' ],
48 silly audit   fdir: [ '6.5.0' ],
48 silly audit   tinyrainbow: [ '3.1.0' ],
48 silly audit   tmpl: [ '1.0.5' ],
48 silly audit   'to-regex-range': [ '5.0.1' ],
48 silly audit   'toad-cache': [ '3.7.1' ],
48 silly audit   toidentifier: [ '1.0.1' ],
48 silly audit   'token-stream': [ '1.0.0' ],
48 silly audit   'toposort-class': [ '1.0.1' ],
48 silly audit   'tree-kill': [ '1.2.2' ],
48 silly audit   tslib: [ '2.8.1' ],
48 silly audit   'tuf-js': [ '1.1.7' ],
48 silly audit   'tunnel-agent': [ '0.6.0' ],
48 silly audit   'type-is': [ '1.6.18' ],
48 silly audit   'typedarray-to-buffer': [ '3.1.5' ],
48 silly audit   'uc.micro': [ '1.0.6' ],
48 silly audit   umzug: [ '2.3.0' ],
48 silly audit   'undici-types': [ '6.21.0' ],
48 silly audit   'unique-string': [ '3.0.0' ],
48 silly audit   universalify: [ '2.0.1' ],
48 silly audit   untildify: [ '4.0.0' ],
48 silly audit   'update-browserslist-db': [ '1.2.3' ],
48 silly audit   'update-notifier': [ '6.0.2' ],
48 silly audit   'util-deprecate': [ '1.0.2' ],
48 silly audit   uuid: [ '8.3.2' ],
48 silly audit   'validate-npm-package-license': [ '3.0.4' ],
48 silly audit   'validate-npm-package-name': [ '5.0.1' ],
48 silly audit   validator: [ '13.15.35' ],
48 silly audit   vary: [ '1.1.2' ],
48 silly audit   vite: [ '8.0.16' ],
48 silly audit   vitest: [ '4.1.8' ],
48 silly audit   'void-elements': [ '3.1.0' ],
48 silly audit   walker: [ '1.0.8' ],
48 silly audit   watchpack: [ '2.5.1' ],
48 silly audit   webpack: [ '5.107.2' ],
48 silly audit   'webpack-cli': [ '5.1.4' ],
48 silly audit   'webpack-merge': [ '5.10.0' ],
48 silly audit   'webpack-sources': [ '3.5.0' ],
48 silly audit   'acorn-import-phases': [ '1.0.4' ],
48 silly audit   'why-is-node-running': [ '2.3.0' ],
48 silly audit   'wide-align': [ '1.1.5' ],
48 silly audit   'widest-line': [ '4.0.1' ],
48 silly audit   wildcard: [ '2.0.1' ],
48 silly audit   with: [ '7.0.2' ],
48 silly audit   wkx: [ '0.5.0' ],
48 silly audit   wrappy: [ '1.0.2' ],
48 silly audit   'write-file-atomic': [ '3.0.3' ],
48 silly audit   'xdg-basedir': [ '5.1.0' ],
48 silly audit   xtend: [ '4.0.2' ],
48 silly audit   y18n: [ '5.0.8' ],
48 silly audit   yallist: [ '4.0.0' ],
48 silly audit   'yocto-queue': [ '0.1.0' ],
48 silly audit   youch: [ '2.2.2' ]
48 silly audit }
49 verbose reify failed optional dependency /root/node_modules/lightningcss-win32-x64-msvc
50 silly reify mark deleted [ '/root/node_modules/lightningcss-win32-x64-msvc' ]
51 verbose reify failed optional dependency /root/node_modules/lightningcss-win32-arm64-msvc
52 silly reify mark deleted [ '/root/node_modules/lightningcss-win32-arm64-msvc' ]
53 verbose reify failed optional dependency /root/node_modules/lightningcss-linux-x64-musl
54 silly reify mark deleted [ '/root/node_modules/lightningcss-linux-x64-musl' ]
55 verbose reify failed optional dependency /root/node_modules/lightningcss-linux-x64-gnu
56 silly reify mark deleted [ '/root/node_modules/lightningcss-linux-x64-gnu' ]
57 verbose reify failed optional dependency /root/node_modules/lightningcss-linux-arm-gnueabihf
58 silly reify mark deleted [ '/root/node_modules/lightningcss-linux-arm-gnueabihf' ]
59 verbose reify failed optional dependency /root/node_modules/lightningcss-freebsd-x64
60 silly reify mark deleted [ '/root/node_modules/lightningcss-freebsd-x64' ]
61 verbose reify failed optional dependency /root/node_modules/lightningcss-darwin-x64
62 silly reify mark deleted [ '/root/node_modules/lightningcss-darwin-x64' ]
63 verbose reify failed optional dependency /root/node_modules/lightningcss-darwin-arm64
64 silly reify mark deleted [ '/root/node_modules/lightningcss-darwin-arm64' ]
65 verbose reify failed optional dependency /root/node_modules/lightningcss-android-arm64
66 silly reify mark deleted [ '/root/node_modules/lightningcss-android-arm64' ]
67 verbose reify failed optional dependency /root/node_modules/fsevents
68 silly reify mark deleted [ '/root/node_modules/fsevents' ]
69 verbose reify failed optional dependency /root/node_modules/@rolldown/binding-win32-x64-msvc
70 silly reify mark deleted [ '/root/node_modules/@rolldown/binding-win32-x64-msvc' ]
71 verbose reify failed optional dependency /root/node_modules/@rolldown/binding-win32-arm64-msvc
72 silly reify mark deleted [ '/root/node_modules/@rolldown/binding-win32-arm64-msvc' ]
73 verbose reify failed optional dependency /root/node_modules/@rolldown/binding-wasm32-wasi
74 silly reify mark deleted [ '/root/node_modules/@rolldown/binding-wasm32-wasi' ]
75 verbose reify failed optional dependency /root/node_modules/@emnapi/core
76 silly reify mark deleted [ '/root/node_modules/@emnapi/core' ]
77 verbose reify failed optional dependency /root/node_modules/@emnapi/runtime
78 silly reify mark deleted [ '/root/node_modules/@emnapi/runtime' ]
79 verbose reify failed optional dependency /root/node_modules/@napi-rs/wasm-runtime
80 silly reify mark deleted [ '/root/node_modules/@napi-rs/wasm-runtime' ]
81 verbose reify failed optional dependency /root/node_modules/@emnapi/wasi-threads
82 silly reify mark deleted [ '/root/node_modules/@emnapi/wasi-threads' ]
83 verbose reify failed optional dependency /root/node_modules/@tybys/wasm-util
84 silly reify mark deleted [ '/root/node_modules/@tybys/wasm-util' ]
85 verbose reify failed optional dependency /root/node_modules/@rolldown/binding-openharmony-arm64
86 silly reify mark deleted [ '/root/node_modules/@rolldown/binding-openharmony-arm64' ]
87 verbose reify failed optional dependency /root/node_modules/@rolldown/binding-linux-x64-musl
88 silly reify mark deleted [ '/root/node_modules/@rolldown/binding-linux-x64-musl' ]
89 verbose reify failed optional dependency /root/node_modules/@rolldown/binding-linux-x64-gnu
90 silly reify mark deleted [ '/root/node_modules/@rolldown/binding-linux-x64-gnu' ]
91 verbose reify failed optional dependency /root/node_modules/@rolldown/binding-linux-s390x-gnu
92 silly reify mark deleted [ '/root/node_modules/@rolldown/binding-linux-s390x-gnu' ]
93 verbose reify failed optional dependency /root/node_modules/@rolldown/binding-linux-ppc64-gnu
94 silly reify mark deleted [ '/root/node_modules/@rolldown/binding-linux-ppc64-gnu' ]
95 verbose reify failed optional dependency /root/node_modules/@rolldown/binding-linux-arm64-musl
96 silly reify mark deleted [ '/root/node_modules/@rolldown/binding-linux-arm64-musl' ]
97 verbose reify failed optional dependency /root/node_modules/@rolldown/binding-linux-arm64-gnu
98 silly reify mark deleted [ '/root/node_modules/@rolldown/binding-linux-arm64-gnu' ]
99 verbose reify failed optional dependency /root/node_modules/@rolldown/binding-linux-arm-gnueabihf
100 silly reify mark deleted [ '/root/node_modules/@rolldown/binding-linux-arm-gnueabihf' ]
101 verbose reify failed optional dependency /root/node_modules/@rolldown/binding-freebsd-x64
102 silly reify mark deleted [ '/root/node_modules/@rolldown/binding-freebsd-x64' ]
103 verbose reify failed optional dependency /root/node_modules/@rolldown/binding-darwin-x64
104 silly reify mark deleted [ '/root/node_modules/@rolldown/binding-darwin-x64' ]
105 verbose reify failed optional dependency /root/node_modules/@rolldown/binding-darwin-arm64
106 silly reify mark deleted [ '/root/node_modules/@rolldown/binding-darwin-arm64' ]
107 verbose reify failed optional dependency /root/node_modules/@rolldown/binding-android-arm64
108 silly reify mark deleted [ '/root/node_modules/@rolldown/binding-android-arm64' ]
109 verbose reify failed optional dependency /root/node_modules/@biomejs/cli-win32-x64
110 silly reify mark deleted [ '/root/node_modules/@biomejs/cli-win32-x64' ]
111 verbose reify failed optional dependency /root/node_modules/@biomejs/cli-win32-arm64
112 silly reify mark deleted [ '/root/node_modules/@biomejs/cli-win32-arm64' ]
113 verbose reify failed optional dependency /root/node_modules/@biomejs/cli-linux-x64-musl
114 silly reify mark deleted [ '/root/node_modules/@biomejs/cli-linux-x64-musl' ]
115 verbose reify failed optional dependency /root/node_modules/@biomejs/cli-linux-x64
116 silly reify mark deleted [ '/root/node_modules/@biomejs/cli-linux-x64' ]
117 verbose reify failed optional dependency /root/node_modules/@biomejs/cli-darwin-x64
118 silly reify mark deleted [ '/root/node_modules/@biomejs/cli-darwin-x64' ]
119 verbose reify failed optional dependency /root/node_modules/@biomejs/cli-darwin-arm64
120 silly reify mark deleted [ '/root/node_modules/@biomejs/cli-darwin-arm64' ]
121 timing reifyNode:node_modules/lightningcss-win32-x64-msvc Completed in 48ms
122 timing reifyNode:node_modules/lightningcss-win32-arm64-msvc Completed in 48ms
123 timing reifyNode:node_modules/lightningcss-linux-x64-musl Completed in 48ms
124 timing reifyNode:node_modules/lightningcss-linux-x64-gnu Completed in 48ms
125 timing reifyNode:node_modules/lightningcss-linux-arm-gnueabihf Completed in 48ms
126 timing reifyNode:node_modules/lightningcss-freebsd-x64 Completed in 48ms
127 timing reifyNode:node_modules/lightningcss-darwin-x64 Completed in 49ms
128 timing reifyNode:node_modules/lightningcss-darwin-arm64 Completed in 49ms
129 timing reifyNode:node_modules/lightningcss-android-arm64 Completed in 49ms
130 timing reifyNode:node_modules/fsevents Completed in 46ms
131 timing reifyNode:node_modules/@rolldown/binding-win32-x64-msvc Completed in 39ms
132 timing reifyNode:node_modules/@rolldown/binding-win32-arm64-msvc Completed in 39ms
133 timing reifyNode:node_modules/@rolldown/binding-wasm32-wasi Completed in 39ms
134 timing reifyNode:node_modules/@rolldown/binding-openharmony-arm64 Completed in 39ms
135 timing reifyNode:node_modules/@rolldown/binding-linux-x64-musl Completed in 40ms
136 timing reifyNode:node_modules/@rolldown/binding-linux-x64-gnu Completed in 40ms
137 timing reifyNode:node_modules/@rolldown/binding-linux-s390x-gnu Completed in 40ms
138 timing reifyNode:node_modules/@rolldown/binding-linux-ppc64-gnu Completed in 40ms
139 timing reifyNode:node_modules/@rolldown/binding-linux-arm64-musl Completed in 40ms
140 timing reifyNode:node_modules/@rolldown/binding-linux-arm64-gnu Completed in 40ms
141 timing reifyNode:node_modules/@rolldown/binding-linux-arm-gnueabihf Completed in 40ms
142 timing reifyNode:node_modules/@rolldown/binding-freebsd-x64 Completed in 40ms
143 timing reifyNode:node_modules/@rolldown/binding-darwin-x64 Completed in 40ms
144 timing reifyNode:node_modules/@rolldown/binding-darwin-arm64 Completed in 40ms
145 timing reifyNode:node_modules/@rolldown/binding-android-arm64 Completed in 40ms
146 timing reifyNode:node_modules/@biomejs/cli-win32-x64 Completed in 38ms
147 timing reifyNode:node_modules/@biomejs/cli-win32-arm64 Completed in 38ms
148 timing reifyNode:node_modules/@biomejs/cli-linux-x64-musl Completed in 39ms
149 timing reifyNode:node_modules/@biomejs/cli-linux-x64 Completed in 39ms
150 timing reifyNode:node_modules/@biomejs/cli-darwin-x64 Completed in 39ms
151 timing reifyNode:node_modules/@biomejs/cli-darwin-arm64 Completed in 39ms
152 silly tarball no local data for yargs@https://registry.npmjs.org/yargs/-/yargs-17.7.2.tgz. Extracting by manifest.
153 silly tarball no local data for xtend@https://registry.npmjs.org/xtend/-/xtend-4.0.2.tgz. Extracting by manifest.
154 silly tarball no local data for yocto-queue@https://registry.npmjs.org/yocto-queue/-/yocto-queue-0.1.0.tgz. Extracting by manifest.
155 silly tarball no local data for y18n@https://registry.npmjs.org/y18n/-/y18n-5.0.8.tgz. Extracting by manifest.
156 silly tarball no local data for youch@https://registry.npmjs.org/youch/-/youch-2.2.2.tgz. Extracting by manifest.
157 silly tarball no local data for wkx@https://registry.npmjs.org/wkx/-/wkx-0.5.0.tgz. Extracting by manifest.
158 silly tarball no local data for with@https://registry.npmjs.org/with/-/with-7.0.2.tgz. Extracting by manifest.
159 silly tarball no local data for wide-align@https://registry.npmjs.org/wide-align/-/wide-align-1.1.5.tgz. Extracting by manifest.
160 silly tarball no local data for wildcard@https://registry.npmjs.org/wildcard/-/wildcard-2.0.1.tgz. Extracting by manifest.
161 silly tarball no local data for wrap-ansi@https://registry.npmjs.org/wrap-ansi/-/wrap-ansi-8.1.0.tgz. Extracting by manifest.
162 silly tarball no local data for why-is-node-running@https://registry.npmjs.org/why-is-node-running/-/why-is-node-running-2.3.0.tgz. Extracting by manifest.
163 silly tarball no local data for widest-line@https://registry.npmjs.org/widest-line/-/widest-line-4.0.1.tgz. Extracting by manifest.
164 silly tarball no local data for webpack@https://registry.npmjs.org/webpack/-/webpack-5.107.2.tgz. Extracting by manifest.
165 silly tarball no local data for which@https://registry.npmjs.org/which/-/which-2.0.2.tgz. Extracting by manifest.
166 silly tarball no local data for webpack-sources@https://registry.npmjs.org/webpack-sources/-/webpack-sources-3.5.0.tgz. Extracting by manifest.
167 silly tarball no local data for webpack-merge@https://registry.npmjs.org/webpack-merge/-/webpack-merge-5.10.0.tgz. Extracting by manifest.
168 silly tarball no local data for webpack-cli@https://registry.npmjs.org/webpack-cli/-/webpack-cli-5.1.4.tgz. Extracting by manifest.
169 silly tarball no local data for watchpack@https://registry.npmjs.org/watchpack/-/watchpack-2.5.1.tgz. Extracting by manifest.
170 silly tarball no local data for walker@https://registry.npmjs.org/walker/-/walker-1.0.8.tgz. Extracting by manifest.
171 silly tarball no local data for void-elements@https://registry.npmjs.org/void-elements/-/void-elements-3.1.0.tgz. Extracting by manifest.
172 silly tarball no local data for vitest@https://registry.npmjs.org/vitest/-/vitest-4.1.8.tgz. Extracting by manifest.
173 silly tarball no local data for vite@https://registry.npmjs.org/vite/-/vite-8.0.16.tgz. Extracting by manifest.
174 silly tarball no local data for validator@https://registry.npmjs.org/validator/-/validator-13.15.35.tgz. Extracting by manifest.
175 silly tarball no local data for validate-npm-package-name@https://registry.npmjs.org/validate-npm-package-name/-/validate-npm-package-name-5.0.1.tgz. Extracting by manifest.
176 silly tarball no local data for validate-npm-package-license@https://registry.npmjs.org/validate-npm-package-license/-/validate-npm-package-license-3.0.4.tgz. Extracting by manifest.
177 silly tarball no local data for vary@https://registry.npmjs.org/vary/-/vary-1.1.2.tgz. Extracting by manifest.
178 silly tarball no local data for uuid@https://registry.npmjs.org/uuid/-/uuid-8.3.2.tgz. Extracting by manifest.
179 silly tarball no local data for util-deprecate@https://registry.npmjs.org/util-deprecate/-/util-deprecate-1.0.2.tgz. Extracting by manifest.
180 silly tarball no local data for update-notifier@https://registry.npmjs.org/update-notifier/-/update-notifier-6.0.2.tgz. Extracting by manifest.
181 silly tarball no local data for update-browserslist-db@https://registry.npmjs.org/update-browserslist-db/-/update-browserslist-db-1.2.3.tgz. Extracting by manifest.
182 silly tarball no local data for untildify@https://registry.npmjs.org/untildify/-/untildify-4.0.0.tgz. Extracting by manifest.
183 silly tarball no local data for universalify@https://registry.npmjs.org/universalify/-/universalify-2.0.1.tgz. Extracting by manifest.
184 silly tarball no local data for unique-string@https://registry.npmjs.org/unique-string/-/unique-string-3.0.0.tgz. Extracting by manifest.
185 silly tarball no local data for unique-slug@https://registry.npmjs.org/unique-slug/-/unique-slug-4.0.0.tgz. Extracting by manifest.
186 silly tarball no local data for unique-filename@https://registry.npmjs.org/unique-filename/-/unique-filename-3.0.0.tgz. Extracting by manifest.
187 silly tarball no local data for undici-types@https://registry.npmjs.org/undici-types/-/undici-types-6.21.0.tgz. Extracting by manifest.
188 silly tarball no local data for umzug@https://registry.npmjs.org/umzug/-/umzug-2.3.0.tgz. Extracting by manifest.
189 silly tarball no local data for type-is@https://registry.npmjs.org/type-is/-/type-is-1.6.18.tgz. Extracting by manifest.
190 silly tarball no local data for typedarray-to-buffer@https://registry.npmjs.org/typedarray-to-buffer/-/typedarray-to-buffer-3.1.5.tgz. Extracting by manifest.
191 silly tarball no local data for type-fest@https://registry.npmjs.org/type-fest/-/type-fest-2.19.0.tgz. Extracting by manifest.
192 silly tarball no local data for uc.micro@https://registry.npmjs.org/uc.micro/-/uc.micro-1.0.6.tgz. Extracting by manifest.
193 silly tarball no local data for tunnel-agent@https://registry.npmjs.org/tunnel-agent/-/tunnel-agent-0.6.0.tgz. Extracting by manifest.
194 silly tarball no local data for yargs-parser@https://registry.npmjs.org/yargs-parser/-/yargs-parser-21.1.1.tgz. Extracting by manifest.
195 silly tarball no local data for tslib@https://registry.npmjs.org/tslib/-/tslib-2.8.1.tgz. Extracting by manifest.
196 silly tarball no local data for tree-kill@https://registry.npmjs.org/tree-kill/-/tree-kill-1.2.2.tgz. Extracting by manifest.
197 silly tarball no local data for toposort-class@https://registry.npmjs.org/toposort-class/-/toposort-class-1.0.1.tgz. Extracting by manifest.
198 silly tarball no local data for token-stream@https://registry.npmjs.org/token-stream/-/token-stream-1.0.0.tgz. Extracting by manifest.
199 silly tarball no local data for tuf-js@https://registry.npmjs.org/tuf-js/-/tuf-js-1.1.7.tgz. Extracting by manifest.
200 silly tarball no local data for tinyglobby@https://registry.npmjs.org/tinyglobby/-/tinyglobby-0.2.17.tgz. Extracting by manifest.
201 silly tarball no local data for toad-cache@https://registry.npmjs.org/toad-cache/-/toad-cache-3.7.1.tgz. Extracting by manifest.
202 silly tarball no local data for to-regex-range@https://registry.npmjs.org/to-regex-range/-/to-regex-range-5.0.1.tgz. Extracting by manifest.
203 silly tarball no local data for tmpl@https://registry.npmjs.org/tmpl/-/tmpl-1.0.5.tgz. Extracting by manifest.
204 silly tarball no local data for tinyrainbow@https://registry.npmjs.org/tinyrainbow/-/tinyrainbow-3.1.0.tgz. Extracting by manifest.
205 silly tarball no local data for tinyexec@https://registry.npmjs.org/tinyexec/-/tinyexec-1.2.4.tgz. Extracting by manifest.
206 silly tarball no local data for terser@https://registry.npmjs.org/terser/-/terser-5.48.0.tgz. Extracting by manifest.
207 silly tarball no local data for tinybench@https://registry.npmjs.org/tinybench/-/tinybench-2.9.0.tgz. Extracting by manifest.
208 silly tarball no local data for tildify@https://registry.npmjs.org/tildify/-/tildify-2.0.0.tgz. Extracting by manifest.
209 silly tarball no local data for thread-stream@https://registry.npmjs.org/thread-stream/-/thread-stream-3.1.0.tgz. Extracting by manifest.
210 silly tarball no local data for terser-webpack-plugin@https://registry.npmjs.org/terser-webpack-plugin/-/terser-webpack-plugin-5.6.1.tgz. Extracting by manifest.
211 silly tarball no local data for tarn@https://registry.npmjs.org/tarn/-/tarn-3.0.2.tgz. Extracting by manifest.
212 silly tarball no local data for tar-stream@https://registry.npmjs.org/tar-stream/-/tar-stream-2.2.0.tgz. Extracting by manifest.
213 silly tarball no local data for tar-fs@https://registry.npmjs.org/tar-fs/-/tar-fs-2.1.4.tgz. Extracting by manifest.
214 silly tarball no local data for tar@https://registry.npmjs.org/tar/-/tar-6.2.1.tgz. Extracting by manifest.
215 silly tarball no local data for tapable@https://registry.npmjs.org/tapable/-/tapable-2.3.3.tgz. Extracting by manifest.
216 silly tarball no local data for write-file-atomic@https://registry.npmjs.org/write-file-atomic/-/write-file-atomic-3.0.3.tgz. Extracting by manifest.
217 silly tarball no local data for supports-color@https://registry.npmjs.org/supports-color/-/supports-color-8.1.1.tgz. Extracting by manifest.
218 silly tarball no local data for string-width-cjs@https://registry.npmjs.org/string-width/-/string-width-4.2.3.tgz. Extracting by manifest.
219 silly tarball no local data for strip-json-comments@https://registry.npmjs.org/strip-json-comments/-/strip-json-comments-5.0.3.tgz. Extracting by manifest.
220 silly tarball no local data for strip-ansi@https://registry.npmjs.org/strip-ansi/-/strip-ansi-7.2.0.tgz. Extracting by manifest.
221 silly tarball no local data for strip-ansi-cjs@https://registry.npmjs.org/strip-ansi/-/strip-ansi-6.0.1.tgz. Extracting by manifest.
222 silly tarball no local data for style-loader@https://registry.npmjs.org/style-loader/-/style-loader-4.0.0.tgz. Extracting by manifest.
223 silly tarball no local data for string-width@https://registry.npmjs.org/string-width/-/string-width-5.1.2.tgz. Extracting by manifest.
224 silly tarball no local data for string_decoder@https://registry.npmjs.org/string_decoder/-/string_decoder-1.3.0.tgz. Extracting by manifest.
225 silly tarball no local data for std-env@https://registry.npmjs.org/std-env/-/std-env-4.1.0.tgz. Extracting by manifest.
226 silly tarball no local data for statuses@https://registry.npmjs.org/statuses/-/statuses-2.0.2.tgz. Extracting by manifest.
227 silly tarball no local data for supports-preserve-symlinks-flag@https://registry.npmjs.org/supports-preserve-symlinks-flag/-/supports-preserve-symlinks-flag-1.0.0.tgz. Extracting by manifest.
228 silly tarball no local data for stackback@https://registry.npmjs.org/stackback/-/stackback-0.0.2.tgz. Extracting by manifest.
229 silly tarball no local data for stack-trace@https://registry.npmjs.org/stack-trace/-/stack-trace-0.0.10.tgz. Extracting by manifest.
230 silly tarball no local data for ssri@https://registry.npmjs.org/ssri/-/ssri-10.0.6.tgz. Extracting by manifest.
231 silly tarball no local data for split2@https://registry.npmjs.org/split2/-/split2-3.2.2.tgz. Extracting by manifest.
232 silly tarball no local data for spdx-license-ids@https://registry.npmjs.org/spdx-license-ids/-/spdx-license-ids-3.0.23.tgz. Extracting by manifest.
233 silly tarball no local data for spdx-expression-parse@https://registry.npmjs.org/spdx-expression-parse/-/spdx-expression-parse-3.0.1.tgz. Extracting by manifest.
234 silly tarball no local data for spdx-exceptions@https://registry.npmjs.org/spdx-exceptions/-/spdx-exceptions-2.5.0.tgz. Extracting by manifest.
235 silly tarball no local data for spawn-please@https://registry.npmjs.org/spawn-please/-/spawn-please-2.0.2.tgz. Extracting by manifest.
236 silly tarball no local data for spawn-command@https://registry.npmjs.org/spawn-command/-/spawn-command-0.0.2.tgz. Extracting by manifest.
237 silly tarball no local data for source-map-support@https://registry.npmjs.org/source-map-support/-/source-map-support-0.5.21.tgz. Extracting by manifest.
238 silly tarball no local data for spdx-correct@https://registry.npmjs.org/spdx-correct/-/spdx-correct-3.2.0.tgz. Extracting by manifest.
239 silly tarball no local data for source-map-js@https://registry.npmjs.org/source-map-js/-/source-map-js-1.2.1.tgz. Extracting by manifest.
240 silly tarball no local data for source-map@https://registry.npmjs.org/source-map/-/source-map-0.6.1.tgz. Extracting by manifest.
241 silly tarball no local data for sonic-boom@https://registry.npmjs.org/sonic-boom/-/sonic-boom-4.2.1.tgz. Extracting by manifest.
242 silly tarball no local data for socks-proxy-agent@https://registry.npmjs.org/socks-proxy-agent/-/socks-proxy-agent-7.0.0.tgz. Extracting by manifest.
243 silly tarball no local data for sodium-native@https://registry.npmjs.org/sodium-native/-/sodium-native-4.3.3.tgz. Extracting by manifest.
244 silly tarball no local data for socks@https://registry.npmjs.org/socks/-/socks-2.8.9.tgz. Extracting by manifest.
245 silly tarball no local data for smart-buffer@https://registry.npmjs.org/smart-buffer/-/smart-buffer-4.2.0.tgz. Extracting by manifest.
246 silly tarball no local data for slash@https://registry.npmjs.org/slash/-/slash-3.0.0.tgz. Extracting by manifest.
247 silly tarball no local data for sisteransi@https://registry.npmjs.org/sisteransi/-/sisteransi-1.0.5.tgz. Extracting by manifest.
248 silly tarball no local data for simple-get@https://registry.npmjs.org/simple-get/-/simple-get-4.0.1.tgz. Extracting by manifest.
249 silly tarball no local data for simple-concat@https://registry.npmjs.org/simple-concat/-/simple-concat-1.0.1.tgz. Extracting by manifest.
250 silly tarball no local data for sigstore@https://registry.npmjs.org/sigstore/-/sigstore-1.9.0.tgz. Extracting by manifest.
251 silly tarball no local data for signal-exit@https://registry.npmjs.org/signal-exit/-/signal-exit-4.1.0.tgz. Extracting by manifest.
252 silly tarball no local data for siginfo@https://registry.npmjs.org/siginfo/-/siginfo-2.0.0.tgz. Extracting by manifest.
253 silly tarball no local data for side-channel-map@https://registry.npmjs.org/side-channel-map/-/side-channel-map-1.0.1.tgz. Extracting by manifest.
254 silly tarball no local data for side-channel-weakmap@https://registry.npmjs.org/side-channel-weakmap/-/side-channel-weakmap-1.0.2.tgz. Extracting by manifest.
255 silly tarball no local data for yallist@https://registry.npmjs.org/yallist/-/yallist-4.0.0.tgz. Extracting by manifest.
256 silly tarball no local data for wrap-ansi-cjs@https://registry.npmjs.org/wrap-ansi/-/wrap-ansi-7.0.0.tgz. Extracting by manifest.
257 silly tarball no local data for side-channel-list@https://registry.npmjs.org/side-channel-list/-/side-channel-list-1.0.1.tgz. Extracting by manifest.
258 silly tarball no local data for xdg-basedir@https://registry.npmjs.org/xdg-basedir/-/xdg-basedir-5.1.0.tgz. Extracting by manifest.
259 silly tarball no local data for sqlite3@https://registry.npmjs.org/sqlite3/-/sqlite3-5.1.7.tgz. Extracting by manifest.
260 silly tarball no local data for shebang-regex@https://registry.npmjs.org/shebang-regex/-/shebang-regex-3.0.0.tgz. Extracting by manifest.
261 silly tarball no local data for sequelize-cli@https://registry.npmjs.org/sequelize-cli/-/sequelize-cli-6.6.5.tgz. Extracting by manifest.
262 silly tarball no local data for shebang-command@https://registry.npmjs.org/shebang-command/-/shebang-command-2.0.0.tgz. Extracting by manifest.
263 silly tarball no local data for set-cookie-parser@https://registry.npmjs.org/set-cookie-parser/-/set-cookie-parser-2.7.2.tgz. Extracting by manifest.
264 silly tarball no local data for sequelize@https://registry.npmjs.org/sequelize/-/sequelize-6.37.8.tgz. Extracting by manifest.
265 silly tarball no local data for set-blocking@https://registry.npmjs.org/set-blocking/-/set-blocking-2.0.0.tgz. Extracting by manifest.
266 silly tarball no local data for sequelize-pool@https://registry.npmjs.org/sequelize-pool/-/sequelize-pool-7.1.0.tgz. Extracting by manifest.
267 silly tarball no local data for semver-utils@https://registry.npmjs.org/semver-utils/-/semver-utils-1.1.4.tgz. Extracting by manifest.
268 silly tarball no local data for semver@https://registry.npmjs.org/semver/-/semver-7.8.1.tgz. Extracting by manifest.
269 silly tarball no local data for semver-diff@https://registry.npmjs.org/semver-diff/-/semver-diff-4.0.0.tgz. Extracting by manifest.
270 silly tarball no local data for schema-utils@https://registry.npmjs.org/schema-utils/-/schema-utils-4.3.3.tgz. Extracting by manifest.
271 silly tarball no local data for secure-json-parse@https://registry.npmjs.org/secure-json-parse/-/secure-json-parse-2.7.0.tgz. Extracting by manifest.
272 silly tarball no local data for safer-buffer@https://registry.npmjs.org/safer-buffer/-/safer-buffer-2.1.2.tgz. Extracting by manifest.
273 silly tarball no local data for safe-stable-stringify@https://registry.npmjs.org/safe-stable-stringify/-/safe-stable-stringify-2.5.0.tgz. Extracting by manifest.
274 silly tarball no local data for safe-regex2@https://registry.npmjs.org/safe-regex2/-/safe-regex2-3.1.0.tgz. Extracting by manifest.
275 silly tarball no local data for safe-buffer@https://registry.npmjs.org/safe-buffer/-/safe-buffer-5.2.1.tgz. Extracting by manifest.
276 silly tarball no local data for rxjs@https://registry.npmjs.org/rxjs/-/rxjs-7.8.2.tgz. Extracting by manifest.
277 silly tarball no local data for run-parallel@https://registry.npmjs.org/run-parallel/-/run-parallel-1.2.0.tgz. Extracting by manifest.
278 silly tarball no local data for rolldown@https://registry.npmjs.org/rolldown/-/rolldown-1.0.3.tgz. Extracting by manifest.
279 silly tarball no local data for rfdc@https://registry.npmjs.org/rfdc/-/rfdc-1.4.1.tgz. Extracting by manifest.
280 silly tarball no local data for rimraf@https://registry.npmjs.org/rimraf/-/rimraf-5.0.10.tgz. Extracting by manifest.
281 silly tarball no local data for retry-as-promised@https://registry.npmjs.org/retry-as-promised/-/retry-as-promised-7.1.1.tgz. Extracting by manifest.
282 silly tarball no local data for reusify@https://registry.npmjs.org/reusify/-/reusify-1.1.0.tgz. Extracting by manifest.
283 silly tarball no local data for retry@https://registry.npmjs.org/retry/-/retry-0.12.0.tgz. Extracting by manifest.
284 silly tarball no local data for ret@https://registry.npmjs.org/ret/-/ret-0.4.3.tgz. Extracting by manifest.
285 silly tarball no local data for resolve-from@https://registry.npmjs.org/resolve-from/-/resolve-from-5.0.0.tgz. Extracting by manifest.
286 silly tarball no local data for responselike@https://registry.npmjs.org/responselike/-/responselike-3.0.0.tgz. Extracting by manifest.
287 silly tarball no local data for side-channel@https://registry.npmjs.org/side-channel/-/side-channel-1.1.0.tgz. Extracting by manifest.
288 silly tarball no local data for resolve-cwd@https://registry.npmjs.org/resolve-cwd/-/resolve-cwd-3.0.0.tgz. Extracting by manifest.
289 silly tarball no local data for resolve-alpn@https://registry.npmjs.org/resolve-alpn/-/resolve-alpn-1.2.1.tgz. Extracting by manifest.
290 silly tarball no local data for require-directory@https://registry.npmjs.org/require-directory/-/require-directory-2.1.1.tgz. Extracting by manifest.
291 silly tarball no local data for resolve@https://registry.npmjs.org/resolve/-/resolve-1.22.12.tgz. Extracting by manifest.
292 silly tarball no local data for require-from-string@https://registry.npmjs.org/require-from-string/-/require-from-string-2.0.2.tgz. Extracting by manifest.
293 silly tarball no local data for remote-git-tags@https://registry.npmjs.org/remote-git-tags/-/remote-git-tags-3.0.0.tgz. Extracting by manifest.
294 silly tarball no local data for registry-auth-token@https://registry.npmjs.org/registry-auth-token/-/registry-auth-token-5.1.1.tgz. Extracting by manifest.
295 silly tarball no local data for rechoir@https://registry.npmjs.org/rechoir/-/rechoir-0.8.0.tgz. Extracting by manifest.
296 silly tarball no local data for registry-url@https://registry.npmjs.org/registry-url/-/registry-url-6.0.1.tgz. Extracting by manifest.
297 silly tarball no local data for real-require@https://registry.npmjs.org/real-require/-/real-require-0.2.0.tgz. Extracting by manifest.
298 silly tarball no local data for readable-stream@https://registry.npmjs.org/readable-stream/-/readable-stream-3.6.2.tgz. Extracting by manifest.
299 silly tarball no local data for rc-config-loader@https://registry.npmjs.org/rc-config-loader/-/rc-config-loader-4.1.4.tgz. Extracting by manifest.
300 silly tarball no local data for rc@https://registry.npmjs.org/rc/-/rc-1.2.8.tgz. Extracting by manifest.
301 silly tarball no local data for readdirp@https://registry.npmjs.org/readdirp/-/readdirp-3.6.0.tgz. Extracting by manifest.
302 silly tarball no local data for read-package-json-fast@https://registry.npmjs.org/read-package-json-fast/-/read-package-json-fast-3.0.2.tgz. Extracting by manifest.
303 silly tarball no local data for read-package-json@https://registry.npmjs.org/read-package-json/-/read-package-json-6.0.4.tgz. Extracting by manifest.
304 silly tarball no local data for quick-format-unescaped@https://registry.npmjs.org/quick-format-unescaped/-/quick-format-unescaped-4.0.4.tgz. Extracting by manifest.
305 silly tarball no local data for queue-microtask@https://registry.npmjs.org/queue-microtask/-/queue-microtask-1.2.3.tgz. Extracting by manifest.
306 silly tarball no local data for qs@https://registry.npmjs.org/qs/-/qs-6.15.2.tgz. Extracting by manifest.
307 silly tarball no local data for quick-lru@https://registry.npmjs.org/quick-lru/-/quick-lru-5.1.1.tgz. Extracting by manifest.
308 silly tarball no local data for pupa@https://registry.npmjs.org/pupa/-/pupa-3.3.0.tgz. Extracting by manifest.
309 silly tarball no local data for pump@https://registry.npmjs.org/pump/-/pump-3.0.4.tgz. Extracting by manifest.
310 silly tarball no local data for pug-walk@https://registry.npmjs.org/pug-walk/-/pug-walk-2.0.0.tgz. Extracting by manifest.
311 silly tarball no local data for pug-strip-comments@https://registry.npmjs.org/pug-strip-comments/-/pug-strip-comments-2.0.0.tgz. Extracting by manifest.
312 silly tarball no local data for pug-runtime@https://registry.npmjs.org/pug-runtime/-/pug-runtime-3.0.1.tgz. Extracting by manifest.
313 silly tarball no local data for pug-parser@https://registry.npmjs.org/pug-parser/-/pug-parser-6.0.0.tgz. Extracting by manifest.
314 silly tarball no local data for pug-load@https://registry.npmjs.org/pug-load/-/pug-load-3.0.0.tgz. Extracting by manifest.
315 silly tarball no local data for pug-linker@https://registry.npmjs.org/pug-linker/-/pug-linker-4.0.0.tgz. Extracting by manifest.
316 silly tarball no local data for pug-lexer@https://registry.npmjs.org/pug-lexer/-/pug-lexer-5.0.1.tgz. Extracting by manifest.
317 silly tarball no local data for pug-code-gen@https://registry.npmjs.org/pug-code-gen/-/pug-code-gen-3.0.4.tgz. Extracting by manifest.
318 silly tarball no local data for pug-error@https://registry.npmjs.org/pug-error/-/pug-error-2.1.0.tgz. Extracting by manifest.
319 silly tarball no local data for pug-attrs@https://registry.npmjs.org/pug-attrs/-/pug-attrs-3.0.0.tgz. Extracting by manifest.
320 silly tarball no local data for pug-filters@https://registry.npmjs.org/pug-filters/-/pug-filters-4.0.0.tgz. Extracting by manifest.
321 silly tarball no local data for pug@https://registry.npmjs.org/pug/-/pug-3.0.4.tgz. Extracting by manifest.
322 silly tarball no local data for proxy-addr@https://registry.npmjs.org/proxy-addr/-/proxy-addr-2.0.7.tgz. Extracting by manifest.
323 silly tarball no local data for proto-list@https://registry.npmjs.org/proto-list/-/proto-list-1.2.4.tgz. Extracting by manifest.
324 silly tarball no local data for promise-retry@https://registry.npmjs.org/promise-retry/-/promise-retry-2.0.1.tgz. Extracting by manifest.
325 silly tarball no local data for require-addon@https://registry.npmjs.org/require-addon/-/require-addon-1.2.0.tgz. Extracting by manifest.
326 silly tarball no local data for promise@https://registry.npmjs.org/promise/-/promise-7.3.1.tgz. Extracting by manifest.
327 silly tarball no local data for progress@https://registry.npmjs.org/progress/-/progress-2.0.3.tgz. Extracting by manifest.
328 silly tarball no local data for process-warning@https://registry.npmjs.org/process-warning/-/process-warning-3.0.0.tgz. Extracting by manifest.
329 silly tarball no local data for process@https://registry.npmjs.org/process/-/process-0.11.10.tgz. Extracting by manifest.
330 silly tarball no local data for promise-inflight@https://registry.npmjs.org/promise-inflight/-/promise-inflight-1.0.1.tgz. Extracting by manifest.
331 silly tarball no local data for proc-log@https://registry.npmjs.org/proc-log/-/proc-log-3.0.0.tgz. Extracting by manifest.
332 silly tarball no local data for prebuild-install@https://registry.npmjs.org/prebuild-install/-/prebuild-install-7.1.3.tgz. Extracting by manifest.
333 silly tarball no local data for postgres-date@https://registry.npmjs.org/postgres-date/-/postgres-date-1.0.7.tgz. Extracting by manifest.
334 silly tarball no local data for postgres-interval@https://registry.npmjs.org/postgres-interval/-/postgres-interval-1.2.0.tgz. Extracting by manifest.
335 silly tarball no local data for postgres-bytea@https://registry.npmjs.org/postgres-bytea/-/postgres-bytea-1.0.1.tgz. Extracting by manifest.
336 silly tarball no local data for postgres-array@https://registry.npmjs.org/postgres-array/-/postgres-array-2.0.0.tgz. Extracting by manifest.
337 silly tarball no local data for postcss-selector-parser@https://registry.npmjs.org/postcss-selector-parser/-/postcss-selector-parser-7.1.1.tgz. Extracting by manifest.
338 silly tarball no local data for postcss-modules-values@https://registry.npmjs.org/postcss-modules-values/-/postcss-modules-values-4.0.0.tgz. Extracting by manifest.
339 silly tarball no local data for postcss-value-parser@https://registry.npmjs.org/postcss-value-parser/-/postcss-value-parser-4.2.0.tgz. Extracting by manifest.
340 silly tarball no local data for postcss-modules-local-by-default@https://registry.npmjs.org/postcss-modules-local-by-default/-/postcss-modules-local-by-default-4.2.0.tgz. Extracting by manifest.
341 silly tarball no local data for pkg-up@https://registry.npmjs.org/pkg-up/-/pkg-up-3.1.0.tgz. Extracting by manifest.
342 silly tarball no local data for pkg-dir@https://registry.npmjs.org/pkg-dir/-/pkg-dir-4.2.0.tgz. Extracting by manifest.
343 silly tarball no local data for postcss-modules-extract-imports@https://registry.npmjs.org/postcss-modules-extract-imports/-/postcss-modules-extract-imports-3.1.0.tgz. Extracting by manifest.
344 silly tarball no local data for pino-pretty@https://registry.npmjs.org/pino-pretty/-/pino-pretty-11.3.0.tgz. Extracting by manifest.
345 silly tarball no local data for postcss@https://registry.npmjs.org/postcss/-/postcss-8.5.15.tgz. Extracting by manifest.
346 silly tarball no local data for postcss-modules-scope@https://registry.npmjs.org/postcss-modules-scope/-/postcss-modules-scope-3.2.1.tgz. Extracting by manifest.
347 silly tarball no local data for pino-abstract-transport@https://registry.npmjs.org/pino-abstract-transport/-/pino-abstract-transport-2.0.0.tgz. Extracting by manifest.
348 silly tarball no local data for pino-std-serializers@https://registry.npmjs.org/pino-std-serializers/-/pino-std-serializers-7.1.0.tgz. Extracting by manifest.
349 silly tarball no local data for pino@https://registry.npmjs.org/pino/-/pino-9.14.0.tgz. Extracting by manifest.
350 silly tarball no local data for picocolors@https://registry.npmjs.org/picocolors/-/picocolors-1.1.1.tgz. Extracting by manifest.
351 silly tarball no local data for picomatch@https://registry.npmjs.org/picomatch/-/picomatch-2.3.2.tgz. Extracting by manifest.
352 silly tarball no local data for pgpass@https://registry.npmjs.org/pgpass/-/pgpass-1.0.5.tgz. Extracting by manifest.
353 silly tarball no local data for prompts-ncu@https://registry.npmjs.org/prompts-ncu/-/prompts-ncu-3.0.2.tgz. Extracting by manifest.
354 silly tarball no local data for pg-pool@https://registry.npmjs.org/pg-pool/-/pg-pool-3.14.0.tgz. Extracting by manifest.
355 silly tarball no local data for pg-protocol@https://registry.npmjs.org/pg-protocol/-/pg-protocol-1.14.0.tgz. Extracting by manifest.
356 silly tarball no local data for pg-types@https://registry.npmjs.org/pg-types/-/pg-types-2.2.0.tgz. Extracting by manifest.
357 silly tarball no local data for shell-quote@https://registry.npmjs.org/shell-quote/-/shell-quote-1.8.4.tgz. Extracting by manifest.
358 silly tarball no local data for shallow-clone@https://registry.npmjs.org/shallow-clone/-/shallow-clone-3.0.1.tgz. Extracting by manifest.
359 silly tarball no local data for pg@https://registry.npmjs.org/pg/-/pg-8.21.0.tgz. Extracting by manifest.
360 silly tarball no local data for pg-connection-string@https://registry.npmjs.org/pg-connection-string/-/pg-connection-string-2.6.2.tgz. Extracting by manifest.
361 silly tarball no local data for setprototypeof@https://registry.npmjs.org/setprototypeof/-/setprototypeof-1.2.0.tgz. Extracting by manifest.
362 silly tarball no local data for path-to-regexp@https://registry.npmjs.org/path-to-regexp/-/path-to-regexp-6.3.0.tgz. Extracting by manifest.
363 silly tarball no local data for path-parse@https://registry.npmjs.org/path-parse/-/path-parse-1.0.7.tgz. Extracting by manifest.
364 silly tarball no local data for path-key@https://registry.npmjs.org/path-key/-/path-key-3.1.1.tgz. Extracting by manifest.
365 silly tarball no local data for path-is-absolute@https://registry.npmjs.org/path-is-absolute/-/path-is-absolute-1.0.1.tgz. Extracting by manifest.
366 silly tarball no local data for path-scurry@https://registry.npmjs.org/path-scurry/-/path-scurry-1.11.1.tgz. Extracting by manifest.
367 silly tarball no local data for parse-github-url@https://registry.npmjs.org/parse-github-url/-/parse-github-url-1.0.4.tgz. Extracting by manifest.
368 silly tarball no local data for package-json-from-dist@https://registry.npmjs.org/package-json-from-dist/-/package-json-from-dist-1.0.1.tgz. Extracting by manifest.
369 silly tarball no local data for pacote@https://registry.npmjs.org/pacote/-/pacote-15.2.0.tgz. Extracting by manifest.
370 silly tarball no local data for path-exists@https://registry.npmjs.org/path-exists/-/path-exists-4.0.0.tgz. Extracting by manifest.
371 silly tarball no local data for p-try@https://registry.npmjs.org/p-try/-/p-try-2.2.0.tgz. Extracting by manifest.
372 silly tarball no local data for wrappy@https://registry.npmjs.org/wrappy/-/wrappy-1.0.2.tgz. Extracting by manifest.
373 silly tarball no local data for p-map@https://registry.npmjs.org/p-map/-/p-map-4.0.0.tgz. Extracting by manifest.
374 silly tarball no local data for p-limit@https://registry.npmjs.org/p-limit/-/p-limit-3.1.0.tgz. Extracting by manifest.
375 silly tarball no local data for package-json@https://registry.npmjs.org/package-json/-/package-json-8.1.1.tgz. Extracting by manifest.
376 silly tarball no local data for p-cancelable@https://registry.npmjs.org/p-cancelable/-/p-cancelable-3.0.0.tgz. Extracting by manifest.
377 silly tarball no local data for once@https://registry.npmjs.org/once/-/once-1.4.0.tgz. Extracting by manifest.
378 silly tarball no local data for on-exit-leak-free@https://registry.npmjs.org/on-exit-leak-free/-/on-exit-leak-free-2.1.2.tgz. Extracting by manifest.
379 silly tarball no local data for obug@https://registry.npmjs.org/obug/-/obug-2.1.1.tgz. Extracting by manifest.
380 silly tarball no local data for objection-unique@https://registry.npmjs.org/objection-unique/-/objection-unique-1.2.2.tgz. Extracting by manifest.
381 silly tarball no local data for objection@https://registry.npmjs.org/objection/-/objection-3.1.5.tgz. Extracting by manifest.
382 silly tarball no local data for object-inspect@https://registry.npmjs.org/object-inspect/-/object-inspect-1.13.4.tgz. Extracting by manifest.
383 silly tarball no local data for object-assign@https://registry.npmjs.org/object-assign/-/object-assign-4.1.1.tgz. Extracting by manifest.
384 silly tarball no local data for npmlog@https://registry.npmjs.org/npmlog/-/npmlog-6.0.2.tgz. Extracting by manifest.
385 silly tarball no local data for npm-registry-fetch@https://registry.npmjs.org/npm-registry-fetch/-/npm-registry-fetch-14.0.5.tgz. Extracting by manifest.
386 silly tarball no local data for npm-packlist@https://registry.npmjs.org/npm-packlist/-/npm-packlist-7.0.4.tgz. Extracting by manifest.
387 silly tarball no local data for npm-pick-manifest@https://registry.npmjs.org/npm-pick-manifest/-/npm-pick-manifest-8.0.2.tgz. Extracting by manifest.
388 silly tarball no local data for npm-package-arg@https://registry.npmjs.org/npm-package-arg/-/npm-package-arg-10.1.0.tgz. Extracting by manifest.
389 silly tarball no local data for npm-normalize-package-bin@https://registry.npmjs.org/npm-normalize-package-bin/-/npm-normalize-package-bin-3.0.1.tgz. Extracting by manifest.
390 silly tarball no local data for npm-install-checks@https://registry.npmjs.org/npm-install-checks/-/npm-install-checks-6.3.0.tgz. Extracting by manifest.
391 silly tarball no local data for npm-bundled@https://registry.npmjs.org/npm-bundled/-/npm-bundled-3.0.1.tgz. Extracting by manifest.
392 silly tarball no local data for normalize-url@https://registry.npmjs.org/normalize-url/-/normalize-url-8.1.1.tgz. Extracting by manifest.
393 silly tarball no local data for normalize-path@https://registry.npmjs.org/normalize-path/-/normalize-path-3.0.0.tgz. Extracting by manifest.
394 silly tarball no local data for npm-check-updates@https://registry.npmjs.org/npm-check-updates/-/npm-check-updates-16.14.20.tgz. Extracting by manifest.
395 silly tarball no local data for node-gyp@https://registry.npmjs.org/node-gyp/-/node-gyp-9.4.1.tgz. Extracting by manifest.
396 silly tarball no local data for nopt@https://registry.npmjs.org/nopt/-/nopt-6.0.0.tgz. Extracting by manifest.
397 silly tarball no local data for node-releases@https://registry.npmjs.org/node-releases/-/node-releases-2.0.46.tgz. Extracting by manifest.
398 silly tarball no local data for normalize-package-data@https://registry.npmjs.org/normalize-package-data/-/normalize-package-data-5.0.0.tgz. Extracting by manifest.
399 silly tarball no local data for node-addon-api@https://registry.npmjs.org/node-addon-api/-/node-addon-api-4.3.0.tgz. Extracting by manifest.
400 silly tarball no local data for node-abi@https://registry.npmjs.org/node-abi/-/node-abi-3.92.0.tgz. Extracting by manifest.
401 silly tarball no local data for neo-async@https://registry.npmjs.org/neo-async/-/neo-async-2.6.2.tgz. Extracting by manifest.
402 silly tarball no local data for negotiator@https://registry.npmjs.org/negotiator/-/negotiator-0.6.4.tgz. Extracting by manifest.
403 silly tarball no local data for napi-build-utils@https://registry.npmjs.org/napi-build-utils/-/napi-build-utils-2.0.0.tgz. Extracting by manifest.
404 silly tarball no local data for nanoid@https://registry.npmjs.org/nanoid/-/nanoid-3.3.12.tgz. Extracting by manifest.
405 silly tarball no local data for mustache@https://registry.npmjs.org/mustache/-/mustache-4.2.0.tgz. Extracting by manifest.
406 silly tarball no local data for moment@https://registry.npmjs.org/moment/-/moment-2.30.1.tgz. Extracting by manifest.
407 silly tarball no local data for path-type@https://registry.npmjs.org/path-type/-/path-type-4.0.0.tgz. Extracting by manifest.
408 silly tarball no local data for ms@https://registry.npmjs.org/ms/-/ms-2.1.2.tgz. Extracting by manifest.
409 silly tarball no local data for moment-timezone@https://registry.npmjs.org/moment-timezone/-/moment-timezone-0.5.48.tgz. Extracting by manifest.
410 silly tarball no local data for mkdirp-classic@https://registry.npmjs.org/mkdirp-classic/-/mkdirp-classic-0.5.3.tgz. Extracting by manifest.
411 silly tarball no local data for minipass-sized@https://registry.npmjs.org/minipass-sized/-/minipass-sized-1.0.3.tgz. Extracting by manifest.
412 silly tarball no local data for p-locate@https://registry.npmjs.org/p-locate/-/p-locate-5.0.0.tgz. Extracting by manifest.
413 silly tarball no local data for minipass-flush@https://registry.npmjs.org/minipass-flush/-/minipass-flush-1.0.7.tgz. Extracting by manifest.
414 silly tarball no local data for minizlib@https://registry.npmjs.org/minizlib/-/minizlib-2.1.2.tgz. Extracting by manifest.
415 silly tarball no local data for minipass-json-stream@https://registry.npmjs.org/minipass-json-stream/-/minipass-json-stream-1.0.2.tgz. Extracting by manifest.
416 silly tarball no local data for minipass-fetch@https://registry.npmjs.org/minipass-fetch/-/minipass-fetch-3.0.5.tgz. Extracting by manifest.
417 silly tarball no local data for minipass-collect@https://registry.npmjs.org/minipass-collect/-/minipass-collect-1.0.2.tgz. Extracting by manifest.
418 silly tarball no local data for minipass@https://registry.npmjs.org/minipass/-/minipass-7.1.3.tgz. Extracting by manifest.
419 silly tarball no local data for minimist@https://registry.npmjs.org/minimist/-/minimist-1.2.8.tgz. Extracting by manifest.
420 silly tarball no local data for minimatch@https://registry.npmjs.org/minimatch/-/minimatch-9.0.9.tgz. Extracting by manifest.
421 silly tarball no local data for mini-css-extract-plugin@https://registry.npmjs.org/mini-css-extract-plugin/-/mini-css-extract-plugin-2.10.2.tgz. Extracting by manifest.
422 silly tarball no local data for mimic-response@https://registry.npmjs.org/mimic-response/-/mimic-response-3.1.0.tgz. Extracting by manifest.
423 silly tarball no local data for mime-types@https://registry.npmjs.org/mime-types/-/mime-types-2.1.35.tgz. Extracting by manifest.
424 silly tarball no local data for mime@https://registry.npmjs.org/mime/-/mime-3.0.0.tgz. Extracting by manifest.
425 silly tarball no local data for mime-db@https://registry.npmjs.org/mime-db/-/mime-db-1.52.0.tgz. Extracting by manifest.
426 silly tarball no local data for micromatch@https://registry.npmjs.org/micromatch/-/micromatch-4.0.8.tgz. Extracting by manifest.
427 silly tarball no local data for merge2@https://registry.npmjs.org/merge2/-/merge2-1.4.1.tgz. Extracting by manifest.
428 silly tarball no local data for minipass-pipeline@https://registry.npmjs.org/minipass-pipeline/-/minipass-pipeline-1.2.4.tgz. Extracting by manifest.
429 silly tarball no local data for mkdirp@https://registry.npmjs.org/mkdirp/-/mkdirp-1.0.4.tgz. Extracting by manifest.
430 silly tarball no local data for mdurl@https://registry.npmjs.org/mdurl/-/mdurl-1.0.1.tgz. Extracting by manifest.
431 silly tarball no local data for math-intrinsics@https://registry.npmjs.org/math-intrinsics/-/math-intrinsics-1.1.0.tgz. Extracting by manifest.
432 silly tarball no local data for markdown-it@https://registry.npmjs.org/markdown-it/-/markdown-it-13.0.2.tgz. Extracting by manifest.
433 silly tarball no local data for makeerror@https://registry.npmjs.org/makeerror/-/makeerror-1.0.12.tgz. Extracting by manifest.
434 silly tarball no local data for media-typer@https://registry.npmjs.org/media-typer/-/media-typer-0.3.0.tgz. Extracting by manifest.
435 silly tarball no local data for lowercase-keys@https://registry.npmjs.org/lowercase-keys/-/lowercase-keys-3.0.0.tgz. Extracting by manifest.
436 silly tarball no local data for lru-cache@https://registry.npmjs.org/lru-cache/-/lru-cache-7.18.3.tgz. Extracting by manifest.
437 silly tarball no local data for make-fetch-happen@https://registry.npmjs.org/make-fetch-happen/-/make-fetch-happen-11.1.1.tgz. Extracting by manifest.
438 silly tarball no local data for lodash.isempty@https://registry.npmjs.org/lodash.isempty/-/lodash.isempty-4.4.0.tgz. Extracting by manifest.
439 silly tarball no local data for merge-stream@https://registry.npmjs.org/merge-stream/-/merge-stream-2.0.0.tgz. Extracting by manifest.
440 silly tarball no local data for lodash.castarray@https://registry.npmjs.org/lodash.castarray/-/lodash.castarray-4.4.0.tgz. Extracting by manifest.
441 silly tarball no local data for lodash@https://registry.npmjs.org/lodash/-/lodash-4.18.1.tgz. Extracting by manifest.
442 silly tarball no local data for locate-path@https://registry.npmjs.org/locate-path/-/locate-path-6.0.0.tgz. Extracting by manifest.
443 silly tarball no local data for linkify-it@https://registry.npmjs.org/linkify-it/-/linkify-it-4.0.1.tgz. Extracting by manifest.
444 silly tarball no local data for loader-runner@https://registry.npmjs.org/loader-runner/-/loader-runner-4.3.2.tgz. Extracting by manifest.
445 silly tarball no local data for toidentifier@https://registry.npmjs.org/toidentifier/-/toidentifier-1.0.1.tgz. Extracting by manifest.
446 silly tarball no local data for lodash.compact@https://registry.npmjs.org/lodash.compact/-/lodash.compact-3.0.1.tgz. Extracting by manifest.
447 silly tarball no local data for lightningcss-linux-arm64-gnu@https://registry.npmjs.org/lightningcss-linux-arm64-gnu/-/lightningcss-linux-arm64-gnu-1.32.0.tgz. Extracting by manifest.
448 silly tarball no local data for light-my-request@https://registry.npmjs.org/light-my-request/-/light-my-request-5.14.0.tgz. Extracting by manifest.
449 silly tarball no local data for latest-version@https://registry.npmjs.org/latest-version/-/latest-version-7.0.0.tgz. Extracting by manifest.
450 silly tarball no local data for knex@https://registry.npmjs.org/knex/-/knex-3.2.10.tgz. Extracting by manifest.
451 silly tarball no local data for kleur@https://registry.npmjs.org/kleur/-/kleur-4.1.5.tgz. Extracting by manifest.
452 silly tarball no local data for lightningcss@https://registry.npmjs.org/lightningcss/-/lightningcss-1.32.0.tgz. Extracting by manifest.
453 silly tarball no local data for jsonparse@https://registry.npmjs.org/jsonparse/-/jsonparse-1.3.1.tgz. Extracting by manifest.
454 silly tarball no local data for kind-of@https://registry.npmjs.org/kind-of/-/kind-of-6.0.3.tgz. Extracting by manifest.
455 silly tarball no local data for jsonlines@https://registry.npmjs.org/jsonlines/-/jsonlines-0.1.1.tgz. Extracting by manifest.
456 silly tarball no local data for keyv@https://registry.npmjs.org/keyv/-/keyv-4.5.4.tgz. Extracting by manifest.
457 silly tarball no local data for jsonfile@https://registry.npmjs.org/jsonfile/-/jsonfile-6.2.1.tgz. Extracting by manifest.
458 silly tarball no local data for jstransformer-markdown-it@https://registry.npmjs.org/jstransformer-markdown-it/-/jstransformer-markdown-it-3.0.0.tgz. Extracting by manifest.
459 silly tarball no local data for json5@https://registry.npmjs.org/json5/-/json5-2.2.3.tgz. Extracting by manifest.
460 silly tarball no local data for jstransformer@https://registry.npmjs.org/jstransformer/-/jstransformer-1.0.0.tgz. Extracting by manifest.
461 silly tarball no local data for json-schema-ref-resolver@https://registry.npmjs.org/json-schema-ref-resolver/-/json-schema-ref-resolver-1.0.1.tgz. Extracting by manifest.
462 silly tarball no local data for json-schema-traverse@https://registry.npmjs.org/json-schema-traverse/-/json-schema-traverse-1.0.0.tgz. Extracting by manifest.
463 silly tarball no local data for json-buffer@https://registry.npmjs.org/json-buffer/-/json-buffer-3.0.1.tgz. Extracting by manifest.
464 silly tarball no local data for magic-string@https://registry.npmjs.org/magic-string/-/magic-string-0.30.21.tgz. Extracting by manifest.
465 silly tarball no local data for js-yaml@https://registry.npmjs.org/js-yaml/-/js-yaml-4.2.0.tgz. Extracting by manifest.
466 silly tarball no local data for js-beautify@https://registry.npmjs.org/js-beautify/-/js-beautify-1.15.4.tgz. Extracting by manifest.
467 silly tarball no local data for js-stringify@https://registry.npmjs.org/js-stringify/-/js-stringify-1.0.2.tgz. Extracting by manifest.
468 silly tarball no local data for js-cookie@https://registry.npmjs.org/js-cookie/-/js-cookie-3.0.8.tgz. Extracting by manifest.
469 silly tarball no local data for jquery@https://registry.npmjs.org/jquery/-/jquery-3.7.1.tgz. Extracting by manifest.
470 silly tarball no local data for joycon@https://registry.npmjs.org/joycon/-/joycon-3.1.1.tgz. Extracting by manifest.
471 silly tarball no local data for jest-worker@https://registry.npmjs.org/jest-worker/-/jest-worker-27.5.1.tgz. Extracting by manifest.
472 silly tarball no local data for jju@https://registry.npmjs.org/jju/-/jju-1.4.0.tgz. Extracting by manifest.
473 silly tarball no local data for isobject@https://registry.npmjs.org/isobject/-/isobject-3.0.1.tgz. Extracting by manifest.
474 silly tarball no local data for isexe@https://registry.npmjs.org/isexe/-/isexe-2.0.0.tgz. Extracting by manifest.
475 silly tarball no local data for isbinaryfile@https://registry.npmjs.org/isbinaryfile/-/isbinaryfile-4.0.10.tgz. Extracting by manifest.
476 silly tarball no local data for jackspeak@https://registry.npmjs.org/jackspeak/-/jackspeak-3.4.3.tgz. Extracting by manifest.
477 silly tarball no local data for is-yarn-global@https://registry.npmjs.org/is-yarn-global/-/is-yarn-global-0.4.1.tgz. Extracting by manifest.
478 silly tarball no local data for is-typedarray@https://registry.npmjs.org/is-typedarray/-/is-typedarray-1.0.0.tgz. Extracting by manifest.
479 silly tarball no local data for is-regex@https://registry.npmjs.org/is-regex/-/is-regex-1.2.1.tgz. Extracting by manifest.
480 silly tarball no local data for is-promise@https://registry.npmjs.org/is-promise/-/is-promise-2.2.2.tgz. Extracting by manifest.
481 silly tarball no local data for is-path-inside@https://registry.npmjs.org/is-path-inside/-/is-path-inside-3.0.3.tgz. Extracting by manifest.
482 silly tarball no local data for is-obj@https://registry.npmjs.org/is-obj/-/is-obj-2.0.0.tgz. Extracting by manifest.
483 silly tarball no local data for is-number@https://registry.npmjs.org/is-number/-/is-number-7.0.0.tgz. Extracting by manifest.
484 silly tarball no local data for is-plain-object@https://registry.npmjs.org/is-plain-object/-/is-plain-object-2.0.4.tgz. Extracting by manifest.
485 silly tarball no local data for is-lambda@https://registry.npmjs.org/is-lambda/-/is-lambda-1.0.1.tgz. Extracting by manifest.
486 silly tarball no local data for is-npm@https://registry.npmjs.org/is-npm/-/is-npm-6.1.0.tgz. Extracting by manifest.
487 silly tarball no local data for is-installed-globally@https://registry.npmjs.org/is-installed-globally/-/is-installed-globally-0.4.0.tgz. Extracting by manifest.
488 silly tarball no local data for is-glob@https://registry.npmjs.org/is-glob/-/is-glob-4.0.3.tgz. Extracting by manifest.
489 silly tarball no local data for is-fullwidth-code-point@https://registry.npmjs.org/is-fullwidth-code-point/-/is-fullwidth-code-point-3.0.0.tgz. Extracting by manifest.
490 silly tarball no local data for is-extglob@https://registry.npmjs.org/is-extglob/-/is-extglob-2.1.1.tgz. Extracting by manifest.
491 silly tarball no local data for is-expression@https://registry.npmjs.org/is-expression/-/is-expression-4.0.0.tgz. Extracting by manifest.
492 silly tarball no local data for is-core-module@https://registry.npmjs.org/is-core-module/-/is-core-module-2.16.2.tgz. Extracting by manifest.
493 silly tarball no local data for is-ci@https://registry.npmjs.org/is-ci/-/is-ci-3.0.1.tgz. Extracting by manifest.
494 silly tarball no local data for is-binary-path@https://registry.npmjs.org/is-binary-path/-/is-binary-path-2.1.0.tgz. Extracting by manifest.
495 silly tarball no local data for is-docker@https://registry.npmjs.org/is-docker/-/is-docker-2.2.1.tgz. Extracting by manifest.
496 silly tarball no local data for ip-address@https://registry.npmjs.org/ip-address/-/ip-address-10.2.0.tgz. Extracting by manifest.
497 silly tarball no local data for interpret@https://registry.npmjs.org/interpret/-/interpret-2.2.0.tgz. Extracting by manifest.
498 silly tarball no local data for ipaddr.js@https://registry.npmjs.org/ipaddr.js/-/ipaddr.js-1.9.1.tgz. Extracting by manifest.
499 silly tarball no local data for json-parse-even-better-errors@https://registry.npmjs.org/json-parse-even-better-errors/-/json-parse-even-better-errors-3.0.2.tgz. Extracting by manifest.
500 silly tarball no local data for lightningcss-linux-arm64-musl@https://registry.npmjs.org/lightningcss-linux-arm64-musl/-/lightningcss-linux-arm64-musl-1.32.0.tgz. Extracting by manifest.
501 silly tarball no local data for inflection@https://registry.npmjs.org/inflection/-/inflection-1.13.4.tgz. Extracting by manifest.
502 silly tarball no local data for infer-owner@https://registry.npmjs.org/infer-owner/-/infer-owner-1.0.4.tgz. Extracting by manifest.
503 silly tarball no local data for pg-int8@https://registry.npmjs.org/pg-int8/-/pg-int8-1.0.1.tgz. Extracting by manifest.
504 silly tarball no local data for imurmurhash@https://registry.npmjs.org/imurmurhash/-/imurmurhash-0.1.4.tgz. Extracting by manifest.
505 silly tarball no local data for pg-cloudflare@https://registry.npmjs.org/pg-cloudflare/-/pg-cloudflare-1.4.0.tgz. Extracting by manifest.
506 silly tarball no local data for import-local@https://registry.npmjs.org/import-local/-/import-local-3.2.0.tgz. Extracting by manifest.
507 silly tarball no local data for pathe@https://registry.npmjs.org/pathe/-/pathe-2.0.3.tgz. Extracting by manifest.
508 silly tarball no local data for ini@https://registry.npmjs.org/ini/-/ini-4.1.3.tgz. Extracting by manifest.
509 silly tarball no local data for ignore@https://registry.npmjs.org/ignore/-/ignore-5.3.2.tgz. Extracting by manifest.
510 silly tarball no local data for ieee754@https://registry.npmjs.org/ieee754/-/ieee754-1.2.1.tgz. Extracting by manifest.
511 silly tarball no local data for iconv-lite@https://registry.npmjs.org/iconv-lite/-/iconv-lite-0.6.3.tgz. Extracting by manifest.
512 silly tarball no local data for i18next@https://registry.npmjs.org/i18next/-/i18next-23.16.8.tgz. Extracting by manifest.
513 silly tarball no local data for json-parse-helpfulerror@https://registry.npmjs.org/json-parse-helpfulerror/-/json-parse-helpfulerror-1.0.3.tgz. Extracting by manifest.
514 silly tarball no local data for humanize-ms@https://registry.npmjs.org/humanize-ms/-/humanize-ms-1.2.1.tgz. Extracting by manifest.
515 silly tarball no local data for https-proxy-agent@https://registry.npmjs.org/https-proxy-agent/-/https-proxy-agent-5.0.1.tgz. Extracting by manifest.
516 silly tarball no local data for http-proxy-agent@https://registry.npmjs.org/http-proxy-agent/-/http-proxy-agent-5.0.0.tgz. Extracting by manifest.
517 silly tarball no local data for help-me@https://registry.npmjs.org/help-me/-/help-me-4.2.0.tgz. Extracting by manifest.
518 silly tarball no local data for http-cache-semantics@https://registry.npmjs.org/http-cache-semantics/-/http-cache-semantics-4.2.0.tgz. Extracting by manifest.
519 silly tarball no local data for http2-wrapper@https://registry.npmjs.org/http2-wrapper/-/http2-wrapper-2.2.1.tgz. Extracting by manifest.
520 silly tarball no local data for http-errors@https://registry.npmjs.org/http-errors/-/http-errors-2.0.1.tgz. Extracting by manifest.
521 silly tarball no local data for hosted-git-info@https://registry.npmjs.org/hosted-git-info/-/hosted-git-info-5.2.1.tgz. Extracting by manifest.
522 silly tarball no local data for hasown@https://registry.npmjs.org/hasown/-/hasown-2.0.4.tgz. Extracting by manifest.
523 silly tarball no local data for has-yarn@https://registry.npmjs.org/has-yarn/-/has-yarn-3.0.0.tgz. Extracting by manifest.
524 silly tarball no local data for has-unicode@https://registry.npmjs.org/has-unicode/-/has-unicode-2.0.1.tgz. Extracting by manifest.
525 silly tarball no local data for has-tostringtag@https://registry.npmjs.org/has-tostringtag/-/has-tostringtag-1.0.2.tgz. Extracting by manifest.
526 silly tarball no local data for has-flag@https://registry.npmjs.org/has-flag/-/has-flag-4.0.0.tgz. Extracting by manifest.
527 silly tarball no local data for graceful-fs@https://registry.npmjs.org/graceful-fs/-/graceful-fs-4.2.11.tgz. Extracting by manifest.
528 silly tarball no local data for ignore-walk@https://registry.npmjs.org/ignore-walk/-/ignore-walk-6.0.5.tgz. Extracting by manifest.
529 silly tarball no local data for got@https://registry.npmjs.org/got/-/got-12.6.1.tgz. Extracting by manifest.
530 silly tarball no local data for gopd@https://registry.npmjs.org/gopd/-/gopd-1.2.0.tgz. Extracting by manifest.
531 silly tarball no local data for has-symbols@https://registry.npmjs.org/has-symbols/-/has-symbols-1.1.0.tgz. Extracting by manifest.
532 silly tarball no local data for globby@https://registry.npmjs.org/globby/-/globby-11.1.0.tgz. Extracting by manifest.
533 silly tarball no local data for glob-to-regexp@https://registry.npmjs.org/glob-to-regexp/-/glob-to-regexp-0.4.1.tgz. Extracting by manifest.
534 silly tarball no local data for glob-parent@https://registry.npmjs.org/glob-parent/-/glob-parent-5.1.2.tgz. Extracting by manifest.
535 silly tarball no local data for github-from-package@https://registry.npmjs.org/github-from-package/-/github-from-package-0.0.0.tgz. Extracting by manifest.
536 silly tarball no local data for get-stream@https://registry.npmjs.org/get-stream/-/get-stream-6.0.1.tgz. Extracting by manifest.
537 silly tarball no local data for get-stdin@https://registry.npmjs.org/get-stdin/-/get-stdin-8.0.0.tgz. Extracting by manifest.
538 silly tarball no local data for glob@https://registry.npmjs.org/glob/-/glob-10.5.0.tgz. Extracting by manifest.
539 silly tarball no local data for get-proto@https://registry.npmjs.org/get-proto/-/get-proto-1.0.1.tgz. Extracting by manifest.
540 silly tarball no local data for getopts@https://registry.npmjs.org/getopts/-/getopts-2.3.0.tgz. Extracting by manifest.
541 silly tarball no local data for gauge@https://registry.npmjs.org/gauge/-/gauge-4.0.4.tgz. Extracting by manifest.
542 silly tarball no local data for get-intrinsic@https://registry.npmjs.org/get-intrinsic/-/get-intrinsic-1.3.0.tgz. Extracting by manifest.
543 silly tarball no local data for get-package-type@https://registry.npmjs.org/get-package-type/-/get-package-type-0.1.0.tgz. Extracting by manifest.
544 silly tarball no local data for global-dirs@https://registry.npmjs.org/global-dirs/-/global-dirs-3.0.1.tgz. Extracting by manifest.
545 silly tarball no local data for function-bind@https://registry.npmjs.org/function-bind/-/function-bind-1.1.2.tgz. Extracting by manifest.
546 silly tarball no local data for get-caller-file@https://registry.npmjs.org/get-caller-file/-/get-caller-file-2.0.5.tgz. Extracting by manifest.
547 silly tarball no local data for generify@https://registry.npmjs.org/generify/-/generify-4.2.0.tgz. Extracting by manifest.
548 silly tarball no local data for fs-minipass@https://registry.npmjs.org/fs-minipass/-/fs-minipass-3.0.3.tgz. Extracting by manifest.
549 silly tarball no local data for icss-utils@https://registry.npmjs.org/icss-utils/-/icss-utils-5.1.0.tgz. Extracting by manifest.
550 silly tarball no local data for fs-extra@https://registry.npmjs.org/fs-extra/-/fs-extra-9.1.0.tgz. Extracting by manifest.
551 silly tarball no local data for forwarded@https://registry.npmjs.org/forwarded/-/forwarded-0.2.0.tgz. Extracting by manifest.
552 silly tarball no local data for form-data-encoder@https://registry.npmjs.org/form-data-encoder/-/form-data-encoder-2.1.4.tgz. Extracting by manifest.
553 silly tarball no local data for fp-and-or@https://registry.npmjs.org/fp-and-or/-/fp-and-or-0.1.4.tgz. Extracting by manifest.
554 silly tarball no local data for foreground-child@https://registry.npmjs.org/foreground-child/-/foreground-child-3.3.1.tgz. Extracting by manifest.
555 silly tarball no local data for find-my-way@https://registry.npmjs.org/find-my-way/-/find-my-way-8.2.2.tgz. Extracting by manifest.
556 silly tarball no local data for flat@https://registry.npmjs.org/flat/-/flat-5.0.2.tgz. Extracting by manifest.
557 silly tarball no local data for find-up@https://registry.npmjs.org/find-up/-/find-up-5.0.0.tgz. Extracting by manifest.
558 silly tarball no local data for fill-range@https://registry.npmjs.org/fill-range/-/fill-range-7.1.1.tgz. Extracting by manifest.
559 silly tarball no local data for fastify-reverse-routes@https://registry.npmjs.org/fastify-reverse-routes/-/fastify-reverse-routes-3.0.0.tgz. Extracting by manifest.
560 silly tarball no local data for file-uri-to-path@https://registry.npmjs.org/file-uri-to-path/-/file-uri-to-path-1.0.0.tgz. Extracting by manifest.
561 silly tarball no local data for fastify-objectionjs@https://registry.npmjs.org/fastify-objectionjs/-/fastify-objectionjs-2.0.1.tgz. Extracting by manifest.
562 silly tarball no local data for fastify-plugin@https://registry.npmjs.org/fastify-plugin/-/fastify-plugin-4.5.1.tgz. Extracting by manifest.
563 silly tarball no local data for fastq@https://registry.npmjs.org/fastq/-/fastq-1.20.1.tgz. Extracting by manifest.
564 silly tarball no local data for fastify-error-page@https://registry.npmjs.org/fastify-error-page/-/fastify-error-page-4.0.0.tgz. Extracting by manifest.
565 silly tarball no local data for fastify-method-override@https://registry.npmjs.org/fastify-method-override/-/fastify-method-override-1.5.10.tgz. Extracting by manifest.
566 silly tarball no local data for fastify-cli@https://registry.npmjs.org/fastify-cli/-/fastify-cli-6.3.0.tgz. Extracting by manifest.
567 silly tarball no local data for fastest-levenshtein@https://registry.npmjs.org/fastest-levenshtein/-/fastest-levenshtein-1.0.16.tgz. Extracting by manifest.
568 silly tarball no local data for fast-uri@https://registry.npmjs.org/fast-uri/-/fast-uri-2.4.0.tgz. Extracting by manifest.
569 silly tarball no local data for fast-safe-stringify@https://registry.npmjs.org/fast-safe-stringify/-/fast-safe-stringify-2.1.1.tgz. Extracting by manifest.
570 silly tarball no local data for fastify@https://registry.npmjs.org/fastify/-/fastify-4.29.1.tgz. Extracting by manifest.
571 silly tarball no local data for fast-querystring@https://registry.npmjs.org/fast-querystring/-/fast-querystring-1.1.2.tgz. Extracting by manifest.
572 silly tarball no local data for fast-memoize@https://registry.npmjs.org/fast-memoize/-/fast-memoize-2.5.2.tgz. Extracting by manifest.
573 silly tarball no local data for fast-json-stringify@https://registry.npmjs.org/fast-json-stringify/-/fast-json-stringify-5.16.1.tgz. Extracting by manifest.
574 silly tarball no local data for fast-deep-equal@https://registry.npmjs.org/fast-deep-equal/-/fast-deep-equal-3.1.3.tgz. Extracting by manifest.
575 silly tarball no local data for fast-glob@https://registry.npmjs.org/fast-glob/-/fast-glob-3.3.3.tgz. Extracting by manifest.
576 silly tarball no local data for fs.realpath@https://registry.npmjs.org/fs.realpath/-/fs.realpath-1.0.0.tgz. Extracting by manifest.
577 silly tarball no local data for fast-copy@https://registry.npmjs.org/fast-copy/-/fast-copy-3.0.2.tgz. Extracting by manifest.
578 silly tarball no local data for fast-decode-uri-component@https://registry.npmjs.org/fast-decode-uri-component/-/fast-decode-uri-component-1.0.1.tgz. Extracting by manifest.
579 silly tarball no local data for expect-type@https://registry.npmjs.org/expect-type/-/expect-type-1.3.0.tgz. Extracting by manifest.
580 silly tarball no local data for expand-template@https://registry.npmjs.org/expand-template/-/expand-template-2.0.3.tgz. Extracting by manifest.
581 silly tarball no local data for event-target-shim@https://registry.npmjs.org/event-target-shim/-/event-target-shim-5.0.1.tgz. Extracting by manifest.
582 silly tarball no local data for fast-content-type-parse@https://registry.npmjs.org/fast-content-type-parse/-/fast-content-type-parse-1.1.0.tgz. Extracting by manifest.
583 silly tarball no local data for estree-walker@https://registry.npmjs.org/estree-walker/-/estree-walker-3.0.3.tgz. Extracting by manifest.
584 silly tarball no local data for estraverse@https://registry.npmjs.org/estraverse/-/estraverse-4.3.0.tgz. Extracting by manifest.
585 silly tarball no local data for events@https://registry.npmjs.org/events/-/events-3.3.0.tgz. Extracting by manifest.
586 silly tarball no local data for esrecurse@https://registry.npmjs.org/esrecurse/-/esrecurse-4.3.0.tgz. Extracting by manifest.
587 silly tarball no local data for esm@https://registry.npmjs.org/esm/-/esm-3.2.25.tgz. Extracting by manifest.
588 silly tarball no local data for eslint-scope@https://registry.npmjs.org/eslint-scope/-/eslint-scope-5.1.1.tgz. Extracting by manifest.
589 silly tarball no local data for escape-goat@https://registry.npmjs.org/escape-goat/-/escape-goat-4.0.0.tgz. Extracting by manifest.
590 silly tarball no local data for escalade@https://registry.npmjs.org/escalade/-/escalade-3.2.0.tgz. Extracting by manifest.
591 silly tarball no local data for es-object-atoms@https://registry.npmjs.org/es-object-atoms/-/es-object-atoms-1.1.2.tgz. Extracting by manifest.
592 silly tarball no local data for fs-constants@https://registry.npmjs.org/fs-constants/-/fs-constants-1.0.0.tgz. Extracting by manifest.
593 silly tarball no local data for es-module-lexer@https://registry.npmjs.org/es-module-lexer/-/es-module-lexer-2.1.0.tgz. Extracting by manifest.
594 silly tarball no local data for es-errors@https://registry.npmjs.org/es-errors/-/es-errors-1.3.0.tgz. Extracting by manifest.
595 silly tarball no local data for es-define-property@https://registry.npmjs.org/es-define-property/-/es-define-property-1.0.1.tgz. Extracting by manifest.
596 silly tarball no local data for err-code@https://registry.npmjs.org/err-code/-/err-code-2.0.3.tgz. Extracting by manifest.
597 silly tarball no local data for envinfo@https://registry.npmjs.org/envinfo/-/envinfo-7.21.0.tgz. Extracting by manifest.
598 silly tarball no local data for enhanced-resolve@https://registry.npmjs.org/enhanced-resolve/-/enhanced-resolve-5.22.1.tgz. Extracting by manifest.
599 silly tarball no local data for entities@https://registry.npmjs.org/entities/-/entities-3.0.1.tgz. Extracting by manifest.
600 silly tarball no local data for end-of-stream@https://registry.npmjs.org/end-of-stream/-/end-of-stream-1.4.5.tgz. Extracting by manifest.
601 silly tarball no local data for env-paths@https://registry.npmjs.org/env-paths/-/env-paths-2.2.1.tgz. Extracting by manifest.
602 silly tarball no local data for encoding@https://registry.npmjs.org/encoding/-/encoding-0.1.13.tgz. Extracting by manifest.
603 silly tarball no local data for emoji-regex@https://registry.npmjs.org/emoji-regex/-/emoji-regex-9.2.2.tgz. Extracting by manifest.
604 silly tarball no local data for electron-to-chromium@https://registry.npmjs.org/electron-to-chromium/-/electron-to-chromium-1.5.364.tgz. Extracting by manifest.
605 silly tarball no local data for editorconfig@https://registry.npmjs.org/editorconfig/-/editorconfig-1.0.7.tgz. Extracting by manifest.
606 silly tarball no local data for eastasianwidth@https://registry.npmjs.org/eastasianwidth/-/eastasianwidth-0.2.0.tgz. Extracting by manifest.
607 silly tarball no local data for dunder-proto@https://registry.npmjs.org/dunder-proto/-/dunder-proto-1.0.1.tgz. Extracting by manifest.
608 silly tarball no local data for dotenv@https://registry.npmjs.org/dotenv/-/dotenv-16.6.1.tgz. Extracting by manifest.
609 silly tarball no local data for dot-prop@https://registry.npmjs.org/dot-prop/-/dot-prop-6.0.1.tgz. Extracting by manifest.
610 silly tarball no local data for doctypes@https://registry.npmjs.org/doctypes/-/doctypes-1.1.0.tgz. Extracting by manifest.
611 silly tarball no local data for dottie@https://registry.npmjs.org/dottie/-/dottie-2.0.7.tgz. Extracting by manifest.
612 silly tarball no local data for dir-glob@https://registry.npmjs.org/dir-glob/-/dir-glob-3.0.1.tgz. Extracting by manifest.
613 silly tarball no local data for detect-libc@https://registry.npmjs.org/detect-libc/-/detect-libc-2.1.2.tgz. Extracting by manifest.
614 silly tarball no local data for depd@https://registry.npmjs.org/depd/-/depd-2.0.0.tgz. Extracting by manifest.
615 silly tarball no local data for escape-html@https://registry.npmjs.org/escape-html/-/escape-html-1.0.3.tgz. Extracting by manifest.
616 silly tarball no local data for defer-to-connect@https://registry.npmjs.org/defer-to-connect/-/defer-to-connect-2.0.1.tgz. Extracting by manifest.
617 silly tarball no local data for deep-extend@https://registry.npmjs.org/deep-extend/-/deep-extend-0.6.0.tgz. Extracting by manifest.
618 silly tarball no local data for decompress-response@https://registry.npmjs.org/decompress-response/-/decompress-response-6.0.0.tgz. Extracting by manifest.
619 silly tarball no local data for debug@https://registry.npmjs.org/debug/-/debug-4.3.4.tgz. Extracting by manifest.
620 silly tarball no local data for db-errors@https://registry.npmjs.org/db-errors/-/db-errors-0.2.3.tgz. Extracting by manifest.
621 silly tarball no local data for date-fns@https://registry.npmjs.org/date-fns/-/date-fns-2.30.0.tgz. Extracting by manifest.
622 silly tarball no local data for exponential-backoff@https://registry.npmjs.org/exponential-backoff/-/exponential-backoff-3.1.3.tgz. Extracting by manifest.
623 silly tarball no local data for crypto-random-string@https://registry.npmjs.org/crypto-random-string/-/crypto-random-string-4.0.0.tgz. Extracting by manifest.
624 silly tarball no local data for dateformat@https://registry.npmjs.org/dateformat/-/dateformat-4.6.3.tgz. Extracting by manifest.
625 silly tarball no local data for cross-spawn@https://registry.npmjs.org/cross-spawn/-/cross-spawn-7.0.6.tgz. Extracting by manifest.
626 silly tarball no local data for cssesc@https://registry.npmjs.org/cssesc/-/cssesc-3.0.0.tgz. Extracting by manifest.
627 silly tarball no local data for cookie-signature@https://registry.npmjs.org/cookie-signature/-/cookie-signature-1.2.2.tgz. Extracting by manifest.
628 silly tarball no local data for cookie@https://registry.npmjs.org/cookie/-/cookie-0.7.2.tgz. Extracting by manifest.
629 silly tarball no local data for css-loader@https://registry.npmjs.org/css-loader/-/css-loader-7.1.4.tgz. Extracting by manifest.
630 silly tarball no local data for content-disposition@https://registry.npmjs.org/content-disposition/-/content-disposition-0.5.4.tgz. Extracting by manifest.
631 silly tarball no local data for constantinople@https://registry.npmjs.org/constantinople/-/constantinople-4.0.1.tgz. Extracting by manifest.
632 silly tarball no local data for console-control-strings@https://registry.npmjs.org/console-control-strings/-/console-control-strings-1.1.0.tgz. Extracting by manifest.
633 silly tarball no local data for configstore@https://registry.npmjs.org/configstore/-/configstore-6.0.0.tgz. Extracting by manifest.
634 silly tarball no local data for convert-source-map@https://registry.npmjs.org/convert-source-map/-/convert-source-map-2.0.0.tgz. Extracting by manifest.
635 silly tarball no local data for config-chain@https://registry.npmjs.org/config-chain/-/config-chain-1.1.13.tgz. Extracting by manifest.
636 silly tarball no local data for inherits@https://registry.npmjs.org/inherits/-/inherits-2.0.4.tgz. Extracting by manifest.
637 silly tarball no local data for concat-map@https://registry.npmjs.org/concat-map/-/concat-map-0.0.1.tgz. Extracting by manifest.
638 silly tarball no local data for indent-string@https://registry.npmjs.org/indent-string/-/indent-string-4.0.0.tgz. Extracting by manifest.
639 silly tarball no local data for colorette@https://registry.npmjs.org/colorette/-/colorette-2.0.19.tgz. Extracting by manifest.
640 silly tarball no local data for color-name@https://registry.npmjs.org/color-name/-/color-name-1.1.4.tgz. Extracting by manifest.
641 silly tarball no local data for close-with-grace@https://registry.npmjs.org/close-with-grace/-/close-with-grace-1.3.0.tgz. Extracting by manifest.
642 silly tarball no local data for cliui@https://registry.npmjs.org/cliui/-/cliui-8.0.1.tgz. Extracting by manifest.
643 silly tarball no local data for cli-table3@https://registry.npmjs.org/cli-table3/-/cli-table3-0.6.5.tgz. Extracting by manifest.
644 silly tarball no local data for clone-deep@https://registry.npmjs.org/clone-deep/-/clone-deep-4.0.1.tgz. Extracting by manifest.
645 silly tarball no local data for delegates@https://registry.npmjs.org/delegates/-/delegates-1.0.0.tgz. Extracting by manifest.
646 silly tarball no local data for color-convert@https://registry.npmjs.org/color-convert/-/color-convert-2.0.1.tgz. Extracting by manifest.
647 silly tarball no local data for cli-boxes@https://registry.npmjs.org/cli-boxes/-/cli-boxes-3.0.0.tgz. Extracting by manifest.
648 silly tarball no local data for import-lazy@https://registry.npmjs.org/import-lazy/-/import-lazy-4.0.0.tgz. Extracting by manifest.
649 silly tarball no local data for chownr@https://registry.npmjs.org/chownr/-/chownr-2.0.0.tgz. Extracting by manifest.
650 silly tarball no local data for clean-stack@https://registry.npmjs.org/clean-stack/-/clean-stack-2.2.0.tgz. Extracting by manifest.
651 silly tarball no local data for ci-info@https://registry.npmjs.org/ci-info/-/ci-info-3.9.0.tgz. Extracting by manifest.
652 silly tarball no local data for chokidar@https://registry.npmjs.org/chokidar/-/chokidar-3.6.0.tgz. Extracting by manifest.
653 silly tarball no local data for character-parser@https://registry.npmjs.org/character-parser/-/character-parser-2.2.0.tgz. Extracting by manifest.
654 silly tarball no local data for chai@https://registry.npmjs.org/chai/-/chai-6.2.2.tgz. Extracting by manifest.
655 silly tarball no local data for caniuse-lite@https://registry.npmjs.org/caniuse-lite/-/caniuse-lite-1.0.30001793.tgz. Extracting by manifest.
656 silly tarball no local data for chalk@https://registry.npmjs.org/chalk/-/chalk-4.1.2.tgz. Extracting by manifest.
657 silly tarball no local data for camelcase@https://registry.npmjs.org/camelcase/-/camelcase-7.0.1.tgz. Extracting by manifest.
658 silly tarball no local data for concurrently@https://registry.npmjs.org/concurrently/-/concurrently-8.2.2.tgz. Extracting by manifest.
659 silly tarball no local data for call-bind-apply-helpers@https://registry.npmjs.org/call-bind-apply-helpers/-/call-bind-apply-helpers-1.0.2.tgz. Extracting by manifest.
660 silly tarball no local data for call-bound@https://registry.npmjs.org/call-bound/-/call-bound-1.0.4.tgz. Extracting by manifest.
661 silly tarball no local data for cacache@https://registry.npmjs.org/cacache/-/cacache-17.1.4.tgz. Extracting by manifest.
662 silly tarball no local data for cacheable-request@https://registry.npmjs.org/cacheable-request/-/cacheable-request-10.2.14.tgz. Extracting by manifest.
663 silly tarball no local data for buffer-from@https://registry.npmjs.org/buffer-from/-/buffer-from-1.1.2.tgz. Extracting by manifest.
664 silly tarball no local data for browserslist@https://registry.npmjs.org/browserslist/-/browserslist-4.28.2.tgz. Extracting by manifest.
665 silly tarball no local data for inflight@https://registry.npmjs.org/inflight/-/inflight-1.0.6.tgz. Extracting by manifest.
666 silly tarball no local data for buffer@https://registry.npmjs.org/buffer/-/buffer-5.7.1.tgz. Extracting by manifest.
667 silly tarball no local data for brace-expansion@https://registry.npmjs.org/brace-expansion/-/brace-expansion-2.1.1.tgz. Extracting by manifest.
668 silly tarball no local data for braces@https://registry.npmjs.org/braces/-/braces-3.0.3.tgz. Extracting by manifest.
669 silly tarball no local data for bluebird@https://registry.npmjs.org/bluebird/-/bluebird-3.7.2.tgz. Extracting by manifest.
670 silly tarball no local data for bootstrap@https://registry.npmjs.org/bootstrap/-/bootstrap-5.3.8.tgz. Extracting by manifest.
671 silly tarball no local data for bl@https://registry.npmjs.org/bl/-/bl-4.1.0.tgz. Extracting by manifest.
672 silly tarball no local data for bindings@https://registry.npmjs.org/bindings/-/bindings-1.5.0.tgz. Extracting by manifest.
673 silly tarball no local data for better-sqlite3@https://registry.npmjs.org/better-sqlite3/-/better-sqlite3-12.10.0.tgz. Extracting by manifest.
674 silly tarball no local data for binary-extensions@https://registry.npmjs.org/binary-extensions/-/binary-extensions-2.3.0.tgz. Extracting by manifest.
675 silly tarball no local data for baseline-browser-mapping@https://registry.npmjs.org/baseline-browser-mapping/-/baseline-browser-mapping-2.10.33.tgz. Extracting by manifest.
676 silly tarball no local data for chrome-trace-event@https://registry.npmjs.org/chrome-trace-event/-/chrome-trace-event-1.0.4.tgz. Extracting by manifest.
677 silly tarball no local data for boxen@https://registry.npmjs.org/boxen/-/boxen-7.1.1.tgz. Extracting by manifest.
678 silly tarball no local data for bare-module-resolve@https://registry.npmjs.org/bare-module-resolve/-/bare-module-resolve-1.12.2.tgz. Extracting by manifest.
679 silly tarball no local data for balanced-match@https://registry.npmjs.org/balanced-match/-/balanced-match-1.0.2.tgz. Extracting by manifest.
680 silly tarball no local data for babel-walk@https://registry.npmjs.org/babel-walk/-/babel-walk-3.0.0-canary-5.tgz. Extracting by manifest.
681 silly tarball no local data for avvio@https://registry.npmjs.org/avvio/-/avvio-8.4.0.tgz. Extracting by manifest.
682 silly tarball no local data for cacheable-lookup@https://registry.npmjs.org/cacheable-lookup/-/cacheable-lookup-7.0.0.tgz. Extracting by manifest.
683 silly tarball no local data for atomic-sleep@https://registry.npmjs.org/atomic-sleep/-/atomic-sleep-1.0.0.tgz. Extracting by manifest.
684 silly tarball no local data for bare-addon-resolve@https://registry.npmjs.org/bare-addon-resolve/-/bare-addon-resolve-1.10.0.tgz. Extracting by manifest.
685 silly tarball no local data for assert-never@https://registry.npmjs.org/assert-never/-/assert-never-1.4.0.tgz. Extracting by manifest.
686 silly tarball no local data for asap@https://registry.npmjs.org/asap/-/asap-2.0.6.tgz. Extracting by manifest.
687 silly tarball no local data for base64-js@https://registry.npmjs.org/base64-js/-/base64-js-1.5.1.tgz. Extracting by manifest.
688 silly tarball no local data for at-least-node@https://registry.npmjs.org/at-least-node/-/at-least-node-1.0.0.tgz. Extracting by manifest.
689 silly tarball no local data for argparse@https://registry.npmjs.org/argparse/-/argparse-2.0.1.tgz. Extracting by manifest.
690 silly tarball no local data for aproba@https://registry.npmjs.org/aproba/-/aproba-2.1.0.tgz. Extracting by manifest.
691 silly tarball no local data for ansi-align@https://registry.npmjs.org/ansi-align/-/ansi-align-3.0.1.tgz. Extracting by manifest.
692 silly tarball no local data for anymatch@https://registry.npmjs.org/anymatch/-/anymatch-3.1.3.tgz. Extracting by manifest.
693 silly tarball no local data for ansi-styles@https://registry.npmjs.org/ansi-styles/-/ansi-styles-4.3.0.tgz. Extracting by manifest.
694 silly tarball no local data for are-we-there-yet@https://registry.npmjs.org/are-we-there-yet/-/are-we-there-yet-3.0.1.tgz. Extracting by manifest.
695 silly tarball no local data for ansi-regex@https://registry.npmjs.org/ansi-regex/-/ansi-regex-6.2.2.tgz. Extracting by manifest.
696 silly tarball no local data for ajv-keywords@https://registry.npmjs.org/ajv-keywords/-/ajv-keywords-5.1.0.tgz. Extracting by manifest.
697 silly tarball no local data for aggregate-error@https://registry.npmjs.org/aggregate-error/-/aggregate-error-3.1.0.tgz. Extracting by manifest.
698 silly tarball no local data for ajv-formats@https://registry.npmjs.org/ajv-formats/-/ajv-formats-2.1.1.tgz. Extracting by manifest.
699 silly tarball no local data for ajv@https://registry.npmjs.org/ajv/-/ajv-8.20.0.tgz. Extracting by manifest.
700 silly tarball no local data for agentkeepalive@https://registry.npmjs.org/agentkeepalive/-/agentkeepalive-4.6.0.tgz. Extracting by manifest.
701 silly tarball no local data for acorn@https://registry.npmjs.org/acorn/-/acorn-7.4.1.tgz. Extracting by manifest.
702 silly tarball no local data for agent-base@https://registry.npmjs.org/agent-base/-/agent-base-6.0.2.tgz. Extracting by manifest.
703 silly tarball no local data for abstract-logging@https://registry.npmjs.org/abstract-logging/-/abstract-logging-2.0.1.tgz. Extracting by manifest.
704 silly tarball no local data for @xtuc/ieee754@https://registry.npmjs.org/@xtuc/ieee754/-/ieee754-1.2.0.tgz. Extracting by manifest.
705 silly tarball no local data for array-union@https://registry.npmjs.org/array-union/-/array-union-2.1.0.tgz. Extracting by manifest.
706 silly tarball no local data for commist@https://registry.npmjs.org/commist/-/commist-3.2.0.tgz. Extracting by manifest.
707 silly tarball no local data for @xtuc/long@https://registry.npmjs.org/@xtuc/long/-/long-4.2.2.tgz. Extracting by manifest.
708 silly tarball no local data for abbrev@https://registry.npmjs.org/abbrev/-/abbrev-1.1.1.tgz. Extracting by manifest.
709 silly tarball no local data for commander@https://registry.npmjs.org/commander/-/commander-10.0.1.tgz. Extracting by manifest.
710 silly tarball no local data for color-support@https://registry.npmjs.org/color-support/-/color-support-1.1.3.tgz. Extracting by manifest.
711 silly tarball no local data for @webpack-cli/info@https://registry.npmjs.org/@webpack-cli/info/-/info-2.0.2.tgz. Extracting by manifest.
712 silly tarball no local data for @webpack-cli/serve@https://registry.npmjs.org/@webpack-cli/serve/-/serve-2.0.5.tgz. Extracting by manifest.
713 silly tarball no local data for @webassemblyjs/wasm-parser@https://registry.npmjs.org/@webassemblyjs/wasm-parser/-/wasm-parser-1.14.1.tgz. Extracting by manifest.
714 silly tarball no local data for @webassemblyjs/wast-printer@https://registry.npmjs.org/@webassemblyjs/wast-printer/-/wast-printer-1.14.1.tgz. Extracting by manifest.
715 silly tarball no local data for @webpack-cli/configtest@https://registry.npmjs.org/@webpack-cli/configtest/-/configtest-2.1.1.tgz. Extracting by manifest.
716 silly tarball no local data for @webassemblyjs/utf8@https://registry.npmjs.org/@webassemblyjs/utf8/-/utf8-1.13.2.tgz. Extracting by manifest.
717 silly tarball no local data for @webassemblyjs/ieee754@https://registry.npmjs.org/@webassemblyjs/ieee754/-/ieee754-1.13.2.tgz. Extracting by manifest.
718 silly tarball no local data for @webassemblyjs/leb128@https://registry.npmjs.org/@webassemblyjs/leb128/-/leb128-1.13.2.tgz. Extracting by manifest.
719 silly tarball no local data for @webassemblyjs/helper-wasm-section@https://registry.npmjs.org/@webassemblyjs/helper-wasm-section/-/helper-wasm-section-1.14.1.tgz. Extracting by manifest.
720 silly tarball no local data for abort-controller@https://registry.npmjs.org/abort-controller/-/abort-controller-3.0.0.tgz. Extracting by manifest.
721 silly tarball no local data for @webassemblyjs/helper-wasm-bytecode@https://registry.npmjs.org/@webassemblyjs/helper-wasm-bytecode/-/helper-wasm-bytecode-1.13.2.tgz. Extracting by manifest.
722 silly tarball no local data for @webassemblyjs/helper-numbers@https://registry.npmjs.org/@webassemblyjs/helper-numbers/-/helper-numbers-1.13.2.tgz. Extracting by manifest.
723 silly tarball no local data for @webassemblyjs/ast@https://registry.npmjs.org/@webassemblyjs/ast/-/ast-1.14.1.tgz. Extracting by manifest.
724 silly tarball no local data for @webassemblyjs/helper-buffer@https://registry.npmjs.org/@webassemblyjs/helper-buffer/-/helper-buffer-1.14.1.tgz. Extracting by manifest.
725 silly tarball no local data for @vscode/sqlite3@https://registry.npmjs.org/@vscode/sqlite3/-/sqlite3-5.1.2.tgz. Extracting by manifest.
726 silly tarball no local data for @webassemblyjs/helper-api-error@https://registry.npmjs.org/@webassemblyjs/helper-api-error/-/helper-api-error-1.13.2.tgz. Extracting by manifest.
727 silly tarball no local data for @webassemblyjs/wasm-gen@https://registry.npmjs.org/@webassemblyjs/wasm-gen/-/wasm-gen-1.14.1.tgz. Extracting by manifest.
728 silly tarball no local data for @webassemblyjs/wasm-opt@https://registry.npmjs.org/@webassemblyjs/wasm-opt/-/wasm-opt-1.14.1.tgz. Extracting by manifest.
729 silly tarball no local data for @vitest/spy@https://registry.npmjs.org/@vitest/spy/-/spy-4.1.8.tgz. Extracting by manifest.
730 silly tarball no local data for @webassemblyjs/wasm-edit@https://registry.npmjs.org/@webassemblyjs/wasm-edit/-/wasm-edit-1.14.1.tgz. Extracting by manifest.
731 silly tarball no local data for @webassemblyjs/floating-point-hex-parser@https://registry.npmjs.org/@webassemblyjs/floating-point-hex-parser/-/floating-point-hex-parser-1.13.2.tgz. Extracting by manifest.
732 silly tarball no local data for @vitest/mocker@https://registry.npmjs.org/@vitest/mocker/-/mocker-4.1.8.tgz. Extracting by manifest.
733 silly tarball no local data for @vitest/expect@https://registry.npmjs.org/@vitest/expect/-/expect-4.1.8.tgz. Extracting by manifest.
734 silly tarball no local data for @types/validator@https://registry.npmjs.org/@types/validator/-/validator-13.15.10.tgz. Extracting by manifest.
735 silly tarball no local data for @types/node@https://registry.npmjs.org/@types/node/-/node-20.19.41.tgz. Extracting by manifest.
736 silly tarball no local data for @vitest/pretty-format@https://registry.npmjs.org/@vitest/pretty-format/-/pretty-format-4.1.8.tgz. Extracting by manifest.
737 silly tarball no local data for @vitest/runner@https://registry.npmjs.org/@vitest/runner/-/runner-4.1.8.tgz. Extracting by manifest.
738 silly tarball no local data for @types/stack-trace@https://registry.npmjs.org/@types/stack-trace/-/stack-trace-0.0.29.tgz. Extracting by manifest.
739 silly tarball no local data for @types/deep-eql@https://registry.npmjs.org/@types/deep-eql/-/deep-eql-4.0.2.tgz. Extracting by manifest.
740 silly tarball no local data for @vitest/snapshot@https://registry.npmjs.org/@vitest/snapshot/-/snapshot-4.1.8.tgz. Extracting by manifest.
741 silly tarball no local data for @types/semver-utils@https://registry.npmjs.org/@types/semver-utils/-/semver-utils-1.1.3.tgz. Extracting by manifest.
742 silly tarball no local data for @types/estree@https://registry.npmjs.org/@types/estree/-/estree-1.0.9.tgz. Extracting by manifest.
743 silly tarball no local data for assertion-error@https://registry.npmjs.org/assertion-error/-/assertion-error-2.0.1.tgz. Extracting by manifest.
744 silly tarball no local data for @tybys/wasm-util@https://registry.npmjs.org/@tybys/wasm-util/-/wasm-util-0.10.2.tgz. Extracting by manifest.
745 silly tarball no local data for @types/ms@https://registry.npmjs.org/@types/ms/-/ms-2.1.0.tgz. Extracting by manifest.
746 silly tarball no local data for @types/debug@https://registry.npmjs.org/@types/debug/-/debug-4.1.13.tgz. Extracting by manifest.
747 silly tarball no local data for @tufjs/models@https://registry.npmjs.org/@tufjs/models/-/models-1.0.4.tgz. Extracting by manifest.
748 silly tarball no local data for @tootallnate/once@https://registry.npmjs.org/@tootallnate/once/-/once-2.0.1.tgz. Extracting by manifest.
749 silly tarball no local data for @types/json-schema@https://registry.npmjs.org/@types/json-schema/-/json-schema-7.0.15.tgz. Extracting by manifest.
750 silly tarball no local data for @types/http-cache-semantics@https://registry.npmjs.org/@types/http-cache-semantics/-/http-cache-semantics-4.2.0.tgz. Extracting by manifest.
751 silly tarball no local data for @tufjs/canonical-json@https://registry.npmjs.org/@tufjs/canonical-json/-/canonical-json-1.0.0.tgz. Extracting by manifest.
752 silly tarball no local data for @sindresorhus/is@https://registry.npmjs.org/@sindresorhus/is/-/is-5.6.0.tgz. Extracting by manifest.
753 silly tarball no local data for @types/chai@https://registry.npmjs.org/@types/chai/-/chai-5.2.3.tgz. Extracting by manifest.
754 silly tarball no local data for @standard-schema/spec@https://registry.npmjs.org/@standard-schema/spec/-/spec-1.1.0.tgz. Extracting by manifest.
755 silly tarball no local data for @sigstore/protobuf-specs@https://registry.npmjs.org/@sigstore/protobuf-specs/-/protobuf-specs-0.2.1.tgz. Extracting by manifest.
756 silly tarball no local data for @sigstore/sign@https://registry.npmjs.org/@sigstore/sign/-/sign-1.0.0.tgz. Extracting by manifest.
757 silly tarball no local data for @vitest/utils@https://registry.npmjs.org/@vitest/utils/-/utils-4.1.8.tgz. Extracting by manifest.
758 silly tarball no local data for @rails/ujs@https://registry.npmjs.org/@rails/ujs/-/ujs-7.1.3-4.tgz. Extracting by manifest.
759 silly tarball no local data for @popperjs/core@https://registry.npmjs.org/@popperjs/core/-/core-2.11.8.tgz. Extracting by manifest.
760 silly tarball no local data for @sigstore/tuf@https://registry.npmjs.org/@sigstore/tuf/-/tuf-1.0.3.tgz. Extracting by manifest.
761 silly tarball no local data for @pnpm/npm-conf@https://registry.npmjs.org/@pnpm/npm-conf/-/npm-conf-3.0.2.tgz. Extracting by manifest.
762 silly tarball no local data for @pkgjs/parseargs@https://registry.npmjs.org/@pkgjs/parseargs/-/parseargs-0.11.0.tgz. Extracting by manifest.
763 silly tarball no local data for @sigstore/bundle@https://registry.npmjs.org/@sigstore/bundle/-/bundle-1.1.0.tgz. Extracting by manifest.
764 silly tarball no local data for @pnpm/config.env-replace@https://registry.npmjs.org/@pnpm/config.env-replace/-/config.env-replace-1.1.0.tgz. Extracting by manifest.
765 silly tarball no local data for @pinojs/redact@https://registry.npmjs.org/@pinojs/redact/-/redact-0.4.0.tgz. Extracting by manifest.
766 silly tarball no local data for @oxc-project/types@https://registry.npmjs.org/@oxc-project/types/-/types-0.133.0.tgz. Extracting by manifest.
767 silly tarball no local data for @pnpm/network.ca-file@https://registry.npmjs.org/@pnpm/network.ca-file/-/network.ca-file-1.0.2.tgz. Extracting by manifest.
768 silly tarball no local data for @one-ini/wasm@https://registry.npmjs.org/@one-ini/wasm/-/wasm-0.1.1.tgz. Extracting by manifest.
769 silly tarball no local data for @npmcli/run-script@https://registry.npmjs.org/@npmcli/run-script/-/run-script-6.0.2.tgz. Extracting by manifest.
770 silly tarball no local data for @npmcli/node-gyp@https://registry.npmjs.org/@npmcli/node-gyp/-/node-gyp-3.0.0.tgz. Extracting by manifest.
771 silly tarball no local data for @szmarczak/http-timer@https://registry.npmjs.org/@szmarczak/http-timer/-/http-timer-5.0.1.tgz. Extracting by manifest.
772 silly tarball no local data for @npmcli/move-file@https://registry.npmjs.org/@npmcli/move-file/-/move-file-2.0.1.tgz. Extracting by manifest.
773 silly tarball no local data for @npmcli/git@https://registry.npmjs.org/@npmcli/git/-/git-4.1.0.tgz. Extracting by manifest.
774 silly tarball no local data for @nodelib/fs.walk@https://registry.npmjs.org/@nodelib/fs.walk/-/fs.walk-1.2.8.tgz. Extracting by manifest.
775 silly tarball no local data for @nodelib/fs.stat@https://registry.npmjs.org/@nodelib/fs.stat/-/fs.stat-2.0.5.tgz. Extracting by manifest.
776 silly tarball no local data for @lukeed/ms@https://registry.npmjs.org/@lukeed/ms/-/ms-2.0.2.tgz. Extracting by manifest.
777 silly tarball no local data for @rolldown/pluginutils@https://registry.npmjs.org/@rolldown/pluginutils/-/pluginutils-1.0.1.tgz. Extracting by manifest.
778 silly tarball no local data for @napi-rs/wasm-runtime@https://registry.npmjs.org/@napi-rs/wasm-runtime/-/wasm-runtime-1.1.4.tgz. Extracting by manifest.
779 silly tarball no local data for @npmcli/installed-package-contents@https://registry.npmjs.org/@npmcli/installed-package-contents/-/installed-package-contents-2.1.0.tgz. Extracting by manifest.
780 silly tarball no local data for @nodelib/fs.scandir@https://registry.npmjs.org/@nodelib/fs.scandir/-/fs.scandir-2.1.5.tgz. Extracting by manifest.
781 silly tarball no local data for @jridgewell/trace-mapping@https://registry.npmjs.org/@jridgewell/trace-mapping/-/trace-mapping-0.3.31.tgz. Extracting by manifest.
782 silly tarball no local data for @jridgewell/gen-mapping@https://registry.npmjs.org/@jridgewell/gen-mapping/-/gen-mapping-0.3.13.tgz. Extracting by manifest.
783 silly tarball no local data for @isaacs/cliui@https://registry.npmjs.org/@isaacs/cliui/-/cliui-8.0.2.tgz. Extracting by manifest.
784 silly tarball no local data for @jridgewell/sourcemap-codec@https://registry.npmjs.org/@jridgewell/sourcemap-codec/-/sourcemap-codec-1.5.5.tgz. Extracting by manifest.
785 silly tarball no local data for @gar/promisify@https://registry.npmjs.org/@gar/promisify/-/promisify-1.1.3.tgz. Extracting by manifest.
786 silly tarball no local data for @fastify/view@https://registry.npmjs.org/@fastify/view/-/view-9.1.0.tgz. Extracting by manifest.
787 silly tarball no local data for @jridgewell/source-map@https://registry.npmjs.org/@jridgewell/source-map/-/source-map-0.3.11.tgz. Extracting by manifest.
788 silly tarball no local data for @jridgewell/resolve-uri@https://registry.npmjs.org/@jridgewell/resolve-uri/-/resolve-uri-3.1.2.tgz. Extracting by manifest.
789 silly tarball no local data for @fastify/sensible@https://registry.npmjs.org/@fastify/sensible/-/sensible-5.6.0.tgz. Extracting by manifest.
790 silly tarball no local data for @fastify/secure-session@https://registry.npmjs.org/@fastify/secure-session/-/secure-session-7.5.1.tgz. Extracting by manifest.
791 silly tarball no local data for @fastify/flash@https://registry.npmjs.org/@fastify/flash/-/flash-5.2.0.tgz. Extracting by manifest.
792 silly tarball no local data for @fastify/formbody@https://registry.npmjs.org/@fastify/formbody/-/formbody-7.4.0.tgz. Extracting by manifest.
793 silly tarball no local data for @fastify/fast-json-stringify-compiler@https://registry.npmjs.org/@fastify/fast-json-stringify-compiler/-/fast-json-stringify-compiler-4.3.0.tgz. Extracting by manifest.
794 silly tarball no local data for @fastify/cookie@https://registry.npmjs.org/@fastify/cookie/-/cookie-9.4.0.tgz. Extracting by manifest.
795 silly tarball no local data for @fastify/deepmerge@https://registry.npmjs.org/@fastify/deepmerge/-/deepmerge-2.0.2.tgz. Extracting by manifest.
796 silly tarball no local data for @fastify/accept-negotiator@https://registry.npmjs.org/@fastify/accept-negotiator/-/accept-negotiator-1.1.0.tgz. Extracting by manifest.
797 silly tarball no local data for @fastify/error@https://registry.npmjs.org/@fastify/error/-/error-3.4.1.tgz. Extracting by manifest.
798 silly tarball no local data for @fastify/ajv-compiler@https://registry.npmjs.org/@fastify/ajv-compiler/-/ajv-compiler-3.6.0.tgz. Extracting by manifest.
799 silly tarball no local data for @fastify/send@https://registry.npmjs.org/@fastify/send/-/send-2.1.0.tgz. Extracting by manifest.
800 silly tarball no local data for @fastify/static@https://registry.npmjs.org/@fastify/static/-/static-7.0.4.tgz. Extracting by manifest.
801 silly tarball no local data for @npmcli/fs@https://registry.npmjs.org/@npmcli/fs/-/fs-3.1.1.tgz. Extracting by manifest.
802 silly tarball no local data for @emnapi/wasi-threads@https://registry.npmjs.org/@emnapi/wasi-threads/-/wasi-threads-1.2.1.tgz. Extracting by manifest.
803 silly tarball no local data for @colors/colors@https://registry.npmjs.org/@colors/colors/-/colors-1.5.0.tgz. Extracting by manifest.
804 silly tarball no local data for @emnapi/core@https://registry.npmjs.org/@emnapi/core/-/core-1.10.0.tgz. Extracting by manifest.
805 silly tarball no local data for @fastify/merge-json-schemas@https://registry.npmjs.org/@fastify/merge-json-schemas/-/merge-json-schemas-0.1.1.tgz. Extracting by manifest.
806 silly tarball no local data for @discoveryjs/json-ext@https://registry.npmjs.org/@discoveryjs/json-ext/-/json-ext-0.5.7.tgz. Extracting by manifest.
807 silly tarball no local data for @biomejs/cli-linux-arm64-musl@https://registry.npmjs.org/@biomejs/cli-linux-arm64-musl/-/cli-linux-arm64-musl-2.4.16.tgz. Extracting by manifest.
808 silly tarball no local data for @babel/types@https://registry.npmjs.org/@babel/types/-/types-7.29.7.tgz. Extracting by manifest.
809 silly tarball no local data for @npmcli/promise-spawn@https://registry.npmjs.org/@npmcli/promise-spawn/-/promise-spawn-6.0.2.tgz. Extracting by manifest.
810 silly tarball no local data for bare-semver@https://registry.npmjs.org/bare-semver/-/bare-semver-1.0.3.tgz. Extracting by manifest.
811 silly tarball no local data for @babel/helper-string-parser@https://registry.npmjs.org/@babel/helper-string-parser/-/helper-string-parser-7.29.7.tgz. Extracting by manifest.
812 silly tarball no local data for string-width@https://registry.npmjs.org/string-width/-/string-width-4.2.3.tgz. Extracting by manifest.
813 silly tarball no local data for @biomejs/biome@https://registry.npmjs.org/@biomejs/biome/-/biome-2.4.16.tgz. Extracting by manifest.
814 silly tarball no local data for @babel/parser@https://registry.npmjs.org/@babel/parser/-/parser-7.29.7.tgz. Extracting by manifest.
815 silly tarball no local data for strip-ansi@https://registry.npmjs.org/strip-ansi/-/strip-ansi-6.0.1.tgz. Extracting by manifest.
816 silly tarball no local data for @biomejs/cli-linux-arm64@https://registry.npmjs.org/@biomejs/cli-linux-arm64/-/cli-linux-arm64-2.4.16.tgz. Extracting by manifest.
817 silly tarball no local data for @emnapi/runtime@https://registry.npmjs.org/@emnapi/runtime/-/runtime-1.10.0.tgz. Extracting by manifest.
818 silly tarball no local data for ansi-regex@https://registry.npmjs.org/ansi-regex/-/ansi-regex-5.0.1.tgz. Extracting by manifest.
819 silly tarball no local data for @babel/runtime@https://registry.npmjs.org/@babel/runtime/-/runtime-7.29.7.tgz. Extracting by manifest.
820 silly tarball no local data for string-width@https://registry.npmjs.org/string-width/-/string-width-4.2.3.tgz. Extracting by manifest.
821 silly tarball no local data for ansi-regex@https://registry.npmjs.org/ansi-regex/-/ansi-regex-5.0.1.tgz. Extracting by manifest.
822 silly tarball no local data for @babel/helper-validator-identifier@https://registry.npmjs.org/@babel/helper-validator-identifier/-/helper-validator-identifier-7.29.7.tgz. Extracting by manifest.
823 silly tarball no local data for signal-exit@https://registry.npmjs.org/signal-exit/-/signal-exit-3.0.7.tgz. Extracting by manifest.
824 silly tarball no local data for emoji-regex@https://registry.npmjs.org/emoji-regex/-/emoji-regex-8.0.0.tgz. Extracting by manifest.
825 silly tarball no local data for ansi-styles@https://registry.npmjs.org/ansi-styles/-/ansi-styles-6.2.3.tgz. Extracting by manifest.
826 silly tarball no local data for emoji-regex@https://registry.npmjs.org/emoji-regex/-/emoji-regex-8.0.0.tgz. Extracting by manifest.
827 silly tarball no local data for ansi-regex@https://registry.npmjs.org/ansi-regex/-/ansi-regex-5.0.1.tgz. Extracting by manifest.
828 silly tarball no local data for mime-db@https://registry.npmjs.org/mime-db/-/mime-db-1.54.0.tgz. Extracting by manifest.
829 silly tarball no local data for string-width@https://registry.npmjs.org/string-width/-/string-width-4.2.3.tgz. Extracting by manifest.
830 silly tarball no local data for strip-ansi@https://registry.npmjs.org/strip-ansi/-/strip-ansi-6.0.1.tgz. Extracting by manifest.
831 silly tarball no local data for interpret@https://registry.npmjs.org/interpret/-/interpret-3.1.1.tgz. Extracting by manifest.
832 silly tarball no local data for acorn@https://registry.npmjs.org/acorn/-/acorn-8.16.0.tgz. Extracting by manifest.
833 silly tarball no local data for picomatch@https://registry.npmjs.org/picomatch/-/picomatch-4.0.4.tgz. Extracting by manifest.
834 silly tarball no local data for picomatch@https://registry.npmjs.org/picomatch/-/picomatch-4.0.4.tgz. Extracting by manifest.
835 silly tarball no local data for chalk@https://registry.npmjs.org/chalk/-/chalk-5.6.2.tgz. Extracting by manifest.
836 silly tarball no local data for acorn-import-phases@https://registry.npmjs.org/acorn-import-phases/-/acorn-import-phases-1.0.4.tgz. Extracting by manifest.
837 silly tarball no local data for commander@https://registry.npmjs.org/commander/-/commander-2.20.3.tgz. Extracting by manifest.
838 silly tarball no local data for minipass@https://registry.npmjs.org/minipass/-/minipass-5.0.0.tgz. Extracting by manifest.
839 silly tarball no local data for cookie@https://registry.npmjs.org/cookie/-/cookie-0.4.2.tgz. Extracting by manifest.
840 silly tarball no local data for fdir@https://registry.npmjs.org/fdir/-/fdir-6.5.0.tgz. Extracting by manifest.
841 silly tarball no local data for acorn@https://registry.npmjs.org/acorn/-/acorn-8.16.0.tgz. Extracting by manifest.
842 silly tarball no local data for picomatch@https://registry.npmjs.org/picomatch/-/picomatch-4.0.4.tgz. Extracting by manifest.
843 silly tarball no local data for chownr@https://registry.npmjs.org/chownr/-/chownr-1.1.4.tgz. Extracting by manifest.
844 silly tarball no local data for fs-minipass@https://registry.npmjs.org/fs-minipass/-/fs-minipass-2.1.0.tgz. Extracting by manifest.
845 silly tarball no local data for strip-ansi@https://registry.npmjs.org/strip-ansi/-/strip-ansi-6.0.1.tgz. Extracting by manifest.
846 silly tarball no local data for strip-ansi@https://registry.npmjs.org/strip-ansi/-/strip-ansi-6.0.1.tgz. Extracting by manifest.
847 silly tarball no local data for ansi-regex@https://registry.npmjs.org/ansi-regex/-/ansi-regex-5.0.1.tgz. Extracting by manifest.
848 silly tarball no local data for unique-filename@https://registry.npmjs.org/unique-filename/-/unique-filename-1.1.1.tgz. Extracting by manifest.
849 silly tarball no local data for emoji-regex@https://registry.npmjs.org/emoji-regex/-/emoji-regex-8.0.0.tgz. Extracting by manifest.
850 silly tarball no local data for unique-slug@https://registry.npmjs.org/unique-slug/-/unique-slug-2.0.2.tgz. Extracting by manifest.
851 silly tarball no local data for node-addon-api@https://registry.npmjs.org/node-addon-api/-/node-addon-api-7.1.1.tgz. Extracting by manifest.
852 silly tarball no local data for minipass-fetch@https://registry.npmjs.org/minipass-fetch/-/minipass-fetch-1.4.1.tgz. Extracting by manifest.
853 silly tarball no local data for make-fetch-happen@https://registry.npmjs.org/make-fetch-happen/-/make-fetch-happen-9.1.0.tgz. Extracting by manifest.
854 silly tarball no local data for minimatch@https://registry.npmjs.org/minimatch/-/minimatch-3.1.5.tgz. Extracting by manifest.
855 silly tarball no local data for minipass@https://registry.npmjs.org/minipass/-/minipass-3.3.6.tgz. Extracting by manifest.
856 silly tarball no local data for ansi-regex@https://registry.npmjs.org/ansi-regex/-/ansi-regex-5.0.1.tgz. Extracting by manifest.
857 silly tarball no local data for glob@https://registry.npmjs.org/glob/-/glob-7.2.3.tgz. Extracting by manifest.
858 silly tarball no local data for fs-minipass@https://registry.npmjs.org/fs-minipass/-/fs-minipass-2.1.0.tgz. Extracting by manifest.
859 silly tarball no local data for lru-cache@https://registry.npmjs.org/lru-cache/-/lru-cache-6.0.0.tgz. Extracting by manifest.
860 silly tarball no local data for brace-expansion@https://registry.npmjs.org/brace-expansion/-/brace-expansion-1.1.15.tgz. Extracting by manifest.
861 silly tarball no local data for @tootallnate/once@https://registry.npmjs.org/@tootallnate/once/-/once-1.1.2.tgz. Extracting by manifest.
862 silly tarball no local data for rimraf@https://registry.npmjs.org/rimraf/-/rimraf-3.0.2.tgz. Extracting by manifest.
863 silly tarball no local data for cacache@https://registry.npmjs.org/cacache/-/cacache-15.3.0.tgz. Extracting by manifest.
864 silly tarball no local data for @npmcli/move-file@https://registry.npmjs.org/@npmcli/move-file/-/move-file-1.1.2.tgz. Extracting by manifest.
865 silly tarball no local data for minipass@https://registry.npmjs.org/minipass/-/minipass-3.3.6.tgz. Extracting by manifest.
866 silly tarball no local data for @npmcli/fs@https://registry.npmjs.org/@npmcli/fs/-/fs-1.1.1.tgz. Extracting by manifest.
867 silly tarball no local data for yargs@https://registry.npmjs.org/yargs/-/yargs-16.2.0.tgz. Extracting by manifest.
868 silly tarball no local data for socks-proxy-agent@https://registry.npmjs.org/socks-proxy-agent/-/socks-proxy-agent-6.2.1.tgz. Extracting by manifest.
869 silly tarball no local data for string-width@https://registry.npmjs.org/string-width/-/string-width-4.2.3.tgz. Extracting by manifest.
870 silly tarball no local data for nopt@https://registry.npmjs.org/nopt/-/nopt-5.0.0.tgz. Extracting by manifest.
871 silly tarball no local data for node-gyp@https://registry.npmjs.org/node-gyp/-/node-gyp-8.4.1.tgz. Extracting by manifest.
872 silly tarball no local data for ssri@https://registry.npmjs.org/ssri/-/ssri-8.0.1.tgz. Extracting by manifest.
873 silly tarball no local data for yargs-parser@https://registry.npmjs.org/yargs-parser/-/yargs-parser-20.2.9.tgz. Extracting by manifest.
874 silly tarball no local data for strip-ansi@https://registry.npmjs.org/strip-ansi/-/strip-ansi-6.0.1.tgz. Extracting by manifest.
875 silly tarball no local data for strip-json-comments@https://registry.npmjs.org/strip-json-comments/-/strip-json-comments-2.0.1.tgz. Extracting by manifest.
876 silly tarball no local data for emoji-regex@https://registry.npmjs.org/emoji-regex/-/emoji-regex-8.0.0.tgz. Extracting by manifest.
877 silly tarball no local data for ansi-regex@https://registry.npmjs.org/ansi-regex/-/ansi-regex-5.0.1.tgz. Extracting by manifest.
878 silly tarball no local data for debug@https://registry.npmjs.org/debug/-/debug-4.4.3.tgz. Extracting by manifest.
879 silly tarball no local data for p-locate@https://registry.npmjs.org/p-locate/-/p-locate-3.0.0.tgz. Extracting by manifest.
880 silly tarball no local data for ms@https://registry.npmjs.org/ms/-/ms-2.1.3.tgz. Extracting by manifest.
881 silly tarball no local data for wrap-ansi@https://registry.npmjs.org/wrap-ansi/-/wrap-ansi-7.0.0.tgz. Extracting by manifest.
882 silly tarball no local data for ini@https://registry.npmjs.org/ini/-/ini-1.3.8.tgz. Extracting by manifest.
883 silly tarball no local data for locate-path@https://registry.npmjs.org/locate-path/-/locate-path-5.0.0.tgz. Extracting by manifest.
884 silly tarball no local data for find-up@https://registry.npmjs.org/find-up/-/find-up-3.0.0.tgz. Extracting by manifest.
885 silly tarball no local data for p-limit@https://registry.npmjs.org/p-limit/-/p-limit-2.3.0.tgz. Extracting by manifest.
886 silly tarball no local data for http-proxy-agent@https://registry.npmjs.org/http-proxy-agent/-/http-proxy-agent-4.0.1.tgz. Extracting by manifest.
887 silly tarball no local data for p-locate@https://registry.npmjs.org/p-locate/-/p-locate-4.1.0.tgz. Extracting by manifest.
888 silly tarball no local data for path-exists@https://registry.npmjs.org/path-exists/-/path-exists-3.0.0.tgz. Extracting by manifest.
889 silly tarball no local data for strip-json-comments@https://registry.npmjs.org/strip-json-comments/-/strip-json-comments-3.1.1.tgz. Extracting by manifest.
890 silly tarball no local data for find-up@https://registry.npmjs.org/find-up/-/find-up-4.1.0.tgz. Extracting by manifest.
891 silly tarball no local data for help-me@https://registry.npmjs.org/help-me/-/help-me-5.0.0.tgz. Extracting by manifest.
892 silly tarball no local data for locate-path@https://registry.npmjs.org/locate-path/-/locate-path-3.0.0.tgz. Extracting by manifest.
893 silly tarball no local data for split2@https://registry.npmjs.org/split2/-/split2-4.2.0.tgz. Extracting by manifest.
894 silly tarball no local data for readable-stream@https://registry.npmjs.org/readable-stream/-/readable-stream-4.7.0.tgz. Extracting by manifest.
895 silly tarball no local data for process-warning@https://registry.npmjs.org/process-warning/-/process-warning-5.0.0.tgz. Extracting by manifest.
896 silly tarball no local data for buffer@https://registry.npmjs.org/buffer/-/buffer-6.0.3.tgz. Extracting by manifest.
897 silly tarball no local data for pg-connection-string@https://registry.npmjs.org/pg-connection-string/-/pg-connection-string-2.13.0.tgz. Extracting by manifest.
898 silly tarball no local data for p-limit@https://registry.npmjs.org/p-limit/-/p-limit-2.3.0.tgz. Extracting by manifest.
899 silly tarball no local data for minipass@https://registry.npmjs.org/minipass/-/minipass-5.0.0.tgz. Extracting by manifest.
900 silly tarball no local data for hosted-git-info@https://registry.npmjs.org/hosted-git-info/-/hosted-git-info-6.1.3.tgz. Extracting by manifest.
901 silly tarball no local data for split2@https://registry.npmjs.org/split2/-/split2-4.2.0.tgz. Extracting by manifest.
902 silly tarball no local data for emoji-regex@https://registry.npmjs.org/emoji-regex/-/emoji-regex-8.0.0.tgz. Extracting by manifest.
903 silly tarball no local data for unique-slug@https://registry.npmjs.org/unique-slug/-/unique-slug-3.0.0.tgz. Extracting by manifest.
904 silly tarball no local data for unique-filename@https://registry.npmjs.org/unique-filename/-/unique-filename-2.0.1.tgz. Extracting by manifest.
905 silly tarball no local data for cacache@https://registry.npmjs.org/cacache/-/cacache-16.1.3.tgz. Extracting by manifest.
906 silly tarball no local data for minimatch@https://registry.npmjs.org/minimatch/-/minimatch-3.1.5.tgz. Extracting by manifest.
907 silly tarball no local data for minipass-fetch@https://registry.npmjs.org/minipass-fetch/-/minipass-fetch-2.1.2.tgz. Extracting by manifest.
908 silly tarball no local data for make-fetch-happen@https://registry.npmjs.org/make-fetch-happen/-/make-fetch-happen-10.2.1.tgz. Extracting by manifest.
909 silly tarball no local data for minipass@https://registry.npmjs.org/minipass/-/minipass-5.0.0.tgz. Extracting by manifest.
910 silly tarball no local data for fs-minipass@https://registry.npmjs.org/fs-minipass/-/fs-minipass-2.1.0.tgz. Extracting by manifest.
911 silly tarball no local data for glob@https://registry.npmjs.org/glob/-/glob-7.2.3.tgz. Extracting by manifest.
912 silly tarball no local data for lru-cache@https://registry.npmjs.org/lru-cache/-/lru-cache-10.4.3.tgz. Extracting by manifest.
913 silly tarball no local data for rimraf@https://registry.npmjs.org/rimraf/-/rimraf-3.0.2.tgz. Extracting by manifest.
914 silly tarball no local data for ssri@https://registry.npmjs.org/ssri/-/ssri-9.0.1.tgz. Extracting by manifest.
915 silly tarball no local data for @npmcli/fs@https://registry.npmjs.org/@npmcli/fs/-/fs-2.1.2.tgz. Extracting by manifest.
916 silly tarball no local data for minimatch@https://registry.npmjs.org/minimatch/-/minimatch-5.1.9.tgz. Extracting by manifest.
917 silly tarball no local data for chalk@https://registry.npmjs.org/chalk/-/chalk-5.6.2.tgz. Extracting by manifest.
918 silly tarball no local data for minipass@https://registry.npmjs.org/minipass/-/minipass-3.3.6.tgz. Extracting by manifest.
919 silly tarball no local data for glob@https://registry.npmjs.org/glob/-/glob-8.1.0.tgz. Extracting by manifest.
920 silly tarball no local data for brace-expansion@https://registry.npmjs.org/brace-expansion/-/brace-expansion-1.1.15.tgz. Extracting by manifest.
921 silly tarball no local data for minipass@https://registry.npmjs.org/minipass/-/minipass-3.3.6.tgz. Extracting by manifest.
922 silly tarball no local data for brace-expansion@https://registry.npmjs.org/brace-expansion/-/brace-expansion-2.1.1.tgz. Extracting by manifest.
923 silly tarball no local data for minipass@https://registry.npmjs.org/minipass/-/minipass-3.3.6.tgz. Extracting by manifest.
924 silly tarball no local data for nopt@https://registry.npmjs.org/nopt/-/nopt-7.2.1.tgz. Extracting by manifest.
925 silly tarball no local data for minipass@https://registry.npmjs.org/minipass/-/minipass-3.3.6.tgz. Extracting by manifest.
926 silly tarball no local data for minipass@https://registry.npmjs.org/minipass/-/minipass-3.3.6.tgz. Extracting by manifest.
927 silly tarball no local data for minipass@https://registry.npmjs.org/minipass/-/minipass-3.3.6.tgz. Extracting by manifest.
928 silly tarball no local data for minipass@https://registry.npmjs.org/minipass/-/minipass-5.0.0.tgz. Extracting by manifest.
929 silly tarball no local data for abbrev@https://registry.npmjs.org/abbrev/-/abbrev-2.0.0.tgz. Extracting by manifest.
930 silly tarball no local data for minipass@https://registry.npmjs.org/minipass/-/minipass-3.3.6.tgz. Extracting by manifest.
931 silly tarball no local data for strip-ansi@https://registry.npmjs.org/strip-ansi/-/strip-ansi-6.0.1.tgz. Extracting by manifest.
932 silly tarball no local data for emoji-regex@https://registry.npmjs.org/emoji-regex/-/emoji-regex-8.0.0.tgz. Extracting by manifest.
933 silly tarball no local data for glob@https://registry.npmjs.org/glob/-/glob-8.1.0.tgz. Extracting by manifest.
934 silly tarball no local data for signal-exit@https://registry.npmjs.org/signal-exit/-/signal-exit-3.0.7.tgz. Extracting by manifest.
935 silly tarball no local data for ini@https://registry.npmjs.org/ini/-/ini-2.0.0.tgz. Extracting by manifest.
936 silly tarball no local data for string-width@https://registry.npmjs.org/string-width/-/string-width-4.2.3.tgz. Extracting by manifest.
937 silly tarball no local data for pg-connection-string@https://registry.npmjs.org/pg-connection-string/-/pg-connection-string-2.6.1.tgz. Extracting by manifest.
938 silly tarball no local data for fastify-plugin@https://registry.npmjs.org/fastify-plugin/-/fastify-plugin-3.0.1.tgz. Extracting by manifest.
939 silly tarball no local data for ansi-regex@https://registry.npmjs.org/ansi-regex/-/ansi-regex-5.0.1.tgz. Extracting by manifest.
940 silly tarball no local data for fastify-plugin@https://registry.npmjs.org/fastify-plugin/-/fastify-plugin-2.3.4.tgz. Extracting by manifest.
941 silly tarball no local data for knex@https://registry.npmjs.org/knex/-/knex-2.5.1.tgz. Extracting by manifest.
942 silly tarball no local data for type-fest@https://registry.npmjs.org/type-fest/-/type-fest-1.4.0.tgz. Extracting by manifest.
943 silly tarball no local data for estraverse@https://registry.npmjs.org/estraverse/-/estraverse-5.3.0.tgz. Extracting by manifest.
944 silly tarball no local data for ajv-formats@https://registry.npmjs.org/ajv-formats/-/ajv-formats-3.0.1.tgz. Extracting by manifest.
945 silly tarball no local data for string-width@https://registry.npmjs.org/string-width/-/string-width-4.2.3.tgz. Extracting by manifest.
946 silly tarball no local data for emoji-regex@https://registry.npmjs.org/emoji-regex/-/emoji-regex-8.0.0.tgz. Extracting by manifest.
947 silly tarball no local data for wrap-ansi@https://registry.npmjs.org/wrap-ansi/-/wrap-ansi-7.0.0.tgz. Extracting by manifest.
948 silly tarball no local data for ini@https://registry.npmjs.org/ini/-/ini-1.3.8.tgz. Extracting by manifest.
949 silly tarball no local data for strip-ansi@https://registry.npmjs.org/strip-ansi/-/strip-ansi-6.0.1.tgz. Extracting by manifest.
950 silly tarball no local data for hosted-git-info@https://registry.npmjs.org/hosted-git-info/-/hosted-git-info-6.1.3.tgz. Extracting by manifest.
951 silly tarball no local data for ansi-regex@https://registry.npmjs.org/ansi-regex/-/ansi-regex-5.0.1.tgz. Extracting by manifest.
952 silly tarball no local data for string-width@https://registry.npmjs.org/string-width/-/string-width-4.2.3.tgz. Extracting by manifest.
953 silly tarball no local data for minimatch@https://registry.npmjs.org/minimatch/-/minimatch-5.1.9.tgz. Extracting by manifest.
954 silly tarball no local data for emoji-regex@https://registry.npmjs.org/emoji-regex/-/emoji-regex-8.0.0.tgz. Extracting by manifest.
955 silly tarball no local data for emoji-regex@https://registry.npmjs.org/emoji-regex/-/emoji-regex-8.0.0.tgz. Extracting by manifest.
956 silly tarball no local data for cliui@https://registry.npmjs.org/cliui/-/cliui-7.0.4.tgz. Extracting by manifest.
957 silly tarball no local data for strip-ansi@https://registry.npmjs.org/strip-ansi/-/strip-ansi-6.0.1.tgz. Extracting by manifest.
958 silly tarball no local data for supports-color@https://registry.npmjs.org/supports-color/-/supports-color-7.2.0.tgz. Extracting by manifest.
959 silly tarball no local data for chalk@https://registry.npmjs.org/chalk/-/chalk-5.6.2.tgz. Extracting by manifest.
960 silly tarball no local data for mimic-response@https://registry.npmjs.org/mimic-response/-/mimic-response-4.0.0.tgz. Extracting by manifest.
961 silly tarball no local data for fast-uri@https://registry.npmjs.org/fast-uri/-/fast-uri-3.1.2.tgz. Extracting by manifest.
962 silly tarball no local data for which@https://registry.npmjs.org/which/-/which-3.0.1.tgz. Extracting by manifest.
963 silly tarball no local data for ansi-regex@https://registry.npmjs.org/ansi-regex/-/ansi-regex-5.0.1.tgz. Extracting by manifest.
964 silly tarball no local data for graceful-fs@https://registry.npmjs.org/graceful-fs/-/graceful-fs-4.2.10.tgz. Extracting by manifest.
965 silly tarball no local data for which@https://registry.npmjs.org/which/-/which-3.0.1.tgz. Extracting by manifest.
966 silly tarball no local data for rimraf@https://registry.npmjs.org/rimraf/-/rimraf-3.0.2.tgz. Extracting by manifest.
967 silly tarball no local data for http-errors@https://registry.npmjs.org/http-errors/-/http-errors-2.0.0.tgz. Extracting by manifest.
968 silly tarball no local data for ansi-regex@https://registry.npmjs.org/ansi-regex/-/ansi-regex-5.0.1.tgz. Extracting by manifest.
969 silly tarball no local data for string-width@https://registry.npmjs.org/string-width/-/string-width-4.2.3.tgz. Extracting by manifest.
970 silly tarball no local data for glob@https://registry.npmjs.org/glob/-/glob-7.2.3.tgz. Extracting by manifest.
971 silly tarball no local data for strip-ansi@https://registry.npmjs.org/strip-ansi/-/strip-ansi-6.0.1.tgz. Extracting by manifest.
972 silly tarball no local data for statuses@https://registry.npmjs.org/statuses/-/statuses-2.0.1.tgz. Extracting by manifest.
973 silly tarball no local data for brace-expansion@https://registry.npmjs.org/brace-expansion/-/brace-expansion-1.1.15.tgz. Extracting by manifest.
974 silly tarball no local data for minimatch@https://registry.npmjs.org/minimatch/-/minimatch-3.1.5.tgz. Extracting by manifest.
975 silly tarball no local data for which@https://registry.npmjs.org/which/-/which-3.0.1.tgz. Extracting by manifest.
976 http fetch GET 200 https://registry.npmjs.org/npm 1009ms
977 http fetch POST 200 https://registry.npmjs.org/-/npm/v1/security/advisories/bulk 1996ms
978 timing auditReport:getReport Completed in 2001ms
979 silly audit report {
979 silly audit report   '@fastify/static': [
979 silly audit report     {
979 silly audit report       id: 1124285,
979 silly audit report       url: 'https://github.com/advisories/GHSA-8pvw-jcv7-9cmj',
979 silly audit report       title: '@fastify/static vulnerable to Authorization Bypass via Non-Canonical URL Paths',
979 silly audit report       severity: 'moderate',
979 silly audit report       vulnerable_versions: '<=10.1.1',
979 silly audit report       cwe: [Array],
979 silly audit report       cvss: [Object]
979 silly audit report     },
979 silly audit report     {
979 silly audit report       id: 1124286,
979 silly audit report       url: 'https://github.com/advisories/GHSA-83w8-p2f5-377r',
979 silly audit report       title: '@fastify/static vulnerable to route guard bypass via path traversal',
979 silly audit report       severity: 'high',
979 silly audit report       vulnerable_versions: '<=10.1.0',
979 silly audit report       cwe: [Array],
979 silly audit report       cvss: [Object]
979 silly audit report     }
979 silly audit report   ],
979 silly audit report   'brace-expansion': [
979 silly audit report     {
979 silly audit report       id: 1123896,
979 silly audit report       url: 'https://github.com/advisories/GHSA-3jxr-9vmj-r5cp',
979 silly audit report       title: 'brace-expansion: DoS via exponential-time expansion of consecutive non-expanding {} groups',
979 silly audit report       severity: 'high',
979 silly audit report       vulnerable_versions: '>=2.0.0 <2.1.2',
979 silly audit report       cwe: [Array],
979 silly audit report       cvss: [Object]
979 silly audit report     },
979 silly audit report     {
979 silly audit report       id: 1123897,
979 silly audit report       url: 'https://github.com/advisories/GHSA-3jxr-9vmj-r5cp',
979 silly audit report       title: 'brace-expansion: DoS via exponential-time expansion of consecutive non-expanding {} groups',
979 silly audit report       severity: 'high',
979 silly audit report       vulnerable_versions: '<1.1.16',
979 silly audit report       cwe: [Array],
979 silly audit report       cvss: [Object]
979 silly audit report     },
979 silly audit report     {
979 silly audit report       id: 1124334,
979 silly audit report       url: 'https://github.com/advisories/GHSA-mh99-v99m-4gvg',
979 silly audit report       title: 'brace-expansion: DoS via unbounded expansion length causing an out-of-memory process crash',
979 silly audit report       severity: 'high',
979 silly audit report       vulnerable_versions: '<=5.0.7',
979 silly audit report       cwe: [Array],
979 silly audit report       cvss: [Object]
979 silly audit report     }
979 silly audit report   ],
979 silly audit report   '@tootallnate/once': [
979 silly audit report     {
979 silly audit report       id: 1119438,
979 silly audit report       url: 'https://github.com/advisories/GHSA-vpq2-c234-7xj6',
979 silly audit report       title: '@tootallnate/once vulnerable to Incorrect Control Flow Scoping',
979 silly audit report       severity: 'low',
979 silly audit report       vulnerable_versions: '<2.0.1',
979 silly audit report       cwe: [Array],
979 silly audit report       cvss: [Object]
979 silly audit report     }
979 silly audit report   ],
979 silly audit report   'fast-uri': [
979 silly audit report     {
979 silly audit report       id: 1130177,
979 silly audit report       url: 'https://github.com/advisories/GHSA-4c8g-83qw-93j6',
979 silly audit report       title: 'fast-uri vulnerable to host confusion via failed IDN canonicalization',
979 silly audit report       severity: 'high',
979 silly audit report       vulnerable_versions: '>=2.3.1 <2.4.2',
979 silly audit report       cwe: [Array],
979 silly audit report       cvss: [Object]
979 silly audit report     },
979 silly audit report     {
979 silly audit report       id: 1130178,
979 silly audit report       url: 'https://github.com/advisories/GHSA-4c8g-83qw-93j6',
979 silly audit report       title: 'fast-uri vulnerable to host confusion via failed IDN canonicalization',
979 silly audit report       severity: 'high',
979 silly audit report       vulnerable_versions: '>=3.0.0 <3.1.3',
979 silly audit report       cwe: [Array],
979 silly audit report       cvss: [Object]
979 silly audit report     },
979 silly audit report     {
979 silly audit report       id: 1117884,
979 silly audit report       url: 'https://github.com/advisories/GHSA-v39h-62p7-jpjc',
979 silly audit report       title: 'fast-uri vulnerable to host confusion via percent-encoded authority delimiters',
979 silly audit report       severity: 'high',
979 silly audit report       vulnerable_versions: '<=3.1.1',
979 silly audit report       cwe: [Array],
979 silly audit report       cvss: [Object]
979 silly audit report     },
979 silly audit report     {
979 silly audit report       id: 1117870,
979 silly audit report       url: 'https://github.com/advisories/GHSA-q3j6-qgpj-74h6',
979 silly audit report       title: 'fast-uri vulnerable to path traversal via percent-encoded dot segments',
979 silly audit report       severity: 'high',
979 silly audit report       vulnerable_versions: '<=3.1.0',
979 silly audit report       cwe: [Array],
979 silly audit report       cvss: [Object]
979 silly audit report     },
979 silly audit report     {
979 silly audit report       id: 1124064,
979 silly audit report       url: 'https://github.com/advisories/GHSA-v2hh-gcrm-f6hx',
979 silly audit report       title: 'fast-uri vulnerable to host confusion via literal backslash authority delimiter',
979 silly audit report       severity: 'high',
979 silly audit report       vulnerable_versions: '>=3.0.0 <=3.1.3',
979 silly audit report       cwe: [Array],
979 silly audit report       cvss: [Object]
979 silly audit report     },
979 silly audit report     {
979 silly audit report       id: 1124065,
979 silly audit report       url: 'https://github.com/advisories/GHSA-v2hh-gcrm-f6hx',
979 silly audit report       title: 'fast-uri vulnerable to host confusion via literal backslash authority delimiter',
979 silly audit report       severity: 'high',
979 silly audit report       vulnerable_versions: '>=2.3.1 <=2.4.2',
979 silly audit report       cwe: [Array],
979 silly audit report       cvss: [Object]
979 silly audit report     }
979 silly audit report   ],
979 silly audit report   cookie: [
979 silly audit report     {
979 silly audit report       id: 1103907,
979 silly audit report       url: 'https://github.com/advisories/GHSA-pxg6-pf52-xh8x',
979 silly audit report       title: 'cookie accepts cookie name, path, and domain with out of bounds characters',
979 silly audit report       severity: 'low',
979 silly audit report       vulnerable_versions: '<0.7.0',
979 silly audit report       cwe: [Array],
979 silly audit report       cvss: [Object]
979 silly audit report     }
979 silly audit report   ],
979 silly audit report   fastify: [
979 silly audit report     {
979 silly audit report       id: 1112876,
979 silly audit report       url: 'https://github.com/advisories/GHSA-mrq3-vjjr-p77c',
979 silly audit report       title: 'Fastify Vulnerable to DoS via Unbounded Memory Allocation in sendWebStream',
979 silly audit report       severity: 'low',
979 silly audit report       vulnerable_versions: '<=5.7.2',
979 silly audit report       cwe: [Array],
979 silly audit report       cvss: [Object]
979 silly audit report     },
979 silly audit report     {
979 silly audit report       id: 1112877,
979 silly audit report       url: 'https://github.com/advisories/GHSA-jx2c-rxcm-jvmq',
979 silly audit report       title: "Fastify's Content-Type header tab character allows body validation bypass",
979 silly audit report       severity: 'high',
979 silly audit report       vulnerable_versions: '<5.7.2',
979 silly audit report       cwe: [Array],
979 silly audit report       cvss: [Object]
979 silly audit report     },
979 silly audit report     {
979 silly audit report       id: 1115367,
979 silly audit report       url: 'https://github.com/advisories/GHSA-444r-cwp2-x5xf',
979 silly audit report       title: 'fastify: request.protocol and request.host Spoofable via X-Forwarded-Proto/Host from Untrusted Connections',
979 silly audit report       severity: 'moderate',
979 silly audit report       vulnerable_versions: '<=5.8.2',
979 silly audit report       cwe: [Array],
979 silly audit report       cvss: [Object]
979 silly audit report     }
979 silly audit report   ],
979 silly audit report   'find-my-way': [
979 silly audit report     {
979 silly audit report       id: 1124273,
979 silly audit report       url: 'https://github.com/advisories/GHSA-c96f-x56v-gq3h',
979 silly audit report       title: 'find-my-way: DDoS with HTTP2',
979 silly audit report       severity: 'high',
979 silly audit report       vulnerable_versions: '<=9.6.0',
979 silly audit report       cwe: [Array],
979 silly audit report       cvss: [Object]
979 silly audit report     }
979 silly audit report   ],
979 silly audit report   'js-yaml': [
979 silly audit report     {
979 silly audit report       id: 1123911,
979 silly audit report       url: 'https://github.com/advisories/GHSA-52cp-r559-cp3m',
979 silly audit report       title: 'js-yaml: YAML merge-key chains can force quadratic CPU consumption',
979 silly audit report       severity: 'high',
979 silly audit report       vulnerable_versions: '>=4.0.0 <4.3.0',
979 silly audit report       cwe: [Array],
979 silly audit report       cvss: [Object]
979 silly audit report     }
979 silly audit report   ],
979 silly audit report   'linkify-it': [
979 silly audit report     {
979 silly audit report       id: 1121797,
979 silly audit report       url: 'https://github.com/advisories/GHSA-22p9-wv53-3rq4',
979 silly audit report       title: 'LinkifyIt#match scan loop has quadratic algorithmic complexity',
979 silly audit report       severity: 'high',
979 silly audit report       vulnerable_versions: '<=5.0.0',
979 silly audit report       cwe: [Array],
979 silly audit report       cvss: [Object]
979 silly audit report     },
979 silly audit report     {
979 silly audit report       id: 1124012,
979 silly audit report       url: 'https://github.com/advisories/GHSA-v245-v573-v5vm',
979 silly audit report       title: 'linkify-it: Quadratic-complexity DoS via the `mailto:` validator scan-loop on attacker text',
979 silly audit report       severity: 'high',
979 silly audit report       vulnerable_versions: '<=5.0.1',
979 silly audit report       cwe: [Array],
979 silly audit report       cvss: [Object]
979 silly audit report     }
979 silly audit report   ],
979 silly audit report   'markdown-it': [
979 silly audit report     {
979 silly audit report       id: 1113190,
979 silly audit report       url: 'https://github.com/advisories/GHSA-38c4-r59v-3vqw',
979 silly audit report       title: 'markdown-it is has a Regular Expression Denial of Service (ReDoS)',
979 silly audit report       severity: 'moderate',
979 silly audit report       vulnerable_versions: '>=13.0.0 <14.1.1',
979 silly audit report       cwe: [Array],
979 silly audit report       cvss: [Object]
979 silly audit report     },
979 silly audit report     {
979 silly audit report       id: 1120820,
979 silly audit report       url: 'https://github.com/advisories/GHSA-6v5v-wf23-fmfq',
979 silly audit report       title: 'markdown-it: Quadratic complexity DoS in smartquotes rule via replaceAt string operations',
979 silly audit report       severity: 'moderate',
979 silly audit report       vulnerable_versions: '<=14.1.1',
979 silly audit report       cwe: [Array],
979 silly audit report       cvss: [Object]
979 silly audit report     }
979 silly audit report   ],
979 silly audit report   postcss: [
979 silly audit report     {
979 silly audit report       id: 1124288,
979 silly audit report       url: 'https://github.com/advisories/GHSA-r28c-9q8g-f849',
979 silly audit report       title: 'PostCSS: Path Traversal in Previous Source Map Auto-Loading (sourceMappingURL) leads to Arbitrary .map File Disclosure',
979 silly audit report       severity: 'high',
979 silly audit report       vulnerable_versions: '<=8.5.17',
979 silly audit report       cwe: [Array],
979 silly audit report       cvss: [Object]
979 silly audit report     }
979 silly audit report   ],
979 silly audit report   'shell-quote': [
979 silly audit report     {
979 silly audit report       id: 1123944,
979 silly audit report       url: 'https://github.com/advisories/GHSA-395f-4hp3-45gv',
979 silly audit report       title: 'shell-quote: Quadratic-complexity Denial of Service in `parse()` (CWE-407)',
979 silly audit report       severity: 'high',
979 silly audit report       vulnerable_versions: '<=1.8.4',
979 silly audit report       cwe: [Array],
979 silly audit report       cvss: [Object]
979 silly audit report     }
979 silly audit report   ],
979 silly audit report   sigstore: [
979 silly audit report     {
979 silly audit report       id: 1122163,
979 silly audit report       url: 'https://github.com/advisories/GHSA-52v5-jr5w-gjxr',
979 silly audit report       title: "sigstore's `certificateOIDs` verification constraints are silently dropped and never enforced",
979 silly audit report       severity: 'high',
979 silly audit report       vulnerable_versions: '<=4.1.0',
979 silly audit report       cwe: [Array],
979 silly audit report       cvss: [Object]
979 silly audit report     }
979 silly audit report   ],
979 silly audit report   tar: [
979 silly audit report     {
979 silly audit report       id: 1112659,
979 silly audit report       url: 'https://github.com/advisories/GHSA-34x7-hfp2-rc4v',
979 silly audit report       title: 'node-tar Vulnerable to Arbitrary File Creation/Overwrite via Hardlink Path Traversal',
979 silly audit report       severity: 'high',
979 silly audit report       vulnerable_versions: '<7.5.7',
979 silly audit report       cwe: [Array],
979 silly audit report       cvss: [Object]
979 silly audit report     },
979 silly audit report     {
979 silly audit report       id: 1113300,
979 silly audit report       url: 'https://github.com/advisories/GHSA-8qq5-rm4j-mr97',
979 silly audit report       title: 'node-tar is Vulnerable to Arbitrary File Overwrite and Symlink Poisoning via Insufficient Path Sanitization',
979 silly audit report       severity: 'high',
979 silly audit report       vulnerable_versions: '<=7.5.2',
979 silly audit report       cwe: [Array],
979 silly audit report       cvss: [Object]
979 silly audit report     },
979 silly audit report     {
979 silly audit report       id: 1113375,
979 silly audit report       url: 'https://github.com/advisories/GHSA-83g3-92jg-28cx',
979 silly audit report       title: 'Arbitrary File Read/Write via Hardlink Target Escape Through Symlink Chain in node-tar Extraction',
979 silly audit report       severity: 'high',
979 silly audit report       vulnerable_versions: '<7.5.8',
979 silly audit report       cwe: [Array],
979 silly audit report       cvss: [Object]
979 silly audit report     },
979 silly audit report     {
979 silly audit report       id: 1114200,
979 silly audit report       url: 'https://github.com/advisories/GHSA-qffp-2rhf-9h96',
979 silly audit report       title: 'tar has Hardlink Path Traversal via Drive-Relative Linkpath',
979 silly audit report       severity: 'high',
979 silly audit report       vulnerable_versions: '<=7.5.9',
979 silly audit report       cwe: [Array],
979 silly audit report       cvss: [Object]
979 silly audit report     },
979 silly audit report     {
979 silly audit report       id: 1114302,
979 silly audit report       url: 'https://github.com/advisories/GHSA-9ppj-qmqm-q256',
979 silly audit report       title: 'node-tar Symlink Path Traversal via Drive-Relative Linkpath',
979 silly audit report       severity: 'high',
979 silly audit report       vulnerable_versions: '<=7.5.10',
979 silly audit report       cwe: [Array],
979 silly audit report       cvss: [Object]
979 silly audit report     },
979 silly audit report     {
979 silly audit report       id: 1120782,
979 silly audit report       url: 'https://github.com/advisories/GHSA-vmf3-w455-68vh',
979 silly audit report       title: 'node-tar applies PAX size override to intermediary GNU long-name/long-link headers, causing tar parser interpretation differential (file smuggling)',
979 silly audit report       severity: 'moderate',
979 silly audit report       vulnerable_versions: '<=7.5.15',
979 silly audit report       cwe: [Array],
979 silly audit report       cvss: [Object]
979 silly audit report     },
979 silly audit report     {
979 silly audit report       id: 1114680,
979 silly audit report       url: 'https://github.com/advisories/GHSA-r6q2-hw4h-h46w',
979 silly audit report       title: 'Race Condition in node-tar Path Reservations via Unicode Ligature Collisions on macOS APFS',
979 silly audit report       severity: 'high',
979 silly audit report       vulnerable_versions: '<=7.5.3',
979 silly audit report       cwe: [Array],
979 silly audit report       cvss: [Object]
979 silly audit report     },
979 silly audit report     {
979 silly audit report       id: 1123939,
979 silly audit report       url: 'https://github.com/advisories/GHSA-w8wr-v893-vjvp',
979 silly audit report       title: 'node-tar: Process crash via PAX numeric path type confusion',
979 silly audit report       severity: 'moderate',
979 silly audit report       vulnerable_versions: '<=7.5.17',
979 silly audit report       cwe: [Array],
979 silly audit report       cvss: [Object]
979 silly audit report     },
979 silly audit report     {
979 silly audit report       id: 1123940,
979 silly audit report       url: 'https://github.com/advisories/GHSA-23hp-3jrh-7fpw',
979 silly audit report       title: 'node-tar: Decompression/parse DoS via unlimited input',
979 silly audit report       severity: 'critical',
979 silly audit report       vulnerable_versions: '<=7.5.18',
979 silly audit report       cwe: [Array],
979 silly audit report       cvss: [Object]
979 silly audit report     },
979 silly audit report     {
979 silly audit report       id: 1123941,
979 silly audit report       url: 'https://github.com/advisories/GHSA-8x88-c5mf-7j5w',
979 silly audit report       title: 'node-tar: Negative tar entry size causes infinite loop in archive replace',
979 silly audit report       severity: 'high',
979 silly audit report       vulnerable_versions: '<=7.5.17',
979 silly audit report       cwe: [Array],
979 silly audit report       cvss: [Object]
979 silly audit report     },
979 silly audit report     {
979 silly audit report       id: 1123942,
979 silly audit report       url: 'https://github.com/advisories/GHSA-gvwx-54wh-qm9j',
979 silly audit report       title: 'node-tar: Uncaught Exception DoS via NUL byte in PAX path/linkpath records',
979 silly audit report       severity: 'moderate',
979 silly audit report       vulnerable_versions: '<=7.5.16',
979 silly audit report       cwe: [Array],
979 silly audit report       cvss: [Object]
979 silly audit report     },
979 silly audit report     {
979 silly audit report       id: 1124287,
979 silly audit report       url: 'https://github.com/advisories/GHSA-r292-9mhp-454m',
979 silly audit report       title: 'node-tar: Uncontrolled recursion in mapHas/filesFilter allows uncatchable stack-overflow DoS via crafted long-path tar with member selection',
979 silly audit report       severity: 'moderate',
979 silly audit report       vulnerable_versions: '<=7.5.20',
979 silly audit report       cwe: [Array],
979 silly audit report       cvss: [Object]
979 silly audit report     }
979 silly audit report   ],
979 silly audit report   uuid: [
979 silly audit report     {
979 silly audit report       id: 1119441,
979 silly audit report       url: 'https://github.com/advisories/GHSA-w5hq-g745-h8pq',
979 silly audit report       title: 'uuid: Missing buffer bounds check in v3/v5/v6 when buf is provided',
979 silly audit report       severity: 'moderate',
979 silly audit report       vulnerable_versions: '<11.1.1',
979 silly audit report       cwe: [Array],
979 silly audit report       cvss: [Object]
979 silly audit report     }
979 silly audit report   ]
979 silly audit report }
980 timing metavuln:cache:get:security-advisory:@fastify/static:vJQxuDabwf/lxVHwcOZQkzkX7hhnf4wrgnpZ2Dr31HSLeMd0yRPqgyyCboXxS1U+79b908a1dmpc+Z9eMh7V6w== Completed in 130ms
981 timing metavuln:cache:get:security-advisory:brace-expansion:PQJD9f/R+gZHzy8Kum92H0T3UQqabegIfHiV7L8FBJBVTR87ofLn3d+vKwC/tzMIvwczV2dC4pL2IBeLdqV8/Q== Completed in 129ms
982 timing metavuln:cache:get:security-advisory:@tootallnate/once:RyUbVwDER6hlZeLYzL19XqR+OGrI+BAaez0VsdQf9/WPYcnTOUHmTWbM2NvRheaH0Hyt6HiDsj5nc0Pl198ZCA== Completed in 129ms
983 timing metavuln:cache:get:security-advisory:brace-expansion:wDEbqWk4yLp9m7y1JKlfB/VOQdNxO6zv9mx3cQ5VptPHpE7Ova1G3NkU4hgGmOmyWoA3/1d/SEsb3LnkNTA35A== Completed in 129ms
984 timing metavuln:cache:get:security-advisory:fast-uri:5tWf/2F3oSWWqD4tNlM8UnT48bBXTuxzL4RXyhSzco0q9ah5Uf8FT8B+R1B3zzPpBEvBRtxaq8Up076jybNs6w== Completed in 128ms
985 timing metavuln:cache:get:security-advisory:fast-uri:eOa7c7ILtYrQRi7Vh70WI0pPtbJX306JIRinfkWw7EszqtCMyh5zDLP+J7GgLnqrHAp+szaZMuWjykheayYbvw== Completed in 128ms
986 timing metavuln:cache:get:security-advisory:@fastify/static:BMLqIUc37y/VyRvt5MnGIwdOE4gi5MdGwD1kkkwJnaquWCLeJ2eJo5GKXfqJt4p4tTd2x5xaTt9vWI5FhYbG4A== Completed in 130ms
987 timing metavuln:cache:get:security-advisory:fast-uri:tmsTPTzWZa0jUacC9e8efCiEZHfZhUczZbry62wY511+xdh7CI7RMM9+4ui20oTLcl6qec79QaTiTHEMUt5v+g== Completed in 129ms
988 timing metavuln:cache:get:security-advisory:fast-uri:ilQwk88D5+dyz6GkJu/mC2fpj9JTHSoJ/e6hwy1CcJtEs9/R/mhL+eT4+pthIQl2RZKnS5U/PJx9ZZnCrQlkvg== Completed in 129ms
989 timing metavuln:cache:get:security-advisory:cookie:EFt7h/FZLeopARa06+F2CBY5ItUm007mP/cHgZjTJZX1MeIwg3JD7toSioRoDeE8wm5VdkimqlS+CnuPhZqbIg== Completed in 129ms
990 timing metavuln:cache:get:security-advisory:fastify:5OdrwYv5Xzq+rI3bchsuaHIz85Yyo5gTdhOrQGf2Em7pRhXXR2ur0R7W7qQ6UpWsSxuRBW8Fdp57dyqUhR5/yw== Completed in 129ms
991 timing metavuln:cache:get:security-advisory:fastify:Mu3bbsgGIQMzQU+JUqKbxbOdmJ9sahc+8jmwkzzm3/7BqYYzReNvhjLjZ9XT5ElUjr+2gUCz/6X6tV16iM+obQ== Completed in 129ms
992 timing metavuln:cache:get:security-advisory:fastify:vrddC5kD1iC6bjQC2yMAnNLy1/+VmRDX3Vr+8eGmbbd/ikD6VgNiIpwTn2TMS3TAzr8ZR+5OeLpu/4I5U8QBKA== Completed in 129ms
993 timing metavuln:cache:get:security-advisory:find-my-way:+YpghwLI6PUIyWp8XHl8sipi8orFgC/bXvA8UTBhSVgt6QefqkNEXuSkTqpzFKftATFLq+TrCW8XYCm94wIjQA== Completed in 129ms
994 timing metavuln:cache:get:security-advisory:js-yaml:4JRmIWaw7t9g2nj2coc/knMKSpUTTvf6gd7QGFDejryJnGjc+YeBUVzshR5afcQZnuPyYGRjBRxydkQEqdhtbQ== Completed in 129ms
995 timing metavuln:cache:get:security-advisory:linkify-it:7/w4Aok6/6mHGmv2Uc4svaXHiXUk97svBQl+ENxsN59mRMVAweX/V/Md1OXchNwbfAGlwCUI/sKdB9GYZMICzw== Completed in 129ms
996 timing metavuln:cache:get:security-advisory:linkify-it:Jny8VoHLDJBrjgSbMl+w6XYk0OnzfbGBGjWZrQjqsrrYWsaN7vbYaHR4lV3pOpGX7RAk1TTwEdcZ8yccpCPihA== Completed in 129ms
997 timing metavuln:cache:get:security-advisory:markdown-it:745Vt4mrHCdT8gFHVh7oHROmP4aH4fErXXhbpeVBhtIHmsxTVI7P3rJSdfXZ1iZTBS6GEnTERL4OWUfc4Co9jQ== Completed in 129ms
998 timing metavuln:cache:get:security-advisory:markdown-it:6cbrYTEXVy1JvQq8uTvzjskW8pf6BmH8gILPrCKTaxXCYedFXg9FI2838ahB0x0+EvFApaZfLnL0JeF1WspBgg== Completed in 128ms
999 timing metavuln:cache:get:security-advisory:postcss:o0q0EDh/c/yXO8mW7onxyfY8gGQ+yllv0PybMT2eaE76E/1OkdcEp4nbyN5c17b8FHTbrA+h3QdVSYn/qLhRng== Completed in 128ms
1000 timing metavuln:cache:get:security-advisory:shell-quote:gWuMLxJrdB5cYYnXmLuPYjWBh9v3T6mAs/1n90qstizAjUwF6JtEegc7pxpOH6qZDJP592oeHHx4biyk4QlJHg== Completed in 128ms
1001 timing metavuln:cache:get:security-advisory:brace-expansion:8oOLS67XweNywiGNx5L+6SvNn2KB7xR8kOhhQW3y11e/1FIqzHMTjZdmNIIGBfwh+NAkZmQ+9Oj3YUp92LM3Wg== Completed in 130ms
1002 timing metavuln:cache:get:security-advisory:fast-uri:fTTiMZspTWeoKOVqKU9Q0USuYqGMWJ+bjiecrY+1rBId3DQy+I4aUNOxjJ178zbbPFdPxnzDihrPXdDaH3rFRw== Completed in 130ms
1003 timing metavuln:cache:get:security-advisory:fast-uri:QBT+YWg36QlsCGIVyx+qyR2DNhgjC+VCOjRO1zswpjRQn4lFmcf77EeA6ufO4yxSJO9dVgUtRQ76zfsnZLLsHg== Completed in 129ms
1004 timing metavuln:cache:get:security-advisory:sigstore:skzVwsWYa8zuQ7SA5ICFpsE0xnM0OG7fX/J/DEdN8ubKUINIpvS+u8ACU9GH/TPzcgMZklLVWP1xJFTqFcWQFw== Completed in 127ms
1005 timing metavuln:cache:get:security-advisory:tar:qPQeYPFDBIedTWfYK3sbnScF6Ha7ouTs+wgndnz4PT5P+/K+GBD4epoPcYpXlu6AC7gSJlCJTJeuKbYAFoK9PA== Completed in 127ms
1006 timing metavuln:cache:get:security-advisory:tar:cbwMpzkxWE086TmEbj2aUk80Z6hlvP0jzlWS+XiX15JwqEtFzUgHyHj3QX4I6EZYk8tgcYPuNr3hYFVCQY6e3Q== Completed in 128ms
1007 timing metavuln:cache:get:security-advisory:tar:Bbf0Br7FJ1lJBIJDoLLFwjsDrbaYgLVqfrwr0ATzSQWEKW7Xp073S+5zxU9imRf4OqRJHo2MsCDeyKR0KRVsdA== Completed in 128ms
1008 timing metavuln:cache:get:security-advisory:tar:vbDW3SJe6e2hhLv65iuyXehzCzEAirdu2MloZluu8ApJ5S0mpjZNCz+7tMRaz8WDOzMKfYQKi/M/IfcFNOa3Cw== Completed in 128ms
1009 timing metavuln:cache:get:security-advisory:tar:9WNWShpJfn52pM8ZKKqi6EHYXLJH6jIL35WJ1kx3R94kQ68yiei98QDX2MAYELuoz72lFzgt8ZNwVFO+0shTPQ== Completed in 128ms
1010 timing metavuln:cache:get:security-advisory:tar:arb4g8pdc7oanKU5x4mZlj4SU69lbBj1SSV/G1A404J9n2o/hIuWJHnMVKD9bwNuOjGRq9jrqCqZbeRyPHxymw== Completed in 128ms
1011 timing metavuln:cache:get:security-advisory:tar:WPAHyAaav02PDduw2eGnG6X+ABpwBjqmBwdNXRWo4FQEksB49HA4+TNk5yn/gtgvovYrJSHS2rT9f+21J9+P5g== Completed in 128ms
1012 timing metavuln:cache:get:security-advisory:tar:UWW3Y4BpqE/fE3Qp2/QBaix5a7TZZoP7gM6asxPYL9ED9MweoK3ryao+Bp0Y6Y8Xds/rmjAafpG21YRYkP3N4g== Completed in 128ms
1013 timing metavuln:cache:get:security-advisory:tar:t6qp9bDoOJC5ykUhMod9HFHgHDvI1UW6GnqB8jJS6Yi46hF+kajSpG1iT7saQrxA8wmMjWcqOhBiMPJM8/0lzQ== Completed in 128ms
1014 timing metavuln:cache:get:security-advisory:uuid:fjKShcKspemxj7050oTyq4F6Ys6oXOzZoO3QUapp6PgJCcrmTMbXQaxkcJ1QLLNHzsQ9sgLuhrlezjv+hoSUhg== Completed in 128ms
1015 timing metavuln:cache:get:security-advisory:tar:HvLlMJbJXEUK/onHcx6iH5KU2NP+7E7MMPhRhGnsmcr2FY6JAnWF2rcRAgVDBJAOnatQ9kP+OBlK6rRRB4Lm1w== Completed in 128ms
1016 timing metavuln:cache:get:security-advisory:tar:W1TcF4N8X2Krsm+r3h0ddGUXMEZZiAaynzYZTQxJc/5bpRkiYZlmagV6PyPqJsq/qtKMzvdrdTLDuOgdPU5XNA== Completed in 129ms
1017 timing metavuln:cache:get:security-advisory:tar:eeMx7uxRjV2T2ub1XcSZGVUMDQllh5SgBOjApRXoDwccZb2xPyoJEKCNDkl/ZQGHcurw9K/Nf+wQF6u7SWH6CQ== Completed in 132ms
1018 http fetch GET 200 https://registry.npmjs.org/is-binary-path/-/is-binary-path-2.1.0.tgz 3342ms (cache miss)
1019 timing reifyNode:node_modules/is-binary-path Completed in 3648ms
1020 http fetch GET 200 https://registry.npmjs.org/toidentifier/-/toidentifier-1.0.1.tgz 3422ms (cache miss)
1021 timing reifyNode:node_modules/toidentifier Completed in 3729ms
1022 http fetch GET 200 https://registry.npmjs.org/widest-line/-/widest-line-4.0.1.tgz 3523ms (cache miss)
1023 timing reifyNode:node_modules/widest-line Completed in 3741ms
1024 http fetch GET 200 https://registry.npmjs.org/fast-decode-uri-component/-/fast-decode-uri-component-1.0.1.tgz 3366ms (cache miss)
1025 timing reifyNode:node_modules/fast-decode-uri-component Completed in 3729ms
1026 http fetch GET 200 https://registry.npmjs.org/supports-preserve-symlinks-flag/-/supports-preserve-symlinks-flag-1.0.0.tgz 3530ms (cache miss)
1027 http fetch GET 200 https://registry.npmjs.org/set-blocking/-/set-blocking-2.0.0.tgz 3518ms (cache miss)
1028 timing reifyNode:node_modules/set-blocking Completed in 3768ms
1029 http fetch GET 200 https://registry.npmjs.org/p-limit/-/p-limit-2.3.0.tgz 3285ms (cache miss)
1030 timing reifyNode:node_modules/pkg-up/node_modules/p-limit Completed in 3771ms
1031 http fetch GET 200 https://registry.npmjs.org/proxy-addr/-/proxy-addr-2.0.7.tgz 3535ms (cache miss)
1032 timing reifyNode:node_modules/proxy-addr Completed in 3802ms
1033 http fetch GET 200 https://registry.npmjs.org/lowercase-keys/-/lowercase-keys-3.0.0.tgz 3509ms (cache miss)
1034 timing reifyNode:node_modules/lowercase-keys Completed in 3801ms
1035 http fetch GET 200 https://registry.npmjs.org/postgres-bytea/-/postgres-bytea-1.0.1.tgz 3536ms (cache miss)
1036 timing reifyNode:node_modules/postgres-bytea Completed in 3807ms
1037 http fetch GET 200 https://registry.npmjs.org/promise-inflight/-/promise-inflight-1.0.1.tgz 3538ms (cache miss)
1038 timing reifyNode:node_modules/promise-inflight Completed in 3807ms
1039 http fetch GET 200 https://registry.npmjs.org/media-typer/-/media-typer-0.3.0.tgz 3511ms (cache miss)
1040 timing reifyNode:node_modules/media-typer Completed in 3803ms
1041 http fetch GET 200 https://registry.npmjs.org/is-installed-globally/-/is-installed-globally-0.4.0.tgz 3499ms (cache miss)
1042 timing reifyNode:node_modules/is-installed-globally Completed in 3803ms
1043 http fetch GET 200 https://registry.npmjs.org/pg-int8/-/pg-int8-1.0.1.tgz 3495ms (cache miss)
1044 timing reifyNode:node_modules/pg-int8 Completed in 3810ms
1045 http fetch GET 200 https://registry.npmjs.org/wrappy/-/wrappy-1.0.2.tgz 3531ms (cache miss)
1046 timing reifyNode:node_modules/wrappy Completed in 3820ms
1047 http fetch GET 200 https://registry.npmjs.org/is-glob/-/is-glob-4.0.3.tgz 3501ms (cache miss)
1048 timing reifyNode:node_modules/is-glob Completed in 3805ms
1049 http fetch GET 200 https://registry.npmjs.org/is-promise/-/is-promise-2.2.2.tgz 3504ms (cache miss)
1050 timing reifyNode:node_modules/is-promise Completed in 3806ms
1051 http fetch GET 200 https://registry.npmjs.org/is-yarn-global/-/is-yarn-global-0.4.1.tgz 3505ms (cache miss)
1052 timing reifyNode:node_modules/is-yarn-global Completed in 3807ms
1053 http fetch GET 200 https://registry.npmjs.org/is-obj/-/is-obj-2.0.0.tgz 3506ms (cache miss)
1054 timing reifyNode:node_modules/is-obj Completed in 3808ms
1055 http fetch GET 200 https://registry.npmjs.org/has-yarn/-/has-yarn-3.0.0.tgz 3485ms (cache miss)
1056 timing reifyNode:node_modules/has-yarn Completed in 3807ms
1057 http fetch GET 200 https://registry.npmjs.org/esrecurse/-/esrecurse-4.3.0.tgz 3441ms (cache miss)
1058 timing reifyNode:node_modules/esrecurse Completed in 3806ms
1059 http fetch GET 200 https://registry.npmjs.org/is-lambda/-/is-lambda-1.0.1.tgz 3507ms (cache miss)
1060 timing reifyNode:node_modules/is-lambda Completed in 3810ms
1061 http fetch GET 200 https://registry.npmjs.org/merge2/-/merge2-1.4.1.tgz 3524ms (cache miss)
1062 timing reifyNode:node_modules/merge2 Completed in 3813ms
1063 http fetch GET 200 https://registry.npmjs.org/unique-slug/-/unique-slug-4.0.0.tgz 3603ms (cache miss)
1064 timing reifyNode:node_modules/unique-slug Completed in 3827ms
1065 http fetch GET 200 https://registry.npmjs.org/deep-extend/-/deep-extend-0.6.0.tgz 3437ms (cache miss)
1066 timing reifyNode:node_modules/deep-extend Completed in 3810ms
1067 http fetch GET 200 https://registry.npmjs.org/wrap-ansi/-/wrap-ansi-8.1.0.tgz 3612ms (cache miss)
1068 timing reifyNode:node_modules/wrap-ansi Completed in 3829ms
1069 http fetch GET 200 https://registry.npmjs.org/untildify/-/untildify-4.0.0.tgz 3605ms (cache miss)
1070 timing reifyNode:node_modules/untildify Completed in 3829ms
1071 http fetch GET 200 https://registry.npmjs.org/tree-kill/-/tree-kill-1.2.2.tgz 3601ms (cache miss)
1072 timing reifyNode:node_modules/tree-kill Completed in 3829ms
1073 http fetch GET 200 https://registry.npmjs.org/unique-string/-/unique-string-3.0.0.tgz 3608ms (cache miss)
1074 timing reifyNode:node_modules/unique-string Completed in 3831ms
1075 http fetch GET 200 https://registry.npmjs.org/real-require/-/real-require-0.2.0.tgz 3567ms (cache miss)
1076 timing reifyNode:node_modules/real-require Completed in 3826ms
1077 http fetch GET 200 https://registry.npmjs.org/pug-attrs/-/pug-attrs-3.0.0.tgz 3559ms (cache miss)
1078 timing reifyNode:node_modules/pug-attrs Completed in 3826ms
1079 http fetch GET 200 https://registry.npmjs.org/dir-glob/-/dir-glob-3.0.1.tgz 3446ms (cache miss)
1080 timing reifyNode:node_modules/dir-glob Completed in 3818ms
1081 http fetch GET 200 https://registry.npmjs.org/ignore-walk/-/ignore-walk-6.0.5.tgz 3499ms (cache miss)
1082 timing reifyNode:node_modules/ignore-walk Completed in 3822ms
1083 http fetch GET 200 https://registry.npmjs.org/color-name/-/color-name-1.1.4.tgz 3440ms (cache miss)
1084 timing reifyNode:node_modules/color-name Completed in 3819ms
1085 http fetch GET 200 https://registry.npmjs.org/commist/-/commist-3.2.0.tgz 3415ms (cache miss)
1086 http fetch GET 200 https://registry.npmjs.org/balanced-match/-/balanced-match-1.0.2.tgz 3431ms (cache miss)
1087 timing reifyNode:node_modules/balanced-match Completed in 3819ms
1088 http fetch GET 200 https://registry.npmjs.org/@webassemblyjs/floating-point-hex-parser/-/floating-point-hex-parser-1.13.2.tgz 3406ms (cache miss)
1089 timing reifyNode:node_modules/@webassemblyjs/floating-point-hex-parser Completed in 3820ms
1090 http fetch GET 200 https://registry.npmjs.org/fp-and-or/-/fp-and-or-0.1.4.tgz 3473ms (cache miss)
1091 timing reifyNode:node_modules/fp-and-or Completed in 3826ms
1092 http fetch GET 200 https://registry.npmjs.org/clean-stack/-/clean-stack-2.2.0.tgz 3442ms (cache miss)
1093 timing reifyNode:node_modules/clean-stack Completed in 3823ms
1094 http fetch GET 200 https://registry.npmjs.org/abbrev/-/abbrev-2.0.0.tgz 3338ms (cache miss)
1095 timing reifyNode:node_modules/js-beautify/node_modules/abbrev Completed in 3829ms
1096 http fetch GET 200 https://registry.npmjs.org/pump/-/pump-3.0.4.tgz 3582ms (cache miss)
1097 timing reifyNode:node_modules/pump Completed in 3846ms
1098 http fetch GET 200 https://registry.npmjs.org/pug-load/-/pug-load-3.0.0.tgz 3582ms (cache miss)
1099 timing reifyNode:node_modules/pug-load Completed in 3845ms
1100 http fetch GET 200 https://registry.npmjs.org/@webpack-cli/serve/-/serve-2.0.5.tgz 3429ms (cache miss)
1101 timing reifyNode:node_modules/@webpack-cli/serve Completed in 3833ms
1102 http fetch GET 200 https://registry.npmjs.org/end-of-stream/-/end-of-stream-1.4.5.tgz 3470ms (cache miss)
1103 timing reifyNode:node_modules/end-of-stream Completed in 3839ms
1104 http fetch GET 200 https://registry.npmjs.org/fastify-method-override/-/fastify-method-override-1.5.10.tgz 3485ms (cache miss)
1105 timing reifyNode:node_modules/fastify-method-override Completed in 3845ms
1106 http fetch GET 200 https://registry.npmjs.org/is-docker/-/is-docker-2.2.1.tgz 3545ms (cache miss)
1107 timing reifyNode:node_modules/is-docker Completed in 3850ms
1108 http fetch GET 200 https://registry.npmjs.org/inflight/-/inflight-1.0.6.tgz 3463ms (cache miss)
1109 warn deprecated inflight@1.0.6: This module is not supported, and leaks memory. Do not use it. Check out lru-cache if you want a good and tested way to coalesce async requests by a key value, which is much more comprehensive and powerful.
1110 timing reifyNode:node_modules/inflight Completed in 3855ms
1111 http fetch GET 200 https://registry.npmjs.org/@npmcli/move-file/-/move-file-1.1.2.tgz 3389ms (cache miss)
1112 warn deprecated @npmcli/move-file@1.1.2: This functionality has been moved to @npmcli/fs
1113 timing reifyNode:node_modules/sqlite3/node_modules/@npmcli/move-file Completed in 3871ms
1114 http fetch GET 200 https://registry.npmjs.org/json-buffer/-/json-buffer-3.0.1.tgz 3566ms (cache miss)
1115 timing reifyNode:node_modules/json-buffer Completed in 3863ms
1116 http fetch GET 200 https://registry.npmjs.org/forwarded/-/forwarded-0.2.0.tgz 3508ms (cache miss)
1117 timing reifyNode:node_modules/forwarded Completed in 3861ms
1118 http fetch GET 200 https://registry.npmjs.org/eastasianwidth/-/eastasianwidth-0.2.0.tgz 3489ms (cache miss)
1119 timing reifyNode:node_modules/eastasianwidth Completed in 3860ms
1120 http fetch GET 200 https://registry.npmjs.org/binary-extensions/-/binary-extensions-2.3.0.tgz 3470ms (cache miss)
1121 timing reifyNode:node_modules/binary-extensions Completed in 3857ms
1122 http fetch GET 200 https://registry.npmjs.org/require-from-string/-/require-from-string-2.0.2.tgz 3616ms (cache miss)
1123 timing reifyNode:node_modules/require-from-string Completed in 3874ms
1124 http fetch GET 200 https://registry.npmjs.org/proc-log/-/proc-log-3.0.0.tgz 3607ms (cache miss)
1125 timing reifyNode:node_modules/proc-log Completed in 3876ms
1126 http fetch GET 200 https://registry.npmjs.org/postcss-modules-scope/-/postcss-modules-scope-3.2.1.tgz 3603ms (cache miss)
1127 timing reifyNode:node_modules/postcss-modules-scope Completed in 3876ms
1128 http fetch GET 200 https://registry.npmjs.org/pkg-dir/-/pkg-dir-4.2.0.tgz 3604ms (cache miss)
1129 timing reifyNode:node_modules/pkg-dir Completed in 3876ms
1130 http fetch GET 200 https://registry.npmjs.org/picocolors/-/picocolors-1.1.1.tgz 3602ms (cache miss)
1131 timing reifyNode:node_modules/picocolors Completed in 3876ms
1132 http fetch GET 200 https://registry.npmjs.org/once/-/once-1.4.0.tgz 3596ms (cache miss)
1133 timing reifyNode:node_modules/once Completed in 3875ms
1134 http fetch GET 200 https://registry.npmjs.org/p-try/-/p-try-2.2.0.tgz 3599ms (cache miss)
1135 timing reifyNode:node_modules/p-try Completed in 3876ms
1136 http fetch GET 200 https://registry.npmjs.org/ms/-/ms-2.1.2.tgz 3590ms (cache miss)
1137 timing reifyNode:node_modules/ms Completed in 3876ms
1138 http fetch GET 200 https://registry.npmjs.org/require-addon/-/require-addon-1.2.0.tgz 3611ms (cache miss)
1139 timing reifyNode:node_modules/require-addon Completed in 3880ms
1140 http fetch GET 200 https://registry.npmjs.org/object-assign/-/object-assign-4.1.1.tgz 3595ms (cache miss)
1141 timing reifyNode:node_modules/object-assign Completed in 3878ms
1142 http fetch GET 200 https://registry.npmjs.org/path-exists/-/path-exists-4.0.0.tgz 3601ms (cache miss)
1143 timing reifyNode:node_modules/path-exists Completed in 3879ms
1144 http fetch GET 200 https://registry.npmjs.org/postgres-array/-/postgres-array-2.0.0.tgz 3610ms (cache miss)
1145 timing reifyNode:node_modules/postgres-array Completed in 3881ms
1146 http fetch GET 200 https://registry.npmjs.org/path-is-absolute/-/path-is-absolute-1.0.1.tgz 3603ms (cache miss)
1147 timing reifyNode:node_modules/path-is-absolute Completed in 3879ms
1148 http fetch GET 200 https://registry.npmjs.org/proto-list/-/proto-list-1.2.4.tgz 3613ms (cache miss)
1149 timing reifyNode:node_modules/proto-list Completed in 3882ms
1150 http fetch GET 200 https://registry.npmjs.org/npm-install-checks/-/npm-install-checks-6.3.0.tgz 3597ms (cache miss)
1151 timing reifyNode:node_modules/npm-install-checks Completed in 3880ms
1152 http fetch GET 200 https://registry.npmjs.org/mime-types/-/mime-types-2.1.35.tgz 3589ms (cache miss)
1153 timing reifyNode:node_modules/mime-types Completed in 3879ms
1154 http fetch GET 200 https://registry.npmjs.org/jsonlines/-/jsonlines-0.1.1.tgz 3581ms (cache miss)
1155 timing reifyNode:node_modules/jsonlines Completed in 3877ms
1156 http fetch GET 200 https://registry.npmjs.org/interpret/-/interpret-2.2.0.tgz 3572ms (cache miss)
1157 timing reifyNode:node_modules/interpret Completed in 3877ms
1158 http fetch GET 200 https://registry.npmjs.org/postgres-date/-/postgres-date-1.0.7.tgz 3614ms (cache miss)
1159 timing reifyNode:node_modules/postgres-date Completed in 3884ms
1160 http fetch GET 200 https://registry.npmjs.org/json-parse-helpfulerror/-/json-parse-helpfulerror-1.0.3.tgz 3567ms (cache miss)
1161 timing reifyNode:node_modules/json-parse-helpfulerror Completed in 3878ms
1162 http fetch GET 200 https://registry.npmjs.org/setprototypeof/-/setprototypeof-1.2.0.tgz 3609ms (cache miss)
1163 timing reifyNode:node_modules/setprototypeof Completed in 3889ms
1164 http fetch GET 200 https://registry.npmjs.org/makeerror/-/makeerror-1.0.12.tgz 3591ms (cache miss)
1165 timing reifyNode:node_modules/makeerror Completed in 3882ms
1166 http fetch GET 200 https://registry.npmjs.org/get-stream/-/get-stream-6.0.1.tgz 3550ms (cache miss)
1167 timing reifyNode:node_modules/get-stream Completed in 3878ms
1168 http fetch GET 200 https://registry.npmjs.org/minipass-flush/-/minipass-flush-1.0.7.tgz 3597ms (cache miss)
1169 timing reifyNode:node_modules/minipass-flush Completed in 3884ms
1170 http fetch GET 200 https://registry.npmjs.org/pgpass/-/pgpass-1.0.5.tgz 3613ms (cache miss)
1171 timing reifyNode:node_modules/pgpass Completed in 3887ms
1172 http fetch GET 200 https://registry.npmjs.org/jstransformer-markdown-it/-/jstransformer-markdown-it-3.0.0.tgz 3587ms (cache miss)
1173 timing reifyNode:node_modules/jstransformer-markdown-it Completed in 3883ms
1174 http fetch GET 200 https://registry.npmjs.org/path-key/-/path-key-3.1.1.tgz 3611ms (cache miss)
1175 timing reifyNode:node_modules/path-key Completed in 3888ms
1176 http fetch GET 200 https://registry.npmjs.org/mimic-response/-/mimic-response-3.1.0.tgz 3597ms (cache miss)
1177 timing reifyNode:node_modules/mimic-response Completed in 3887ms
1178 http fetch GET 200 https://registry.npmjs.org/is-extglob/-/is-extglob-2.1.1.tgz 3580ms (cache miss)
1179 timing reifyNode:node_modules/is-extglob Completed in 3885ms
1180 http fetch GET 200 https://registry.npmjs.org/path-type/-/path-type-4.0.0.tgz 3603ms (cache miss)
1181 timing reifyNode:node_modules/path-type Completed in 3891ms
1182 http fetch GET 200 https://registry.npmjs.org/js-stringify/-/js-stringify-1.0.2.tgz 3588ms (cache miss)
1183 timing reifyNode:node_modules/js-stringify Completed in 3886ms
1184 http fetch GET 200 https://registry.npmjs.org/is-expression/-/is-expression-4.0.0.tgz 3582ms (cache miss)
1185 timing reifyNode:node_modules/is-expression Completed in 3886ms
1186 http fetch GET 200 https://registry.npmjs.org/minipass-pipeline/-/minipass-pipeline-1.2.4.tgz 3599ms (cache miss)
1187 timing reifyNode:node_modules/minipass-pipeline Completed in 3890ms
1188 http fetch GET 200 https://registry.npmjs.org/npm-normalize-package-bin/-/npm-normalize-package-bin-3.0.1.tgz 3609ms (cache miss)
1189 timing reifyNode:node_modules/npm-normalize-package-bin Completed in 3893ms
1190 http fetch GET 200 https://registry.npmjs.org/locate-path/-/locate-path-6.0.0.tgz 3596ms (cache miss)
1191 timing reifyNode:node_modules/locate-path Completed in 3890ms
1192 http fetch GET 200 https://registry.npmjs.org/is-path-inside/-/is-path-inside-3.0.3.tgz 3586ms (cache miss)
1193 timing reifyNode:node_modules/is-path-inside Completed in 3889ms
1194 http fetch GET 200 https://registry.npmjs.org/yocto-queue/-/yocto-queue-0.1.0.tgz 3691ms (cache miss)
1195 timing reifyNode:node_modules/yocto-queue Completed in 3905ms
1196 http fetch GET 200 https://registry.npmjs.org/global-dirs/-/global-dirs-3.0.1.tgz 3543ms (cache miss)
1197 timing reifyNode:node_modules/global-dirs Completed in 3889ms
1198 http fetch GET 200 https://registry.npmjs.org/wide-align/-/wide-align-1.1.5.tgz 3689ms (cache miss)
1199 timing reifyNode:node_modules/wide-align Completed in 3906ms
1200 http fetch GET 200 https://registry.npmjs.org/which/-/which-2.0.2.tgz 3687ms (cache miss)
1201 timing reifyNode:node_modules/which Completed in 3906ms
1202 http fetch GET 200 https://registry.npmjs.org/walker/-/walker-1.0.8.tgz 3686ms (cache miss)
1203 timing reifyNode:node_modules/walker Completed in 3906ms
1204 http fetch GET 200 https://registry.npmjs.org/tunnel-agent/-/tunnel-agent-0.6.0.tgz 3680ms (cache miss)
1205 timing reifyNode:node_modules/tunnel-agent Completed in 3905ms
1206 http fetch GET 200 https://registry.npmjs.org/type-is/-/type-is-1.6.18.tgz 3681ms (cache miss)
1207 timing reifyNode:node_modules/type-is Completed in 3905ms
1208 http fetch GET 200 https://registry.npmjs.org/unique-filename/-/unique-filename-3.0.0.tgz 3683ms (cache miss)
1209 timing reifyNode:node_modules/unique-filename Completed in 3907ms
1210 http fetch GET 200 https://registry.npmjs.org/update-browserslist-db/-/update-browserslist-db-1.2.3.tgz 3685ms (cache miss)
1211 timing reifyNode:node_modules/update-browserslist-db Completed in 3907ms
1212 http fetch GET 200 https://registry.npmjs.org/cssesc/-/cssesc-3.0.0.tgz 3513ms (cache miss)
1213 timing reifyNode:node_modules/cssesc Completed in 3890ms
1214 http fetch GET 200 https://registry.npmjs.org/content-disposition/-/content-disposition-0.5.4.tgz 3512ms (cache miss)
1215 timing reifyNode:node_modules/content-disposition Completed in 3890ms
1216 http fetch GET 200 https://registry.npmjs.org/encoding/-/encoding-0.1.13.tgz 3521ms (cache miss)
1217 timing reifyNode:node_modules/encoding Completed in 3891ms
1218 timing reifyNode:node_modules/commist Completed in 3892ms
1219 http fetch GET 200 https://registry.npmjs.org/fs-minipass/-/fs-minipass-2.1.0.tgz 3430ms (cache miss)
1220 timing reifyNode:node_modules/sqlite3/node_modules/fs-minipass Completed in 3910ms
1221 http fetch GET 200 https://registry.npmjs.org/expand-template/-/expand-template-2.0.3.tgz 3532ms (cache miss)
1222 timing reifyNode:node_modules/expand-template Completed in 3897ms
1223 http fetch GET 200 https://registry.npmjs.org/@szmarczak/http-timer/-/http-timer-5.0.1.tgz 3463ms (cache miss)
1224 timing reifyNode:node_modules/@szmarczak/http-timer Completed in 3891ms
1225 timing reifyNode:node_modules/supports-preserve-symlinks-flag Completed in 3913ms
1226 http fetch GET 200 https://registry.npmjs.org/brace-expansion/-/brace-expansion-1.1.15.tgz 3413ms (cache miss)
1227 timing reifyNode:node_modules/node-gyp/node_modules/brace-expansion Completed in 3905ms
1228 http fetch GET 200 https://registry.npmjs.org/unique-slug/-/unique-slug-2.0.2.tgz 3434ms (cache miss)
1229 timing reifyNode:node_modules/sqlite3/node_modules/unique-slug Completed in 3914ms
1230 http fetch GET 200 https://registry.npmjs.org/why-is-node-running/-/why-is-node-running-2.3.0.tgz 3699ms (cache miss)
1231 timing reifyNode:node_modules/why-is-node-running Completed in 3918ms
1232 http fetch GET 200 https://registry.npmjs.org/unique-filename/-/unique-filename-2.0.1.tgz 3419ms (cache miss)
1233 timing reifyNode:node_modules/node-gyp/node_modules/unique-filename Completed in 3907ms
1234 http fetch GET 200 https://registry.npmjs.org/run-parallel/-/run-parallel-1.2.0.tgz 3660ms (cache miss)
1235 timing reifyNode:node_modules/run-parallel Completed in 3913ms
1236 http fetch GET 200 https://registry.npmjs.org/pug-strip-comments/-/pug-strip-comments-2.0.0.tgz 3650ms (cache miss)
1237 timing reifyNode:node_modules/pug-strip-comments Completed in 3913ms
1238 http fetch GET 200 https://registry.npmjs.org/slash/-/slash-3.0.0.tgz 3673ms (cache miss)
1239 timing reifyNode:node_modules/slash Completed in 3915ms
1240 http fetch GET 200 https://registry.npmjs.org/statuses/-/statuses-2.0.1.tgz 3403ms (cache miss)
1241 timing reifyNode:node_modules/@fastify/send/node_modules/statuses Completed in 3896ms
1242 http fetch GET 200 https://registry.npmjs.org/resolve-alpn/-/resolve-alpn-1.2.1.tgz 3657ms (cache miss)
1243 timing reifyNode:node_modules/resolve-alpn Completed in 3914ms
1244 http fetch GET 200 https://registry.npmjs.org/token-stream/-/token-stream-1.0.0.tgz 3690ms (cache miss)
1245 timing reifyNode:node_modules/token-stream Completed in 3919ms
1246 http fetch GET 200 https://registry.npmjs.org/resolve-cwd/-/resolve-cwd-3.0.0.tgz 3660ms (cache miss)
1247 timing reifyNode:node_modules/resolve-cwd Completed in 3915ms
1248 http fetch GET 200 https://registry.npmjs.org/statuses/-/statuses-2.0.2.tgz 3683ms (cache miss)
1249 timing reifyNode:node_modules/statuses Completed in 3920ms
1250 http fetch GET 200 https://registry.npmjs.org/colorette/-/colorette-2.0.19.tgz 3524ms (cache miss)
1251 timing reifyNode:node_modules/colorette Completed in 3903ms
1252 http fetch GET 200 https://registry.npmjs.org/spawn-command/-/spawn-command-0.0.2.tgz 3680ms (cache miss)
1253 timing reifyNode:node_modules/spawn-command Completed in 3920ms
1254 http fetch GET 200 https://registry.npmjs.org/responselike/-/responselike-3.0.0.tgz 3662ms (cache miss)
1255 timing reifyNode:node_modules/responselike Completed in 3918ms
1256 http fetch GET 200 https://registry.npmjs.org/github-from-package/-/github-from-package-0.0.0.tgz 3580ms (cache miss)
1257 timing reifyNode:node_modules/github-from-package Completed in 3908ms
1258 http fetch GET 200 https://registry.npmjs.org/@types/deep-eql/-/deep-eql-4.0.2.tgz 3487ms (cache miss)
1259 timing reifyNode:node_modules/@types/deep-eql Completed in 3902ms
1260 http fetch GET 200 https://registry.npmjs.org/path-exists/-/path-exists-3.0.0.tgz 3431ms (cache miss)
1261 timing reifyNode:node_modules/pkg-up/node_modules/path-exists Completed in 3918ms
1262 http fetch GET 200 https://registry.npmjs.org/xdg-basedir/-/xdg-basedir-5.1.0.tgz 3675ms (cache miss)
1263 timing reifyNode:node_modules/xdg-basedir Completed in 3929ms
1264 http fetch GET 200 https://registry.npmjs.org/registry-url/-/registry-url-6.0.1.tgz 3662ms (cache miss)
1265 timing reifyNode:node_modules/registry-url Completed in 3921ms
1266 http fetch GET 200 https://registry.npmjs.org/simple-concat/-/simple-concat-1.0.1.tgz 3680ms (cache miss)
1267 timing reifyNode:node_modules/simple-concat Completed in 3924ms
1268 http fetch GET 200 https://registry.npmjs.org/semver-diff/-/semver-diff-4.0.0.tgz 3673ms (cache miss)
1269 timing reifyNode:node_modules/semver-diff Completed in 3924ms
1270 http fetch GET 200 https://registry.npmjs.org/import-lazy/-/import-lazy-4.0.0.tgz 3529ms (cache miss)
1271 timing reifyNode:node_modules/import-lazy Completed in 3914ms
1272 http fetch GET 200 https://registry.npmjs.org/@webassemblyjs/helper-buffer/-/helper-buffer-1.14.1.tgz 3497ms (cache miss)
1273 timing reifyNode:node_modules/@webassemblyjs/helper-buffer Completed in 3908ms
1274 http fetch GET 200 https://registry.npmjs.org/is-ci/-/is-ci-3.0.1.tgz 3611ms (cache miss)
1275 timing reifyNode:node_modules/is-ci Completed in 3917ms
1276 http fetch GET 200 https://registry.npmjs.org/acorn-import-phases/-/acorn-import-phases-1.0.4.tgz 3452ms (cache miss)
1277 timing reifyNode:node_modules/webpack/node_modules/acorn-import-phases Completed in 3932ms
1278 http fetch GET 200 https://registry.npmjs.org/siginfo/-/siginfo-2.0.0.tgz 3683ms (cache miss)
1279 timing reifyNode:node_modules/siginfo Completed in 3928ms
1280 http fetch GET 200 https://registry.npmjs.org/p-locate/-/p-locate-3.0.0.tgz 3443ms (cache miss)
1281 timing reifyNode:node_modules/pkg-up/node_modules/p-locate Completed in 3926ms
1282 http fetch GET 200 https://registry.npmjs.org/locate-path/-/locate-path-3.0.0.tgz 3440ms (cache miss)
1283 timing reifyNode:node_modules/pkg-up/node_modules/locate-path Completed in 3927ms
1284 http fetch GET 200 https://registry.npmjs.org/buffer-from/-/buffer-from-1.1.2.tgz 3531ms (cache miss)
1285 timing reifyNode:node_modules/buffer-from Completed in 3916ms
1286 http fetch GET 200 https://registry.npmjs.org/@types/stack-trace/-/stack-trace-0.0.29.tgz 3500ms (cache miss)
1287 timing reifyNode:node_modules/@types/stack-trace Completed in 3916ms
1288 http fetch GET 200 https://registry.npmjs.org/chrome-trace-event/-/chrome-trace-event-1.0.4.tgz 3531ms (cache miss)
1289 timing reifyNode:node_modules/chrome-trace-event Completed in 3921ms
1290 http fetch GET 200 https://registry.npmjs.org/@standard-schema/spec/-/spec-1.1.0.tgz 3495ms (cache miss)
1291 timing reifyNode:node_modules/@standard-schema/spec Completed in 3917ms
1292 http fetch GET 200 https://registry.npmjs.org/joycon/-/joycon-3.1.1.tgz 3632ms (cache miss)
1293 timing reifyNode:node_modules/joycon Completed in 3930ms
1294 http fetch GET 200 https://registry.npmjs.org/glob-to-regexp/-/glob-to-regexp-0.4.1.tgz 3601ms (cache miss)
1295 timing reifyNode:node_modules/glob-to-regexp Completed in 3929ms
1296 http fetch GET 200 https://registry.npmjs.org/@npmcli/node-gyp/-/node-gyp-3.0.0.tgz 3494ms (cache miss)
1297 timing reifyNode:node_modules/@npmcli/node-gyp Completed in 3921ms
1298 http fetch GET 200 https://registry.npmjs.org/at-least-node/-/at-least-node-1.0.0.tgz 3531ms (cache miss)
1299 timing reifyNode:node_modules/at-least-node Completed in 3925ms
1300 http fetch GET 200 https://registry.npmjs.org/@types/semver-utils/-/semver-utils-1.1.3.tgz 3507ms (cache miss)
1301 timing reifyNode:node_modules/@types/semver-utils Completed in 3924ms
1302 http fetch GET 200 https://registry.npmjs.org/normalize-package-data/-/normalize-package-data-5.0.0.tgz 3656ms (cache miss)
1303 timing reifyNode:node_modules/normalize-package-data Completed in 3941ms
1304 http fetch GET 200 https://registry.npmjs.org/npmlog/-/npmlog-6.0.2.tgz 3660ms (cache miss)
1305 warn deprecated npmlog@6.0.2: This package is no longer supported.
1306 timing reifyNode:node_modules/npmlog Completed in 3942ms
1307 http fetch GET 200 https://registry.npmjs.org/postcss-modules-extract-imports/-/postcss-modules-extract-imports-3.1.0.tgz 3672ms (cache miss)
1308 timing reifyNode:node_modules/postcss-modules-extract-imports Completed in 3945ms
1309 http fetch GET 200 https://registry.npmjs.org/promise-retry/-/promise-retry-2.0.1.tgz 3677ms (cache miss)
1310 timing reifyNode:node_modules/promise-retry Completed in 3945ms
1311 http fetch GET 200 https://registry.npmjs.org/package-json/-/package-json-8.1.1.tgz 3666ms (cache miss)
1312 timing reifyNode:node_modules/package-json Completed in 3944ms
1313 http fetch GET 200 https://registry.npmjs.org/napi-build-utils/-/napi-build-utils-2.0.0.tgz 3659ms (cache miss)
1314 timing reifyNode:node_modules/napi-build-utils Completed in 3944ms
1315 http fetch GET 200 https://registry.npmjs.org/p-locate/-/p-locate-5.0.0.tgz 3656ms (cache miss)
1316 timing reifyNode:node_modules/p-locate Completed in 3946ms
1317 http fetch GET 200 https://registry.npmjs.org/pkg-up/-/pkg-up-3.1.0.tgz 3677ms (cache miss)
1318 timing reifyNode:node_modules/pkg-up Completed in 3948ms
1319 http fetch GET 200 https://registry.npmjs.org/loader-runner/-/loader-runner-4.3.2.tgz 3649ms (cache miss)
1320 timing reifyNode:node_modules/loader-runner Completed in 3944ms
1321 http fetch GET 200 https://registry.npmjs.org/p-cancelable/-/p-cancelable-3.0.0.tgz 3670ms (cache miss)
1322 timing reifyNode:node_modules/p-cancelable Completed in 3948ms
1323 http fetch GET 200 https://registry.npmjs.org/node-abi/-/node-abi-3.92.0.tgz 3663ms (cache miss)
1324 timing reifyNode:node_modules/node-abi Completed in 3948ms
1325 http fetch GET 200 https://registry.npmjs.org/p-map/-/p-map-4.0.0.tgz 3671ms (cache miss)
1326 timing reifyNode:node_modules/p-map Completed in 3949ms
1327 http fetch GET 200 https://registry.npmjs.org/latest-version/-/latest-version-7.0.0.tgz 3651ms (cache miss)
1328 timing reifyNode:node_modules/latest-version Completed in 3946ms
1329 http fetch GET 200 https://registry.npmjs.org/node-releases/-/node-releases-2.0.46.tgz 3665ms (cache miss)
1330 timing reifyNode:node_modules/node-releases Completed in 3949ms
1331 http fetch GET 200 https://registry.npmjs.org/lodash.castarray/-/lodash.castarray-4.4.0.tgz 3654ms (cache miss)
1332 timing reifyNode:node_modules/lodash.castarray Completed in 3948ms
1333 http fetch GET 200 https://registry.npmjs.org/path-parse/-/path-parse-1.0.7.tgz 3675ms (cache miss)
1334 timing reifyNode:node_modules/path-parse Completed in 3952ms
1335 http fetch GET 200 https://registry.npmjs.org/is-typedarray/-/is-typedarray-1.0.0.tgz 3646ms (cache miss)
1336 timing reifyNode:node_modules/is-typedarray Completed in 3947ms
1337 http fetch GET 200 https://registry.npmjs.org/estree-walker/-/estree-walker-3.0.3.tgz 3580ms (cache miss)
1338 timing reifyNode:node_modules/estree-walker Completed in 3945ms
1339 http fetch GET 200 https://registry.npmjs.org/isexe/-/isexe-2.0.0.tgz 3648ms (cache miss)
1340 timing reifyNode:node_modules/isexe Completed in 3948ms
1341 http fetch GET 200 https://registry.npmjs.org/es-define-property/-/es-define-property-1.0.1.tgz 3577ms (cache miss)
1342 timing reifyNode:node_modules/es-define-property Completed in 3946ms
1343 http fetch GET 200 https://registry.npmjs.org/get-package-type/-/get-package-type-0.1.0.tgz 3603ms (cache miss)
1344 timing reifyNode:node_modules/get-package-type Completed in 3947ms
1345 http fetch GET 200 https://registry.npmjs.org/npm-package-arg/-/npm-package-arg-10.1.0.tgz 3672ms (cache miss)
1346 timing reifyNode:node_modules/npm-package-arg Completed in 3955ms
1347 http fetch GET 200 https://registry.npmjs.org/kleur/-/kleur-4.1.5.tgz 3657ms (cache miss)
1348 timing reifyNode:node_modules/kleur Completed in 3952ms
1349 http fetch GET 200 https://registry.npmjs.org/mkdirp-classic/-/mkdirp-classic-0.5.3.tgz 3667ms (cache miss)
1350 timing reifyNode:node_modules/mkdirp-classic Completed in 3955ms
1351 http fetch GET 200 https://registry.npmjs.org/decompress-response/-/decompress-response-6.0.0.tgz 3574ms (cache miss)
1352 timing reifyNode:node_modules/decompress-response Completed in 3947ms
1353 http fetch GET 200 https://registry.npmjs.org/lodash.compact/-/lodash.compact-3.0.1.tgz 3659ms (cache miss)
1354 timing reifyNode:node_modules/lodash.compact Completed in 3954ms
1355 http fetch GET 200 https://registry.npmjs.org/isobject/-/isobject-3.0.1.tgz 3652ms (cache miss)
1356 timing reifyNode:node_modules/isobject Completed in 3953ms
1357 http fetch GET 200 https://registry.npmjs.org/escalade/-/escalade-3.2.0.tgz 3584ms (cache miss)
1358 timing reifyNode:node_modules/escalade Completed in 3951ms
1359 http fetch GET 200 https://registry.npmjs.org/humanize-ms/-/humanize-ms-1.2.1.tgz 3643ms (cache miss)
1360 timing reifyNode:node_modules/humanize-ms Completed in 3953ms
1361 http fetch GET 200 https://registry.npmjs.org/is-fullwidth-code-point/-/is-fullwidth-code-point-3.0.0.tgz 3650ms (cache miss)
1362 timing reifyNode:node_modules/is-fullwidth-code-point Completed in 3954ms
1363 http fetch GET 200 https://registry.npmjs.org/http-errors/-/http-errors-2.0.1.tgz 3632ms (cache miss)
1364 timing reifyNode:node_modules/http-errors Completed in 3954ms
1365 http fetch GET 200 https://registry.npmjs.org/dottie/-/dottie-2.0.7.tgz 3579ms (cache miss)
1366 warn deprecated dottie@2.0.7: Package no longer supported. Contact Support at https://www.npmjs.com/support for more info.
1367 timing reifyNode:node_modules/dottie Completed in 3951ms
1368 http fetch GET 200 https://registry.npmjs.org/y18n/-/y18n-5.0.8.tgz 3758ms (cache miss)
1369 http fetch GET 200 https://registry.npmjs.org/vary/-/vary-1.1.2.tgz 3750ms (cache miss)
1370 timing reifyNode:node_modules/vary Completed in 3972ms
1371 http fetch GET 200 https://registry.npmjs.org/validate-npm-package-name/-/validate-npm-package-name-5.0.1.tgz 3754ms (cache miss)
1372 timing reifyNode:node_modules/validate-npm-package-name Completed in 3975ms
1373 http fetch GET 200 https://registry.npmjs.org/typedarray-to-buffer/-/typedarray-to-buffer-3.1.5.tgz 3750ms (cache miss)
1374 timing reifyNode:node_modules/typedarray-to-buffer Completed in 3976ms
1375 http fetch GET 200 https://registry.npmjs.org/validate-npm-package-license/-/validate-npm-package-license-3.0.4.tgz 3755ms (cache miss)
1376 timing reifyNode:node_modules/validate-npm-package-license Completed in 3976ms
1377 http fetch GET 200 https://registry.npmjs.org/pug-linker/-/pug-linker-4.0.0.tgz 3707ms (cache miss)
1378 timing reifyNode:node_modules/pug-linker Completed in 3970ms
1379 http fetch GET 200 https://registry.npmjs.org/postgres-interval/-/postgres-interval-1.2.0.tgz 3700ms (cache miss)
1380 timing reifyNode:node_modules/postgres-interval Completed in 3970ms
1381 http fetch GET 200 https://registry.npmjs.org/resolve-from/-/resolve-from-5.0.0.tgz 3717ms (cache miss)
1382 timing reifyNode:node_modules/resolve-from Completed in 3972ms
1383 http fetch GET 200 https://registry.npmjs.org/find-up/-/find-up-5.0.0.tgz 3608ms (cache miss)
1384 timing reifyNode:node_modules/find-up Completed in 3962ms
1385 http fetch GET 200 https://registry.npmjs.org/@webassemblyjs/ieee754/-/ieee754-1.13.2.tgz 3549ms (cache miss)
1386 timing reifyNode:node_modules/@webassemblyjs/ieee754 Completed in 3957ms
1387 http fetch GET 200 https://registry.npmjs.org/@tufjs/canonical-json/-/canonical-json-1.0.0.tgz 3535ms (cache miss)
1388 timing reifyNode:node_modules/@tufjs/canonical-json Completed in 3956ms
1389 http fetch GET 200 https://registry.npmjs.org/abbrev/-/abbrev-1.1.1.tgz 3554ms (cache miss)
1390 timing reifyNode:node_modules/abbrev Completed in 3957ms
1391 http fetch GET 200 https://registry.npmjs.org/indent-string/-/indent-string-4.0.0.tgz 3582ms (cache miss)
1392 timing reifyNode:node_modules/indent-string Completed in 3965ms
1393 http fetch GET 200 https://registry.npmjs.org/env-paths/-/env-paths-2.2.1.tgz 3592ms (cache miss)
1394 timing reifyNode:node_modules/env-paths Completed in 3963ms
1395 http fetch GET 200 https://registry.npmjs.org/escape-goat/-/escape-goat-4.0.0.tgz 3599ms (cache miss)
1396 timing reifyNode:node_modules/escape-goat Completed in 3965ms
1397 http fetch GET 200 https://registry.npmjs.org/abstract-logging/-/abstract-logging-2.0.1.tgz 3559ms (cache miss)
1398 timing reifyNode:node_modules/abstract-logging Completed in 3961ms
1399 http fetch GET 200 https://registry.npmjs.org/string-width/-/string-width-4.2.3.tgz 3506ms (cache miss)
1400 timing reifyNode:node_modules/wide-align/node_modules/string-width Completed in 3984ms
1401 http fetch GET 200 https://registry.npmjs.org/@types/ms/-/ms-2.1.0.tgz 3541ms (cache miss)
1402 timing reifyNode:node_modules/@types/ms Completed in 3961ms
1403 http fetch GET 200 https://registry.npmjs.org/find-up/-/find-up-4.1.0.tgz 3489ms (cache miss)
1404 timing reifyNode:node_modules/pkg-dir/node_modules/find-up Completed in 3976ms
1405 http fetch GET 200 https://registry.npmjs.org/signal-exit/-/signal-exit-3.0.7.tgz 3509ms (cache miss)
1406 timing reifyNode:node_modules/write-file-atomic/node_modules/signal-exit Completed in 3986ms
1407 http fetch GET 200 https://registry.npmjs.org/@webassemblyjs/utf8/-/utf8-1.13.2.tgz 3554ms (cache miss)
1408 http fetch GET 200 https://registry.npmjs.org/supports-color/-/supports-color-7.2.0.tgz 3471ms (cache miss)
1409 timing reifyNode:node_modules/chalk/node_modules/supports-color Completed in 3966ms
1410 http fetch GET 200 https://registry.npmjs.org/strip-ansi/-/strip-ansi-7.2.0.tgz 3748ms (cache miss)
1411 timing reifyNode:node_modules/strip-ansi Completed in 3984ms
1412 http fetch GET 200 https://registry.npmjs.org/write-file-atomic/-/write-file-atomic-3.0.3.tgz 3750ms (cache miss)
1413 timing reifyNode:node_modules/write-file-atomic Completed in 3988ms
1414 http fetch GET 200 https://registry.npmjs.org/util-deprecate/-/util-deprecate-1.0.2.tgz 3764ms (cache miss)
1415 timing reifyNode:node_modules/util-deprecate Completed in 3986ms
1416 http fetch GET 200 https://registry.npmjs.org/void-elements/-/void-elements-3.1.0.tgz 3767ms (cache miss)
1417 timing reifyNode:node_modules/void-elements Completed in 3986ms
1418 http fetch GET 200 https://registry.npmjs.org/universalify/-/universalify-2.0.1.tgz 3764ms (cache miss)
1419 timing reifyNode:node_modules/universalify Completed in 3987ms
1420 http fetch GET 200 https://registry.npmjs.org/shebang-command/-/shebang-command-2.0.0.tgz 3734ms (cache miss)
1421 timing reifyNode:node_modules/shebang-command Completed in 3982ms
1422 http fetch GET 200 https://registry.npmjs.org/shebang-regex/-/shebang-regex-3.0.0.tgz 3735ms (cache miss)
1423 timing reifyNode:node_modules/shebang-regex Completed in 3983ms
1424 http fetch GET 200 https://registry.npmjs.org/tmpl/-/tmpl-1.0.5.tgz 3757ms (cache miss)
1425 timing reifyNode:node_modules/tmpl Completed in 3987ms
1426 http fetch GET 200 https://registry.npmjs.org/rechoir/-/rechoir-0.8.0.tgz 3724ms (cache miss)
1427 timing reifyNode:node_modules/rechoir Completed in 3983ms
1428 http fetch GET 200 https://registry.npmjs.org/quick-format-unescaped/-/quick-format-unescaped-4.0.4.tgz 3723ms (cache miss)
1429 timing reifyNode:node_modules/quick-format-unescaped Completed in 3984ms
1430 http fetch GET 200 https://registry.npmjs.org/spdx-exceptions/-/spdx-exceptions-2.5.0.tgz 3748ms (cache miss)
1431 timing reifyNode:node_modules/spdx-exceptions Completed in 3987ms
1432 http fetch GET 200 https://registry.npmjs.org/stackback/-/stackback-0.0.2.tgz 3752ms (cache miss)
1433 timing reifyNode:node_modules/stackback Completed in 3989ms
1434 http fetch GET 200 https://registry.npmjs.org/chownr/-/chownr-2.0.0.tgz 3592ms (cache miss)
1435 timing reifyNode:node_modules/chownr Completed in 3973ms
1436 http fetch GET 200 https://registry.npmjs.org/@gar/promisify/-/promisify-1.1.3.tgz 3534ms (cache miss)
1437 timing reifyNode:node_modules/@gar/promisify Completed in 3968ms
1438 http fetch GET 200 https://registry.npmjs.org/tildify/-/tildify-2.0.0.tgz 3760ms (cache miss)
1439 timing reifyNode:node_modules/tildify Completed in 3992ms
1440 http fetch GET 200 https://registry.npmjs.org/aproba/-/aproba-2.1.0.tgz 3577ms (cache miss)
1441 timing reifyNode:node_modules/aproba Completed in 3973ms
1442 http fetch GET 200 https://registry.npmjs.org/quick-lru/-/quick-lru-5.1.1.tgz 3726ms (cache miss)
1443 timing reifyNode:node_modules/quick-lru Completed in 3988ms
1444 http fetch GET 200 https://registry.npmjs.org/p-locate/-/p-locate-4.1.0.tgz 3501ms (cache miss)
1445 timing reifyNode:node_modules/pkg-dir/node_modules/p-locate Completed in 3987ms
1446 http fetch GET 200 https://registry.npmjs.org/require-directory/-/require-directory-2.1.1.tgz 3733ms (cache miss)
1447 timing reifyNode:node_modules/require-directory Completed in 3990ms
1448 http fetch GET 200 https://registry.npmjs.org/rimraf/-/rimraf-3.0.2.tgz 3481ms (cache miss)
1449 warn deprecated rimraf@3.0.2: Rimraf versions prior to v4 are no longer supported
1450 timing reifyNode:node_modules/@npmcli/move-file/node_modules/rimraf Completed in 3972ms
1451 http fetch GET 200 https://registry.npmjs.org/fast-deep-equal/-/fast-deep-equal-3.1.3.tgz 3618ms (cache miss)
1452 timing reifyNode:node_modules/fast-deep-equal Completed in 3980ms
1453 http fetch GET 200 https://registry.npmjs.org/aggregate-error/-/aggregate-error-3.1.0.tgz 3576ms (cache miss)
1454 timing reifyNode:node_modules/aggregate-error Completed in 3977ms
1455 http fetch GET 200 https://registry.npmjs.org/doctypes/-/doctypes-1.1.0.tgz 3608ms (cache miss)
1456 timing reifyNode:node_modules/doctypes Completed in 3981ms
1457 http fetch GET 200 https://registry.npmjs.org/spdx-correct/-/spdx-correct-3.2.0.tgz 3756ms (cache miss)
1458 timing reifyNode:node_modules/spdx-correct Completed in 3997ms
1459 http fetch GET 200 https://registry.npmjs.org/emoji-regex/-/emoji-regex-8.0.0.tgz 3524ms (cache miss)
1460 timing reifyNode:node_modules/wide-align/node_modules/emoji-regex Completed in 4001ms
1461 http fetch GET 200 https://registry.npmjs.org/interpret/-/interpret-3.1.1.tgz 3523ms (cache miss)
1462 timing reifyNode:node_modules/webpack-cli/node_modules/interpret Completed in 4002ms
1463 http fetch GET 200 https://registry.npmjs.org/@fastify/accept-negotiator/-/accept-negotiator-1.1.0.tgz 3540ms (cache miss)
1464 timing reifyNode:node_modules/@fastify/accept-negotiator Completed in 3976ms
1465 http fetch GET 200 https://registry.npmjs.org/tinyrainbow/-/tinyrainbow-3.1.0.tgz 3770ms (cache miss)
1466 timing reifyNode:node_modules/tinyrainbow Completed in 4001ms
1467 http fetch GET 200 https://registry.npmjs.org/http-proxy-agent/-/http-proxy-agent-4.0.1.tgz 3509ms (cache miss)
1468 timing reifyNode:node_modules/sqlite3/node_modules/http-proxy-agent Completed in 4000ms
1469 http fetch GET 200 https://registry.npmjs.org/@webassemblyjs/wasm-gen/-/wasm-gen-1.14.1.tgz 3570ms (cache miss)
1470 http fetch GET 200 https://registry.npmjs.org/split2/-/split2-4.2.0.tgz 3507ms (cache miss)
1471 timing reifyNode:node_modules/pino-abstract-transport/node_modules/split2 Completed in 3995ms
1472 http fetch GET 200 https://registry.npmjs.org/hasown/-/hasown-2.0.4.tgz 3667ms (cache miss)
1473 http fetch GET 200 https://registry.npmjs.org/cli-boxes/-/cli-boxes-3.0.0.tgz 3605ms (cache miss)
1474 timing reifyNode:node_modules/cli-boxes Completed in 3986ms
1475 timing reifyNode:node_modules/hasown Completed in 3990ms
1476 http fetch GET 200 https://registry.npmjs.org/@npmcli/move-file/-/move-file-2.0.1.tgz 3556ms (cache miss)
1477 warn deprecated @npmcli/move-file@2.0.1: This functionality has been moved to @npmcli/fs
1478 timing reifyNode:node_modules/@npmcli/move-file Completed in 3983ms
1479 http fetch GET 200 https://registry.npmjs.org/cookie-signature/-/cookie-signature-1.2.2.tgz 3613ms (cache miss)
1480 timing reifyNode:node_modules/cookie-signature Completed in 3990ms
1481 http fetch GET 200 https://registry.npmjs.org/atomic-sleep/-/atomic-sleep-1.0.0.tgz 3599ms (cache miss)
1482 timing reifyNode:node_modules/atomic-sleep Completed in 3987ms
1483 http fetch GET 200 https://registry.npmjs.org/merge-stream/-/merge-stream-2.0.0.tgz 3705ms (cache miss)
1484 timing reifyNode:node_modules/merge-stream Completed in 3997ms
1485 http fetch GET 200 https://registry.npmjs.org/pg-connection-string/-/pg-connection-string-2.13.0.tgz 3513ms (cache miss)
1486 timing reifyNode:node_modules/pg/node_modules/pg-connection-string Completed in 4001ms
1487 http fetch GET 200 https://registry.npmjs.org/concat-map/-/concat-map-0.0.1.tgz 3612ms (cache miss)
1488 timing reifyNode:node_modules/concat-map Completed in 3991ms
1489 http fetch GET 200 https://registry.npmjs.org/assert-never/-/assert-never-1.4.0.tgz 3597ms (cache miss)
1490 timing reifyNode:node_modules/assert-never Completed in 3989ms
1491 http fetch GET 200 https://registry.npmjs.org/lru-cache/-/lru-cache-6.0.0.tgz 3528ms (cache miss)
1492 timing reifyNode:node_modules/sqlite3/node_modules/lru-cache Completed in 4008ms
1493 http fetch GET 200 https://registry.npmjs.org/has-unicode/-/has-unicode-2.0.1.tgz 3674ms (cache miss)
1494 timing reifyNode:node_modules/has-unicode Completed in 3996ms
1495 http fetch GET 200 https://registry.npmjs.org/minipass-collect/-/minipass-collect-1.0.2.tgz 3713ms (cache miss)
1496 timing reifyNode:node_modules/minipass-collect Completed in 4001ms
1497 http fetch GET 200 https://registry.npmjs.org/chownr/-/chownr-1.1.4.tgz 3532ms (cache miss)
1498 timing reifyNode:node_modules/tar-fs/node_modules/chownr Completed in 4010ms
1499 http fetch GET 200 https://registry.npmjs.org/@types/http-cache-semantics/-/http-cache-semantics-4.2.0.tgz 3570ms (cache miss)
1500 timing reifyNode:node_modules/@types/http-cache-semantics Completed in 3992ms
1501 http fetch GET 200 https://registry.npmjs.org/postcss-modules-local-by-default/-/postcss-modules-local-by-default-4.2.0.tgz 3737ms (cache miss)
1502 timing reifyNode:node_modules/postcss-modules-local-by-default Completed in 4008ms
1503 http fetch GET 200 https://registry.npmjs.org/normalize-path/-/normalize-path-3.0.0.tgz 3723ms (cache miss)
1504 timing reifyNode:node_modules/normalize-path Completed in 4006ms
1505 http fetch GET 200 https://registry.npmjs.org/p-limit/-/p-limit-3.1.0.tgz 3730ms (cache miss)
1506 timing reifyNode:node_modules/p-limit Completed in 4008ms
1507 http fetch GET 200 https://registry.npmjs.org/jsonfile/-/jsonfile-6.2.1.tgz 3709ms (cache miss)
1508 timing reifyNode:node_modules/jsonfile Completed in 4005ms
1509 http fetch GET 200 https://registry.npmjs.org/pg-connection-string/-/pg-connection-string-2.6.2.tgz 3734ms (cache miss)
1510 timing reifyNode:node_modules/pg-connection-string Completed in 4011ms
1511 http fetch GET 200 https://registry.npmjs.org/npm-packlist/-/npm-packlist-7.0.4.tgz 3728ms (cache miss)
1512 timing reifyNode:node_modules/npm-packlist Completed in 4010ms
1513 http fetch GET 200 https://registry.npmjs.org/jstransformer/-/jstransformer-1.0.0.tgz 3709ms (cache miss)
1514 timing reifyNode:node_modules/jstransformer Completed in 4007ms
1515 http fetch GET 200 https://registry.npmjs.org/shallow-clone/-/shallow-clone-3.0.1.tgz 3736ms (cache miss)
1516 timing reifyNode:node_modules/shallow-clone Completed in 4015ms
1517 http fetch GET 200 https://registry.npmjs.org/progress/-/progress-2.0.3.tgz 3745ms (cache miss)
1518 timing reifyNode:node_modules/progress Completed in 4014ms
1519 http fetch GET 200 https://registry.npmjs.org/http-proxy-agent/-/http-proxy-agent-5.0.0.tgz 3687ms (cache miss)
1520 timing reifyNode:node_modules/http-proxy-agent Completed in 4007ms
1521 http fetch GET 200 https://registry.npmjs.org/is-number/-/is-number-7.0.0.tgz 3706ms (cache miss)
1522 timing reifyNode:node_modules/is-number Completed in 4008ms
1523 http fetch GET 200 https://registry.npmjs.org/on-exit-leak-free/-/on-exit-leak-free-2.1.2.tgz 3735ms (cache miss)
1524 timing reifyNode:node_modules/on-exit-leak-free Completed in 4014ms
1525 http fetch GET 200 https://registry.npmjs.org/npm-pick-manifest/-/npm-pick-manifest-8.0.2.tgz 3732ms (cache miss)
1526 timing reifyNode:node_modules/npm-pick-manifest Completed in 4015ms
1527 http fetch GET 200 https://registry.npmjs.org/fs-minipass/-/fs-minipass-3.0.3.tgz 3657ms (cache miss)
1528 timing reifyNode:node_modules/fs-minipass Completed in 4009ms
1529 http fetch GET 200 https://registry.npmjs.org/update-notifier/-/update-notifier-6.0.2.tgz 3804ms (cache miss)
1530 timing reifyNode:node_modules/update-notifier Completed in 4027ms
1531 http fetch GET 200 https://registry.npmjs.org/xtend/-/xtend-4.0.2.tgz 3816ms (cache miss)
1532 timing reifyNode:node_modules/xtend Completed in 4029ms
1533 http fetch GET 200 https://registry.npmjs.org/delegates/-/delegates-1.0.0.tgz 3630ms (cache miss)
1534 timing reifyNode:node_modules/delegates Completed in 4011ms
1535 http fetch GET 200 https://registry.npmjs.org/cacheable-lookup/-/cacheable-lookup-7.0.0.tgz 3620ms (cache miss)
1536 timing reifyNode:node_modules/cacheable-lookup Completed in 4009ms
1537 http fetch GET 200 https://registry.npmjs.org/fastest-levenshtein/-/fastest-levenshtein-1.0.16.tgz 3653ms (cache miss)
1538 http fetch GET 200 https://registry.npmjs.org/ansi-styles/-/ansi-styles-4.3.0.tgz 3611ms (cache miss)
1539 timing reifyNode:node_modules/ansi-styles Completed in 4010ms
1540 http fetch GET 200 https://registry.npmjs.org/@webassemblyjs/helper-wasm-section/-/helper-wasm-section-1.14.1.tgz 3600ms (cache miss)
1541 http fetch GET 200 https://registry.npmjs.org/fs.realpath/-/fs.realpath-1.0.0.tgz 3652ms (cache miss)
1542 timing reifyNode:node_modules/fs.realpath Completed in 4017ms
1543 http fetch GET 200 https://registry.npmjs.org/bindings/-/bindings-1.5.0.tgz 3626ms (cache miss)
1544 timing reifyNode:node_modules/bindings Completed in 4013ms
1545 http fetch GET 200 https://registry.npmjs.org/dateformat/-/dateformat-4.6.3.tgz 3640ms (cache miss)
1546 timing reifyNode:node_modules/dateformat Completed in 4017ms
1547 http fetch GET 200 https://registry.npmjs.org/ansi-align/-/ansi-align-3.0.1.tgz 3618ms (cache miss)
1548 timing reifyNode:node_modules/ansi-align Completed in 4014ms
1549 http fetch GET 200 https://registry.npmjs.org/ansi-regex/-/ansi-regex-6.2.2.tgz 3616ms (cache miss)
1550 timing reifyNode:node_modules/ansi-regex Completed in 4016ms
1551 http fetch GET 200 https://registry.npmjs.org/are-we-there-yet/-/are-we-there-yet-3.0.1.tgz 3618ms (cache miss)
1552 warn deprecated are-we-there-yet@3.0.1: This package is no longer supported.
1553 timing reifyNode:node_modules/are-we-there-yet Completed in 4016ms
1554 http fetch GET 200 https://registry.npmjs.org/strip-ansi/-/strip-ansi-6.0.1.tgz 3568ms (cache miss)
1555 timing reifyNode:node_modules/yargs/node_modules/strip-ansi Completed in 4040ms
1556 http fetch GET 200 https://registry.npmjs.org/@types/debug/-/debug-4.1.13.tgz 3596ms (cache miss)
1557 timing reifyNode:node_modules/@types/debug Completed in 4016ms
1558 timing reifyNode:node_modules/@webassemblyjs/utf8 Completed in 4018ms
1559 http fetch GET 200 https://registry.npmjs.org/simple-get/-/simple-get-4.0.1.tgz 3793ms (cache miss)
1560 timing reifyNode:node_modules/simple-get Completed in 4037ms
1561 http fetch GET 200 https://registry.npmjs.org/mimic-response/-/mimic-response-4.0.0.tgz 3527ms (cache miss)
1562 timing reifyNode:node_modules/cacheable-request/node_modules/mimic-response Completed in 4021ms
1563 http fetch GET 200 https://registry.npmjs.org/ansi-regex/-/ansi-regex-5.0.1.tgz 3527ms (cache miss)
1564 timing reifyNode:node_modules/ansi-align/node_modules/ansi-regex Completed in 4021ms
1565 http fetch GET 200 https://registry.npmjs.org/brace-expansion/-/brace-expansion-1.1.15.tgz 3559ms (cache miss)
1566 timing reifyNode:node_modules/sqlite3/node_modules/brace-expansion Completed in 4040ms
1567 http fetch GET 200 https://registry.npmjs.org/brace-expansion/-/brace-expansion-1.1.15.tgz 3526ms (cache miss)
1568 timing reifyNode:node_modules/@npmcli/move-file/node_modules/brace-expansion Completed in 4019ms
1569 http fetch GET 200 https://registry.npmjs.org/which/-/which-3.0.1.tgz 3530ms (cache miss)
1570 timing reifyNode:node_modules/@npmcli/run-script/node_modules/which Completed in 4020ms
1571 http fetch GET 200 https://registry.npmjs.org/wildcard/-/wildcard-2.0.1.tgz 3828ms (cache miss)
1572 http fetch GET 200 https://registry.npmjs.org/string_decoder/-/string_decoder-1.3.0.tgz 3807ms (cache miss)
1573 timing reifyNode:node_modules/string_decoder Completed in 4043ms
1574 http fetch GET 200 https://registry.npmjs.org/split2/-/split2-3.2.2.tgz 3804ms (cache miss)
1575 timing reifyNode:node_modules/split2 Completed in 4042ms
1576 http fetch GET 200 https://registry.npmjs.org/safe-regex2/-/safe-regex2-3.1.0.tgz 3789ms (cache miss)
1577 http fetch GET 200 https://registry.npmjs.org/pug-filters/-/pug-filters-4.0.0.tgz 3773ms (cache miss)
1578 timing reifyNode:node_modules/pug-filters Completed in 4040ms
1579 http fetch GET 200 https://registry.npmjs.org/spdx-expression-parse/-/spdx-expression-parse-3.0.1.tgz 3805ms (cache miss)
1580 timing reifyNode:node_modules/spdx-expression-parse Completed in 4045ms
1581 http fetch GET 200 https://registry.npmjs.org/pug-walk/-/pug-walk-2.0.0.tgz 3779ms (cache miss)
1582 timing reifyNode:node_modules/pug-walk Completed in 4042ms
1583 http fetch GET 200 https://registry.npmjs.org/strip-json-comments/-/strip-json-comments-5.0.3.tgz 3812ms (cache miss)
1584 timing reifyNode:node_modules/strip-json-comments Completed in 4047ms
1585 http fetch GET 200 https://registry.npmjs.org/spdx-license-ids/-/spdx-license-ids-3.0.23.tgz 3807ms (cache miss)
1586 timing reifyNode:node_modules/spdx-license-ids Completed in 4046ms
1587 http fetch GET 200 https://registry.npmjs.org/sisteransi/-/sisteransi-1.0.5.tgz 3803ms (cache miss)
1588 timing reifyNode:node_modules/sisteransi Completed in 4046ms
1589 http fetch GET 200 https://registry.npmjs.org/registry-auth-token/-/registry-auth-token-5.1.1.tgz 3785ms (cache miss)
1590 timing reifyNode:node_modules/registry-auth-token Completed in 4044ms
1591 http fetch GET 200 https://registry.npmjs.org/string-width/-/string-width-5.1.2.tgz 3813ms (cache miss)
1592 timing reifyNode:node_modules/string-width Completed in 4049ms
1593 http fetch GET 200 https://registry.npmjs.org/@isaacs/cliui/-/cliui-8.0.2.tgz 3595ms (cache miss)
1594 timing reifyNode:node_modules/@isaacs/cliui Completed in 4028ms
1595 http fetch GET 200 https://registry.npmjs.org/assertion-error/-/assertion-error-2.0.1.tgz 3614ms (cache miss)
1596 timing reifyNode:node_modules/assertion-error Completed in 4032ms
1597 http fetch GET 200 https://registry.npmjs.org/p-limit/-/p-limit-2.3.0.tgz 3556ms (cache miss)
1598 timing reifyNode:node_modules/pkg-dir/node_modules/p-limit Completed in 4045ms
1599 http fetch GET 200 https://registry.npmjs.org/brace-expansion/-/brace-expansion-2.1.1.tgz 3648ms (cache miss)
1600 timing reifyNode:node_modules/brace-expansion Completed in 4034ms
1601 http fetch GET 200 https://registry.npmjs.org/@webassemblyjs/helper-wasm-bytecode/-/helper-wasm-bytecode-1.13.2.tgz 3623ms (cache miss)
1602 timing reifyNode:node_modules/@webassemblyjs/helper-wasm-bytecode Completed in 4033ms
1603 http fetch GET 200 https://registry.npmjs.org/stack-trace/-/stack-trace-0.0.10.tgz 3814ms (cache miss)
1604 timing reifyNode:node_modules/stack-trace Completed in 4054ms
1605 http fetch GET 200 https://registry.npmjs.org/fastify-objectionjs/-/fastify-objectionjs-2.0.1.tgz 3682ms (cache miss)
1606 timing reifyNode:node_modules/fastify-objectionjs Completed in 4040ms
1607 http fetch GET 200 https://registry.npmjs.org/dot-prop/-/dot-prop-6.0.1.tgz 3668ms (cache miss)
1608 timing reifyNode:node_modules/dot-prop Completed in 4039ms
1609 http fetch GET 200 https://registry.npmjs.org/pug-code-gen/-/pug-code-gen-3.0.4.tgz 3786ms (cache miss)
1610 timing reifyNode:node_modules/pug-code-gen Completed in 4051ms
1611 http fetch GET 200 https://registry.npmjs.org/defer-to-connect/-/defer-to-connect-2.0.1.tgz 3667ms (cache miss)
1612 timing reifyNode:node_modules/defer-to-connect Completed in 4040ms
1613 http fetch GET 200 https://registry.npmjs.org/console-control-strings/-/console-control-strings-1.1.0.tgz 3663ms (cache miss)
1614 timing reifyNode:node_modules/console-control-strings Completed in 4041ms
1615 http fetch GET 200 https://registry.npmjs.org/is-npm/-/is-npm-6.1.0.tgz 3744ms (cache miss)
1616 timing reifyNode:node_modules/is-npm Completed in 4047ms
1617 http fetch GET 200 https://registry.npmjs.org/@tootallnate/once/-/once-2.0.1.tgz 3619ms (cache miss)
1618 http fetch GET 200 https://registry.npmjs.org/json-parse-even-better-errors/-/json-parse-even-better-errors-3.0.2.tgz 3744ms (cache miss)
1619 timing reifyNode:node_modules/json-parse-even-better-errors Completed in 4050ms
1620 http fetch GET 200 https://registry.npmjs.org/import-local/-/import-local-3.2.0.tgz 3741ms (cache miss)
1621 timing reifyNode:node_modules/import-local Completed in 4050ms
1622 http fetch GET 200 https://registry.npmjs.org/@rolldown/pluginutils/-/pluginutils-1.0.1.tgz 3610ms (cache miss)
1623 http fetch GET 200 https://registry.npmjs.org/@types/estree/-/estree-1.0.9.tgz 3626ms (cache miss)
1624 timing reifyNode:node_modules/@types/estree Completed in 4042ms
1625 http fetch GET 200 https://registry.npmjs.org/wrap-ansi/-/wrap-ansi-7.0.0.tgz 3817ms (cache miss)
1626 timing reifyNode:node_modules/wrap-ansi-cjs Completed in 4068ms
1627 http fetch GET 200 https://registry.npmjs.org/has-flag/-/has-flag-4.0.0.tgz 3728ms (cache miss)
1628 timing reifyNode:node_modules/has-flag Completed in 4051ms
1629 http fetch GET 200 https://registry.npmjs.org/npm-bundled/-/npm-bundled-3.0.1.tgz 3775ms (cache miss)
1630 timing reifyNode:node_modules/npm-bundled Completed in 4058ms
1631 http fetch GET 200 https://registry.npmjs.org/err-code/-/err-code-2.0.3.tgz 3681ms (cache miss)
1632 timing reifyNode:node_modules/err-code Completed in 4050ms
1633 http fetch GET 200 https://registry.npmjs.org/@tootallnate/once/-/once-1.1.2.tgz 3584ms (cache miss)
1634 timing reifyNode:node_modules/sqlite3/node_modules/@tootallnate/once Completed in 4065ms
1635 http fetch GET 200 https://registry.npmjs.org/get-caller-file/-/get-caller-file-2.0.5.tgz 3701ms (cache miss)
1636 timing reifyNode:node_modules/get-caller-file Completed in 4053ms
1637 http fetch GET 200 https://registry.npmjs.org/unique-slug/-/unique-slug-3.0.0.tgz 3571ms (cache miss)
1638 timing reifyNode:node_modules/node-gyp/node_modules/unique-slug Completed in 4059ms
1639 http fetch GET 200 https://registry.npmjs.org/inherits/-/inherits-2.0.4.tgz 3674ms (cache miss)
1640 timing reifyNode:node_modules/inherits Completed in 4057ms
1641 http fetch GET 200 https://registry.npmjs.org/@webassemblyjs/helper-numbers/-/helper-numbers-1.13.2.tgz 3640ms (cache miss)
1642 timing reifyNode:node_modules/@webassemblyjs/helper-numbers Completed in 4050ms
1643 http fetch GET 200 https://registry.npmjs.org/@webpack-cli/info/-/info-2.0.2.tgz 3646ms (cache miss)
1644 timing reifyNode:node_modules/@webpack-cli/info Completed in 4050ms
1645 http fetch GET 200 https://registry.npmjs.org/imurmurhash/-/imurmurhash-0.1.4.tgz 3750ms (cache miss)
1646 timing reifyNode:node_modules/imurmurhash Completed in 4059ms
1647 http fetch GET 200 https://registry.npmjs.org/process/-/process-0.11.10.tgz 3798ms (cache miss)
1648 timing reifyNode:node_modules/process Completed in 4067ms
1649 http fetch GET 200 https://registry.npmjs.org/mkdirp/-/mkdirp-1.0.4.tgz 3772ms (cache miss)
1650 timing reifyNode:node_modules/mkdirp Completed in 4063ms
1651 http fetch GET 200 https://registry.npmjs.org/hosted-git-info/-/hosted-git-info-5.2.1.tgz 3740ms (cache miss)
1652 timing reifyNode:node_modules/hosted-git-info Completed in 4062ms
1653 http fetch GET 200 https://registry.npmjs.org/isbinaryfile/-/isbinaryfile-4.0.10.tgz 3763ms (cache miss)
1654 timing reifyNode:node_modules/isbinaryfile Completed in 4064ms
1655 http fetch GET 200 https://registry.npmjs.org/mdurl/-/mdurl-1.0.1.tgz 3776ms (cache miss)
1656 timing reifyNode:node_modules/mdurl Completed in 4066ms
1657 http fetch GET 200 https://registry.npmjs.org/kind-of/-/kind-of-6.0.3.tgz 3770ms (cache miss)
1658 timing reifyNode:node_modules/kind-of Completed in 4066ms
1659 http fetch GET 200 https://registry.npmjs.org/file-uri-to-path/-/file-uri-to-path-1.0.0.tgz 3705ms (cache miss)
1660 timing reifyNode:node_modules/file-uri-to-path Completed in 4064ms
1661 http fetch GET 200 https://registry.npmjs.org/color-convert/-/color-convert-2.0.1.tgz 3680ms (cache miss)
1662 timing reifyNode:node_modules/color-convert Completed in 4062ms
1663 http fetch GET 200 https://registry.npmjs.org/glob-parent/-/glob-parent-5.1.2.tgz 3737ms (cache miss)
1664 timing reifyNode:node_modules/glob-parent Completed in 4065ms
1665 timing reifyNode:node_modules/y18n Completed in 4084ms
1666 http fetch GET 200 https://registry.npmjs.org/uc.micro/-/uc.micro-1.0.6.tgz 3857ms (cache miss)
1667 http fetch GET 200 https://registry.npmjs.org/postcss-modules-values/-/postcss-modules-values-4.0.0.tgz 3805ms (cache miss)
1668 timing reifyNode:node_modules/postcss-modules-values Completed in 4076ms
1669 http fetch GET 200 https://registry.npmjs.org/configstore/-/configstore-6.0.0.tgz 3686ms (cache miss)
1670 timing reifyNode:node_modules/configstore Completed in 4064ms
1671 http fetch GET 200 https://registry.npmjs.org/fast-safe-stringify/-/fast-safe-stringify-2.1.1.tgz 3706ms (cache miss)
1672 timing reifyNode:node_modules/fast-safe-stringify Completed in 4067ms
1673 http fetch GET 200 https://registry.npmjs.org/base64-js/-/base64-js-1.5.1.tgz 3670ms (cache miss)
1674 timing reifyNode:node_modules/base64-js Completed in 4063ms
1675 http fetch GET 200 https://registry.npmjs.org/config-chain/-/config-chain-1.1.13.tgz 3688ms (cache miss)
1676 timing reifyNode:node_modules/config-chain Completed in 4066ms
1677 timing reifyNode:node_modules/fastest-levenshtein Completed in 4068ms
1678 http fetch GET 200 https://registry.npmjs.org/clone-deep/-/clone-deep-4.0.1.tgz 3687ms (cache miss)
1679 timing reifyNode:node_modules/clone-deep Completed in 4067ms
1680 http fetch GET 200 https://registry.npmjs.org/fast-querystring/-/fast-querystring-1.1.2.tgz 3708ms (cache miss)
1681 timing reifyNode:node_modules/fast-querystring Completed in 4069ms
1682 http fetch GET 200 https://registry.npmjs.org/string-width/-/string-width-4.2.3.tgz 3616ms (cache miss)
1683 timing reifyNode:node_modules/wrap-ansi-cjs/node_modules/string-width Completed in 4094ms
1684 http fetch GET 200 https://registry.npmjs.org/string-width/-/string-width-4.2.3.tgz 3856ms (cache miss)
1685 timing reifyNode:node_modules/string-width-cjs Completed in 4090ms
1686 http fetch GET 200 https://registry.npmjs.org/string-width/-/string-width-4.2.3.tgz 3607ms (cache miss)
1687 timing reifyNode:node_modules/sequelize-cli/node_modules/string-width Completed in 4088ms
1688 http fetch GET 200 https://registry.npmjs.org/string-width/-/string-width-4.2.3.tgz 3586ms (cache miss)
1689 timing reifyNode:node_modules/gauge/node_modules/string-width Completed in 4077ms
1690 http fetch GET 200 https://registry.npmjs.org/string-width/-/string-width-4.2.3.tgz 3584ms (cache miss)
1691 timing reifyNode:node_modules/cliui/node_modules/string-width Completed in 4074ms
1692 http fetch GET 200 https://registry.npmjs.org/string-width/-/string-width-4.2.3.tgz 3578ms (cache miss)
1693 timing reifyNode:node_modules/ansi-align/node_modules/string-width Completed in 4073ms
1694 http fetch GET 200 https://registry.npmjs.org/string-width/-/string-width-4.2.3.tgz 3582ms (cache miss)
1695 timing reifyNode:node_modules/cli-table3/node_modules/string-width Completed in 4076ms
1696 http fetch GET 200 https://registry.npmjs.org/string-width/-/string-width-4.2.3.tgz 3626ms (cache miss)
1697 timing reifyNode:node_modules/yargs/node_modules/string-width Completed in 4098ms
1698 http fetch GET 200 https://registry.npmjs.org/strip-ansi/-/strip-ansi-6.0.1.tgz 3607ms (cache miss)
1699 timing reifyNode:node_modules/sequelize-cli/node_modules/strip-ansi Completed in 4091ms
1700 http fetch GET 200 https://registry.npmjs.org/strip-ansi/-/strip-ansi-6.0.1.tgz 3619ms (cache miss)
1701 timing reifyNode:node_modules/wrap-ansi-cjs/node_modules/strip-ansi Completed in 4098ms
1702 http fetch GET 200 https://registry.npmjs.org/strip-ansi/-/strip-ansi-6.0.1.tgz 3616ms (cache miss)
1703 timing reifyNode:node_modules/wide-align/node_modules/strip-ansi Completed in 4098ms
1704 http fetch GET 200 https://registry.npmjs.org/strip-ansi/-/strip-ansi-6.0.1.tgz 3860ms (cache miss)
1705 timing reifyNode:node_modules/strip-ansi-cjs Completed in 4095ms
1706 http fetch GET 200 https://registry.npmjs.org/strip-ansi/-/strip-ansi-6.0.1.tgz 3581ms (cache miss)
1707 timing reifyNode:node_modules/ansi-align/node_modules/strip-ansi Completed in 4077ms
1708 http fetch GET 200 https://registry.npmjs.org/strip-ansi/-/strip-ansi-6.0.1.tgz 3592ms (cache miss)
1709 timing reifyNode:node_modules/gauge/node_modules/strip-ansi Completed in 4082ms
1710 http fetch GET 200 https://registry.npmjs.org/strip-ansi/-/strip-ansi-6.0.1.tgz 3618ms (cache miss)
1711 timing reifyNode:node_modules/string-width-cjs/node_modules/strip-ansi Completed in 4096ms
1712 http fetch GET 200 https://registry.npmjs.org/strip-ansi/-/strip-ansi-6.0.1.tgz 3585ms (cache miss)
1713 timing reifyNode:node_modules/cli-table3/node_modules/strip-ansi Completed in 4080ms
1714 http fetch GET 200 https://registry.npmjs.org/strip-ansi/-/strip-ansi-6.0.1.tgz 3587ms (cache miss)
1715 timing reifyNode:node_modules/cliui/node_modules/strip-ansi Completed in 4080ms
1716 http fetch GET 200 https://registry.npmjs.org/ansi-regex/-/ansi-regex-5.0.1.tgz 3619ms (cache miss)
1717 timing reifyNode:node_modules/string-width-cjs/node_modules/ansi-regex Completed in 4098ms
1718 http fetch GET 200 https://registry.npmjs.org/ansi-regex/-/ansi-regex-5.0.1.tgz 3624ms (cache miss)
1719 timing reifyNode:node_modules/wide-align/node_modules/ansi-regex Completed in 4101ms
1720 http fetch GET 200 https://registry.npmjs.org/ansi-regex/-/ansi-regex-5.0.1.tgz 3592ms (cache miss)
1721 timing reifyNode:node_modules/gauge/node_modules/ansi-regex Completed in 4085ms
1722 http fetch GET 200 https://registry.npmjs.org/ansi-regex/-/ansi-regex-5.0.1.tgz 3585ms (cache miss)
1723 timing reifyNode:node_modules/cli-table3/node_modules/ansi-regex Completed in 4082ms
1724 http fetch GET 200 https://registry.npmjs.org/ansi-regex/-/ansi-regex-5.0.1.tgz 3630ms (cache miss)
1725 timing reifyNode:node_modules/wrap-ansi-cjs/node_modules/ansi-regex Completed in 4103ms
1726 http fetch GET 200 https://registry.npmjs.org/ansi-regex/-/ansi-regex-5.0.1.tgz 3627ms (cache miss)
1727 timing reifyNode:node_modules/yargs/node_modules/ansi-regex Completed in 4104ms
1728 http fetch GET 200 https://registry.npmjs.org/ansi-regex/-/ansi-regex-5.0.1.tgz 3619ms (cache miss)
1729 timing reifyNode:node_modules/strip-ansi-cjs/node_modules/ansi-regex Completed in 4100ms
1730 http fetch GET 200 https://registry.npmjs.org/ansi-regex/-/ansi-regex-5.0.1.tgz 3591ms (cache miss)
1731 timing reifyNode:node_modules/cliui/node_modules/ansi-regex Completed in 4084ms
1732 http fetch GET 200 https://registry.npmjs.org/ansi-regex/-/ansi-regex-5.0.1.tgz 3614ms (cache miss)
1733 timing reifyNode:node_modules/sequelize-cli/node_modules/ansi-regex Completed in 4098ms
1734 timing reifyNode:node_modules/wildcard Completed in 4105ms
1735 http fetch GET 200 https://registry.npmjs.org/yallist/-/yallist-4.0.0.tgz 3855ms (cache miss)
1736 timing reifyNode:node_modules/yallist Completed in 4107ms
1737 http fetch GET 200 https://registry.npmjs.org/std-env/-/std-env-4.1.0.tgz 3868ms (cache miss)
1738 timing reifyNode:node_modules/std-env Completed in 4104ms
1739 http fetch GET 200 https://registry.npmjs.org/@vitest/spy/-/spy-4.1.8.tgz 3672ms (cache miss)
1740 timing reifyNode:node_modules/@vitest/spy Completed in 4084ms
1741 http fetch GET 200 https://registry.npmjs.org/set-cookie-parser/-/set-cookie-parser-2.7.2.tgz 3853ms (cache miss)
1742 timing reifyNode:node_modules/set-cookie-parser Completed in 4101ms
1743 http fetch GET 200 https://registry.npmjs.org/remote-git-tags/-/remote-git-tags-3.0.0.tgz 3843ms (cache miss)
1744 timing reifyNode:node_modules/remote-git-tags Completed in 4101ms
1745 http fetch GET 200 https://registry.npmjs.org/queue-microtask/-/queue-microtask-1.2.3.tgz 3839ms (cache miss)
1746 timing reifyNode:node_modules/queue-microtask Completed in 4101ms
1747 http fetch GET 200 https://registry.npmjs.org/pupa/-/pupa-3.3.0.tgz 3839ms (cache miss)
1748 timing reifyNode:node_modules/pupa Completed in 4102ms
1749 http fetch GET 200 https://registry.npmjs.org/brace-expansion/-/brace-expansion-2.1.1.tgz 3607ms (cache miss)
1750 timing reifyNode:node_modules/node-gyp/node_modules/cacache/node_modules/brace-expansion Completed in 4099ms
1751 http fetch GET 200 https://registry.npmjs.org/rfdc/-/rfdc-1.4.1.tgz 3851ms (cache miss)
1752 timing reifyNode:node_modules/rfdc Completed in 4105ms
1753 http fetch GET 200 https://registry.npmjs.org/semver-utils/-/semver-utils-1.1.4.tgz 3855ms (cache miss)
1754 timing reifyNode:node_modules/semver-utils Completed in 4105ms
1755 http fetch GET 200 https://registry.npmjs.org/ansi-styles/-/ansi-styles-6.2.3.tgz 3634ms (cache miss)
1756 timing reifyNode:node_modules/wrap-ansi/node_modules/ansi-styles Completed in 4111ms
1757 http fetch GET 200 https://registry.npmjs.org/read-package-json/-/read-package-json-6.0.4.tgz 3844ms (cache miss)
1758 warn deprecated read-package-json@6.0.4: This package is no longer supported. Please use @npmcli/package-json instead.
1759 timing reifyNode:node_modules/read-package-json Completed in 4106ms
1760 http fetch GET 200 https://registry.npmjs.org/@fastify/deepmerge/-/deepmerge-2.0.2.tgz 3651ms (cache miss)
1761 timing reifyNode:node_modules/@fastify/deepmerge Completed in 4087ms
1762 http fetch GET 200 https://registry.npmjs.org/strip-json-comments/-/strip-json-comments-2.0.1.tgz 3624ms (cache miss)
1763 timing reifyNode:node_modules/rc/node_modules/strip-json-comments Completed in 4107ms
1764 http fetch GET 200 https://registry.npmjs.org/fast-memoize/-/fast-memoize-2.5.2.tgz 3734ms (cache miss)
1765 timing reifyNode:node_modules/fast-memoize Completed in 4096ms
1766 http fetch GET 200 https://registry.npmjs.org/graceful-fs/-/graceful-fs-4.2.10.tgz 3599ms (cache miss)
1767 timing reifyNode:node_modules/@pnpm/network.ca-file/node_modules/graceful-fs Completed in 4091ms
1768 http fetch GET 200 https://registry.npmjs.org/strip-json-comments/-/strip-json-comments-3.1.1.tgz 3619ms (cache miss)
1769 timing reifyNode:node_modules/pino-pretty/node_modules/strip-json-comments Completed in 4107ms
1770 http fetch GET 200 https://registry.npmjs.org/socks-proxy-agent/-/socks-proxy-agent-7.0.0.tgz 3870ms (cache miss)
1771 timing reifyNode:node_modules/socks-proxy-agent Completed in 4112ms
1772 http fetch GET 200 https://registry.npmjs.org/infer-owner/-/infer-owner-1.0.4.tgz 3794ms (cache miss)
1773 timing reifyNode:node_modules/infer-owner Completed in 4101ms
1774 http fetch GET 200 https://registry.npmjs.org/http-errors/-/http-errors-2.0.0.tgz 3602ms (cache miss)
1775 timing reifyNode:node_modules/@fastify/send/node_modules/http-errors Completed in 4093ms
1776 http fetch GET 200 https://registry.npmjs.org/@webpack-cli/configtest/-/configtest-2.1.1.tgz 3688ms (cache miss)
1777 timing reifyNode:node_modules/@webpack-cli/configtest Completed in 4096ms
1778 http fetch GET 200 https://registry.npmjs.org/ini/-/ini-1.3.8.tgz 3607ms (cache miss)
1779 timing reifyNode:node_modules/config-chain/node_modules/ini Completed in 4099ms
1780 http fetch GET 200 https://registry.npmjs.org/globby/-/globby-11.1.0.tgz 3775ms (cache miss)
1781 timing reifyNode:node_modules/globby Completed in 4103ms
1782 http fetch GET 200 https://registry.npmjs.org/fs-constants/-/fs-constants-1.0.0.tgz 3736ms (cache miss)
1783 timing reifyNode:node_modules/fs-constants Completed in 4103ms
1784 timing reifyNode:node_modules/@tootallnate/once Completed in 4097ms
1785 http fetch GET 200 https://registry.npmjs.org/to-regex-range/-/to-regex-range-5.0.1.tgz 3890ms (cache miss)
1786 timing reifyNode:node_modules/to-regex-range Completed in 4120ms
1787 http fetch GET 200 https://registry.npmjs.org/color-support/-/color-support-1.1.3.tgz 3697ms (cache miss)
1788 timing reifyNode:node_modules/color-support Completed in 4104ms
1789 http fetch GET 200 https://registry.npmjs.org/character-parser/-/character-parser-2.2.0.tgz 3723ms (cache miss)
1790 timing reifyNode:node_modules/character-parser Completed in 4105ms
1791 http fetch GET 200 https://registry.npmjs.org/is-plain-object/-/is-plain-object-2.0.4.tgz 3807ms (cache miss)
1792 timing reifyNode:node_modules/is-plain-object Completed in 4110ms
1793 http fetch GET 200 https://registry.npmjs.org/minipass-json-stream/-/minipass-json-stream-1.0.2.tgz 3825ms (cache miss)
1794 timing reifyNode:node_modules/minipass-json-stream Completed in 4114ms
1795 http fetch GET 200 https://registry.npmjs.org/@webassemblyjs/wast-printer/-/wast-printer-1.14.1.tgz 3698ms (cache miss)
1796 timing reifyNode:node_modules/@webassemblyjs/wast-printer Completed in 4103ms
1797 http fetch GET 200 https://registry.npmjs.org/get-proto/-/get-proto-1.0.1.tgz 3780ms (cache miss)
1798 http fetch GET 200 https://registry.npmjs.org/convert-source-map/-/convert-source-map-2.0.0.tgz 3729ms (cache miss)
1799 timing reifyNode:node_modules/convert-source-map Completed in 4108ms
1800 http fetch GET 200 https://registry.npmjs.org/array-union/-/array-union-2.1.0.tgz 3702ms (cache miss)
1801 timing reifyNode:node_modules/array-union Completed in 4106ms
1802 http fetch GET 200 https://registry.npmjs.org/anymatch/-/anymatch-3.1.3.tgz 3709ms (cache miss)
1803 timing reifyNode:node_modules/anymatch Completed in 4106ms
1804 http fetch GET 200 https://registry.npmjs.org/locate-path/-/locate-path-5.0.0.tgz 3636ms (cache miss)
1805 timing reifyNode:node_modules/pkg-dir/node_modules/locate-path Completed in 4120ms
1806 http fetch GET 200 https://registry.npmjs.org/@webassemblyjs/helper-api-error/-/helper-api-error-1.13.2.tgz 3695ms (cache miss)
1807 timing reifyNode:node_modules/@webassemblyjs/helper-api-error Completed in 4106ms
1808 http fetch GET 200 https://registry.npmjs.org/camelcase/-/camelcase-7.0.1.tgz 3724ms (cache miss)
1809 timing reifyNode:node_modules/camelcase Completed in 4109ms
1810 http fetch GET 200 https://registry.npmjs.org/@webassemblyjs/wasm-edit/-/wasm-edit-1.14.1.tgz 3695ms (cache miss)
1811 timing reifyNode:node_modules/@webassemblyjs/wasm-edit Completed in 4108ms
1812 http fetch GET 200 https://registry.npmjs.org/@types/json-schema/-/json-schema-7.0.15.tgz 3686ms (cache miss)
1813 timing reifyNode:node_modules/@types/json-schema Completed in 4109ms
1814 http fetch GET 200 https://registry.npmjs.org/escape-html/-/escape-html-1.0.3.tgz 3740ms (cache miss)
1815 timing reifyNode:node_modules/escape-html Completed in 4114ms
1816 http fetch GET 200 https://registry.npmjs.org/@fastify/flash/-/flash-5.2.0.tgz 3672ms (cache miss)
1817 timing reifyNode:node_modules/@fastify/flash Completed in 4107ms
1818 http fetch GET 200 https://registry.npmjs.org/linkify-it/-/linkify-it-4.0.1.tgz 3828ms (cache miss)
1819 timing reifyNode:node_modules/linkify-it Completed in 4123ms
1820 http fetch GET 200 https://registry.npmjs.org/minizlib/-/minizlib-2.1.2.tgz 3838ms (cache miss)
1821 timing reifyNode:node_modules/minizlib Completed in 4127ms
1822 http fetch GET 200 https://registry.npmjs.org/pug/-/pug-3.0.4.tgz 3864ms (cache miss)
1823 timing reifyNode:node_modules/pug Completed in 4131ms
1824 http fetch GET 200 https://registry.npmjs.org/@fastify%2fstatic 2146ms (cache miss)
1825 timing metavuln:packument:@fastify/static Completed in 2147ms
1826 timing metavuln:load:security-advisory:@fastify/static:1124285 Completed in 3ms
1827 timing metavuln:load:security-advisory:@fastify/static:1124286 Completed in 2ms
1828 timing reifyNode:node_modules/@webassemblyjs/helper-wasm-section Completed in 4128ms
1829 http fetch GET 200 https://registry.npmjs.org/boxen/-/boxen-7.1.1.tgz 3742ms (cache miss)
1830 timing reifyNode:node_modules/boxen Completed in 4131ms
1831 http fetch GET 200 https://registry.npmjs.org/fs-minipass/-/fs-minipass-2.1.0.tgz 3654ms (cache miss)
1832 timing reifyNode:node_modules/node-gyp/node_modules/fs-minipass Completed in 4143ms
1833 http fetch GET 200 https://registry.npmjs.org/fs-minipass/-/fs-minipass-2.1.0.tgz 3673ms (cache miss)
1834 timing reifyNode:node_modules/tar/node_modules/fs-minipass Completed in 4152ms
1835 http fetch GET 200 https://registry.npmjs.org/signal-exit/-/signal-exit-3.0.7.tgz 3647ms (cache miss)
1836 timing reifyNode:node_modules/gauge/node_modules/signal-exit Completed in 4139ms
1837 http fetch GET 200 https://registry.npmjs.org/fdir/-/fdir-6.5.0.tgz 3676ms (cache miss)
1838 timing reifyNode:node_modules/tinyglobby/node_modules/fdir Completed in 4154ms
1839 http fetch GET 200 https://registry.npmjs.org/which/-/which-3.0.1.tgz 3640ms (cache miss)
1840 timing reifyNode:node_modules/@npmcli/promise-spawn/node_modules/which Completed in 4131ms
1841 http fetch GET 200 https://registry.npmjs.org/which/-/which-3.0.1.tgz 3625ms (cache miss)
1842 timing reifyNode:node_modules/@npmcli/git/node_modules/which Completed in 4132ms
1843 http fetch GET 200 https://registry.npmjs.org/supports-color/-/supports-color-8.1.1.tgz 3920ms (cache miss)
1844 timing reifyNode:node_modules/supports-color Completed in 4154ms
1845 http fetch GET 200 https://registry.npmjs.org/tinyglobby/-/tinyglobby-0.2.17.tgz 3927ms (cache miss)
1846 timing reifyNode:node_modules/tinyglobby Completed in 4156ms
1847 http fetch GET 200 https://registry.npmjs.org/side-channel-weakmap/-/side-channel-weakmap-1.0.2.tgz 3909ms (cache miss)
1848 timing reifyNode:node_modules/side-channel-weakmap Completed in 4154ms
1849 http fetch GET 200 https://registry.npmjs.org/cliui/-/cliui-8.0.1.tgz 3759ms (cache miss)
1850 timing reifyNode:node_modules/cliui Completed in 4140ms
1851 http fetch GET 200 https://registry.npmjs.org/readdirp/-/readdirp-3.6.0.tgz 3894ms (cache miss)
1852 timing reifyNode:node_modules/readdirp Completed in 4154ms
1853 http fetch GET 200 https://registry.npmjs.org/side-channel-map/-/side-channel-map-1.0.1.tgz 3913ms (cache miss)
1854 http fetch GET 200 https://registry.npmjs.org/@xtuc/ieee754/-/ieee754-1.2.0.tgz 3738ms (cache miss)
1855 timing reifyNode:node_modules/@xtuc/ieee754 Completed in 4140ms
1856 http fetch GET 200 https://registry.npmjs.org/cookie/-/cookie-0.4.2.tgz 3684ms (cache miss)
1857 timing reifyNode:node_modules/youch/node_modules/cookie Completed in 4166ms
1858 timing reifyNode:node_modules/@webassemblyjs/wasm-gen Completed in 4143ms
1859 http fetch GET 200 https://registry.npmjs.org/ieee754/-/ieee754-1.2.1.tgz 3847ms (cache miss)
1860 timing reifyNode:node_modules/ieee754 Completed in 4156ms
1861 http fetch GET 200 https://registry.npmjs.org/keyv/-/keyv-4.5.4.tgz 3862ms (cache miss)
1862 timing reifyNode:node_modules/keyv Completed in 4158ms
1863 http fetch GET 200 https://registry.npmjs.org/depd/-/depd-2.0.0.tgz 3782ms (cache miss)
1864 timing reifyNode:node_modules/depd Completed in 4154ms
1865 timing reifyNode:node_modules/@rolldown/pluginutils Completed in 4150ms
1866 http fetch GET 200 https://registry.npmjs.org/get-stdin/-/get-stdin-8.0.0.tgz 3830ms (cache miss)
1867 timing reifyNode:node_modules/get-stdin Completed in 4160ms
1868 http fetch GET 200 https://registry.npmjs.org/pg-connection-string/-/pg-connection-string-2.6.1.tgz 3669ms (cache miss)
1869 timing reifyNode:node_modules/fastify-objectionjs/node_modules/pg-connection-string Completed in 4159ms
1870 http fetch GET 200 https://registry.npmjs.org/spawn-please/-/spawn-please-2.0.2.tgz 3934ms (cache miss)
1871 http fetch GET 200 https://registry.npmjs.org/fill-range/-/fill-range-7.1.1.tgz 3806ms (cache miss)
1872 timing reifyNode:node_modules/fill-range Completed in 4161ms
1873 http fetch GET 200 https://registry.npmjs.org/obug/-/obug-2.1.1.tgz 3888ms (cache miss)
1874 timing reifyNode:node_modules/obug Completed in 4169ms
1875 http fetch GET 200 https://registry.npmjs.org/pg-pool/-/pg-pool-3.14.0.tgz 3896ms (cache miss)
1876 timing reifyNode:node_modules/pg-pool Completed in 4171ms
1877 http fetch GET 200 https://registry.npmjs.org/normalize-url/-/normalize-url-8.1.1.tgz 3887ms (cache miss)
1878 timing reifyNode:node_modules/normalize-url Completed in 4170ms
1879 http fetch GET 200 https://registry.npmjs.org/getopts/-/getopts-2.3.0.tgz 3836ms (cache miss)
1880 timing reifyNode:node_modules/getopts Completed in 4165ms
1881 http fetch GET 200 https://registry.npmjs.org/js-cookie/-/js-cookie-3.0.8.tgz 3870ms (cache miss)
1882 timing reifyNode:node_modules/js-cookie Completed in 4169ms
1883 http fetch GET 200 https://registry.npmjs.org/crypto-random-string/-/crypto-random-string-4.0.0.tgz 3790ms (cache miss)
1884 timing reifyNode:node_modules/crypto-random-string Completed in 4166ms
1885 http fetch GET 200 https://registry.npmjs.org/bare-semver/-/bare-semver-1.0.3.tgz 3719ms (cache miss)
1886 timing reifyNode:node_modules/bare-semver Completed in 4166ms
1887 http fetch GET 200 https://registry.npmjs.org/call-bound/-/call-bound-1.0.4.tgz 3782ms (cache miss)
1888 timing reifyNode:node_modules/call-bound Completed in 4167ms
1889 http fetch GET 200 https://registry.npmjs.org/@npmcli/promise-spawn/-/promise-spawn-6.0.2.tgz 3720ms (cache miss)
1890 timing reifyNode:node_modules/@npmcli/promise-spawn Completed in 4164ms
1891 http fetch GET 200 https://registry.npmjs.org/toad-cache/-/toad-cache-3.7.1.tgz 3958ms (cache miss)
1892 timing reifyNode:node_modules/toad-cache Completed in 4188ms
1893 timing reifyNode:node_modules/safe-regex2 Completed in 4184ms
1894 http fetch GET 200 https://registry.npmjs.org/read-package-json-fast/-/read-package-json-fast-3.0.2.tgz 3922ms (cache miss)
1895 timing reifyNode:node_modules/read-package-json-fast Completed in 4183ms
1896 http fetch GET 200 https://registry.npmjs.org/safe-buffer/-/safe-buffer-5.2.1.tgz 3933ms (cache miss)
1897 timing reifyNode:node_modules/safe-buffer Completed in 4185ms
1898 http fetch GET 200 https://registry.npmjs.org/find-up/-/find-up-3.0.0.tgz 3700ms (cache miss)
1899 timing reifyNode:node_modules/pkg-up/node_modules/find-up Completed in 4184ms
1900 http fetch GET 200 https://registry.npmjs.org/cookie/-/cookie-0.7.2.tgz 3798ms (cache miss)
1901 timing reifyNode:node_modules/cookie Completed in 4177ms
1902 http fetch GET 200 https://registry.npmjs.org/reusify/-/reusify-1.1.0.tgz 3936ms (cache miss)
1903 timing reifyNode:node_modules/side-channel-map Completed in 4193ms
1904 http fetch GET 200 https://registry.npmjs.org/ini/-/ini-2.0.0.tgz 3691ms (cache miss)
1905 timing reifyNode:node_modules/global-dirs/node_modules/ini Completed in 4182ms
1906 http fetch GET 200 https://registry.npmjs.org/rimraf/-/rimraf-3.0.2.tgz 3715ms (cache miss)
1907 warn deprecated rimraf@3.0.2: Rimraf versions prior to v4 are no longer supported
1908 timing reifyNode:node_modules/sqlite3/node_modules/rimraf Completed in 4197ms
1909 http fetch GET 200 https://registry.npmjs.org/rimraf/-/rimraf-3.0.2.tgz 3701ms (cache miss)
1910 warn deprecated rimraf@3.0.2: Rimraf versions prior to v4 are no longer supported
1911 timing reifyNode:node_modules/node-gyp/node_modules/rimraf Completed in 4191ms
1912 http fetch GET 200 https://registry.npmjs.org/@webassemblyjs/wasm-opt/-/wasm-opt-1.14.1.tgz 3768ms (cache miss)
1913 timing reifyNode:node_modules/@webassemblyjs/wasm-opt Completed in 4180ms
1914 http fetch GET 200 https://registry.npmjs.org/pug-runtime/-/pug-runtime-3.0.1.tgz 3933ms (cache miss)
1915 timing reifyNode:node_modules/pug-runtime Completed in 4195ms
1916 http fetch GET 200 https://registry.npmjs.org/ms/-/ms-2.1.3.tgz 3713ms (cache miss)
1917 timing reifyNode:node_modules/rc-config-loader/node_modules/ms Completed in 4197ms
1918 http fetch GET 200 https://registry.npmjs.org/emoji-regex/-/emoji-regex-8.0.0.tgz 3705ms (cache miss)
1919 timing reifyNode:node_modules/yargs/node_modules/emoji-regex Completed in 4206ms
1920 http fetch GET 200 https://registry.npmjs.org/emoji-regex/-/emoji-regex-8.0.0.tgz 3715ms (cache miss)
1921 timing reifyNode:node_modules/sequelize-cli/node_modules/emoji-regex Completed in 4199ms
1922 http fetch GET 200 https://registry.npmjs.org/emoji-regex/-/emoji-regex-8.0.0.tgz 3698ms (cache miss)
1923 timing reifyNode:node_modules/gauge/node_modules/emoji-regex Completed in 4189ms
1924 http fetch GET 200 https://registry.npmjs.org/ini/-/ini-1.3.8.tgz 3714ms (cache miss)
1925 timing reifyNode:node_modules/rc/node_modules/ini Completed in 4199ms
1926 http fetch GET 200 https://registry.npmjs.org/emoji-regex/-/emoji-regex-8.0.0.tgz 3696ms (cache miss)
1927 timing reifyNode:node_modules/cliui/node_modules/emoji-regex Completed in 4186ms
1928 http fetch GET 200 https://registry.npmjs.org/emoji-regex/-/emoji-regex-8.0.0.tgz 3724ms (cache miss)
1929 timing reifyNode:node_modules/string-width-cjs/node_modules/emoji-regex Completed in 4204ms
1930 http fetch GET 200 https://registry.npmjs.org/emoji-regex/-/emoji-regex-8.0.0.tgz 3693ms (cache miss)
1931 timing reifyNode:node_modules/cli-table3/node_modules/emoji-regex Completed in 4187ms
1932 http fetch GET 200 https://registry.npmjs.org/emoji-regex/-/emoji-regex-8.0.0.tgz 3694ms (cache miss)
1933 timing reifyNode:node_modules/ansi-align/node_modules/emoji-regex Completed in 4186ms
1934 http fetch GET 200 https://registry.npmjs.org/emoji-regex/-/emoji-regex-8.0.0.tgz 3731ms (cache miss)
1935 timing reifyNode:node_modules/wrap-ansi-cjs/node_modules/emoji-regex Completed in 4209ms
1936 http fetch GET 200 https://registry.npmjs.org/@lukeed/ms/-/ms-2.0.2.tgz 3752ms (cache miss)
1937 timing reifyNode:node_modules/@lukeed/ms Completed in 4183ms
1938 http fetch GET 200 https://registry.npmjs.org/@jridgewell/source-map/-/source-map-0.3.11.tgz 3750ms (cache miss)
1939 timing reifyNode:node_modules/@jridgewell/source-map Completed in 4184ms
1940 http fetch GET 200 https://registry.npmjs.org/estraverse/-/estraverse-5.3.0.tgz 3700ms (cache miss)
1941 timing reifyNode:node_modules/esrecurse/node_modules/estraverse Completed in 4192ms
1942 http fetch GET 200 https://registry.npmjs.org/split2/-/split2-4.2.0.tgz 3712ms (cache miss)
1943 timing reifyNode:node_modules/pgpass/node_modules/split2 Completed in 4202ms
1944 http fetch GET 200 https://registry.npmjs.org/pug-parser/-/pug-parser-6.0.0.tgz 3941ms (cache miss)
1945 timing reifyNode:node_modules/pug-parser Completed in 4204ms
1946 timing reifyNode:node_modules/get-proto Completed in 4195ms
1947 http fetch GET 200 https://registry.npmjs.org/ini/-/ini-4.1.3.tgz 3887ms (cache miss)
1948 timing reifyNode:node_modules/ini Completed in 4197ms
1949 http fetch GET 200 https://registry.npmjs.org/pg-cloudflare/-/pg-cloudflare-1.4.0.tgz 3889ms (cache miss)
1950 http fetch GET 200 https://registry.npmjs.org/https-proxy-agent/-/https-proxy-agent-5.0.1.tgz 3885ms (cache miss)
1951 timing reifyNode:node_modules/https-proxy-agent Completed in 4205ms
1952 http fetch GET 200 https://registry.npmjs.org/editorconfig/-/editorconfig-1.0.7.tgz 3832ms (cache miss)
1953 timing reifyNode:node_modules/editorconfig Completed in 4203ms
1954 timing reifyNode:node_modules/uc.micro Completed in 4222ms
1955 http fetch GET 200 https://registry.npmjs.org/fastify-reverse-routes/-/fastify-reverse-routes-3.0.0.tgz 3869ms (cache miss)
1956 timing reifyNode:node_modules/fastify-reverse-routes Completed in 4227ms
1957 http fetch GET 200 https://registry.npmjs.org/parse-github-url/-/parse-github-url-1.0.4.tgz 3964ms (cache miss)
1958 timing reifyNode:node_modules/parse-github-url Completed in 4241ms
1959 http fetch GET 200 https://registry.npmjs.org/minimatch/-/minimatch-3.1.5.tgz 3757ms (cache miss)
1960 timing reifyNode:node_modules/node-gyp/node_modules/minimatch Completed in 4245ms
1961 http fetch GET 200 https://registry.npmjs.org/safe-stable-stringify/-/safe-stable-stringify-2.5.0.tgz 3999ms (cache miss)
1962 timing reifyNode:node_modules/safe-stable-stringify Completed in 4251ms
1963 http fetch GET 200 https://registry.npmjs.org/safer-buffer/-/safer-buffer-2.1.2.tgz 4002ms (cache miss)
1964 timing reifyNode:node_modules/safer-buffer Completed in 4254ms
1965 http fetch GET 200 https://registry.npmjs.org/pug-lexer/-/pug-lexer-5.0.1.tgz 3989ms (cache miss)
1966 timing reifyNode:node_modules/pug-lexer Completed in 4253ms
1967 http fetch GET 200 https://registry.npmjs.org/flat/-/flat-5.0.2.tgz 3891ms (cache miss)
1968 timing reifyNode:node_modules/flat Completed in 4245ms
1969 http fetch GET 200 https://registry.npmjs.org/wrap-ansi/-/wrap-ansi-7.0.0.tgz 3775ms (cache miss)
1970 timing reifyNode:node_modules/sequelize-cli/node_modules/wrap-ansi Completed in 4261ms
1971 http fetch GET 200 https://registry.npmjs.org/wrap-ansi/-/wrap-ansi-7.0.0.tgz 3757ms (cache miss)
1972 timing reifyNode:node_modules/cliui/node_modules/wrap-ansi Completed in 4247ms
1973 http fetch GET 200 https://registry.npmjs.org/gopd/-/gopd-1.2.0.tgz 3926ms (cache miss)
1974 timing reifyNode:node_modules/gopd Completed in 4252ms
1975 http fetch GET 200 https://registry.npmjs.org/es-object-atoms/-/es-object-atoms-1.1.2.tgz 3885ms (cache miss)
1976 timing reifyNode:node_modules/es-object-atoms Completed in 4251ms
1977 http fetch GET 200 https://registry.npmjs.org/lodash.isempty/-/lodash.isempty-4.4.0.tgz 3965ms (cache miss)
1978 timing reifyNode:node_modules/lodash.isempty Completed in 4257ms
1979 http fetch GET 200 https://registry.npmjs.org/postcss-value-parser/-/postcss-value-parser-4.2.0.tgz 3992ms (cache miss)
1980 timing reifyNode:node_modules/postcss-value-parser Completed in 4263ms
1981 http fetch GET 200 https://registry.npmjs.org/negotiator/-/negotiator-0.6.4.tgz 3978ms (cache miss)
1982 timing reifyNode:node_modules/negotiator Completed in 4263ms
1983 http fetch GET 200 https://registry.npmjs.org/graceful-fs/-/graceful-fs-4.2.11.tgz 3936ms (cache miss)
1984 timing reifyNode:node_modules/graceful-fs Completed in 4260ms
1985 http fetch GET 200 https://registry.npmjs.org/tuf-js/-/tuf-js-1.1.7.tgz 4049ms (cache miss)
1986 http fetch GET 200 https://registry.npmjs.org/chalk/-/chalk-4.1.2.tgz 3877ms (cache miss)
1987 timing reifyNode:node_modules/chalk Completed in 4262ms
1988 http fetch GET 200 https://registry.npmjs.org/minimatch/-/minimatch-5.1.9.tgz 3775ms (cache miss)
1989 timing reifyNode:node_modules/help-me/node_modules/minimatch Completed in 4273ms
1990 http fetch GET 200 https://registry.npmjs.org/@tootallnate%2fonce 2294ms (cache miss)
1991 timing metavuln:packument:@tootallnate/once Completed in 2294ms
1992 timing metavuln:load:security-advisory:@tootallnate/once:1119438 Completed in 0ms
1993 http fetch GET 200 https://registry.npmjs.org/hosted-git-info/-/hosted-git-info-6.1.3.tgz 3781ms (cache miss)
1994 timing reifyNode:node_modules/normalize-package-data/node_modules/hosted-git-info Completed in 4283ms
1995 http fetch GET 200 https://registry.npmjs.org/@rails/ujs/-/ujs-7.1.3-4.tgz 3847ms (cache miss)
1996 timing reifyNode:node_modules/@rails/ujs Completed in 4271ms
1997 http fetch GET 200 https://registry.npmjs.org/@oxc-project/types/-/types-0.133.0.tgz 3847ms (cache miss)
1998 timing reifyNode:node_modules/@oxc-project/types Completed in 4273ms
1999 http fetch GET 200 https://registry.npmjs.org/rc/-/rc-1.2.8.tgz 4031ms (cache miss)
2000 timing reifyNode:node_modules/rc Completed in 4292ms
2001 http fetch GET 200 https://registry.npmjs.org/@fastify/error/-/error-3.4.1.tgz 3837ms (cache miss)
2002 http fetch GET 200 https://registry.npmjs.org/bare-addon-resolve/-/bare-addon-resolve-1.10.0.tgz 3888ms (cache miss)
2003 timing reifyNode:node_modules/bare-addon-resolve Completed in 4280ms
2004 http fetch GET 200 https://registry.npmjs.org/detect-libc/-/detect-libc-2.1.2.tgz 3912ms (cache miss)
2005 timing reifyNode:node_modules/detect-libc Completed in 4284ms
2006 timing reifyNode:node_modules/spawn-please Completed in 4300ms
2007 http fetch GET 200 https://registry.npmjs.org/icss-utils/-/icss-utils-5.1.0.tgz 3935ms (cache miss)
2008 timing reifyNode:node_modules/icss-utils Completed in 4288ms
2009 http fetch GET 200 https://registry.npmjs.org/npm-registry-fetch/-/npm-registry-fetch-14.0.5.tgz 4014ms (cache miss)
2010 timing reifyNode:node_modules/npm-registry-fetch Completed in 4296ms
2011 http fetch GET 200 https://registry.npmjs.org/pathe/-/pathe-2.0.3.tgz 3997ms (cache miss)
2012 http fetch GET 200 https://registry.npmjs.org/tinyexec/-/tinyexec-1.2.4.tgz 4091ms (cache miss)
2013 timing reifyNode:node_modules/tinyexec Completed in 4322ms
2014 http fetch GET 200 https://registry.npmjs.org/dunder-proto/-/dunder-proto-1.0.1.tgz 3936ms (cache miss)
2015 timing reifyNode:node_modules/dunder-proto Completed in 4307ms
2016 http fetch GET 200 https://registry.npmjs.org/has-tostringtag/-/has-tostringtag-1.0.2.tgz 3988ms (cache miss)
2017 timing reifyNode:node_modules/has-tostringtag Completed in 4311ms
2018 http fetch GET 200 https://registry.npmjs.org/ssri/-/ssri-8.0.1.tgz 3847ms (cache miss)
2019 timing reifyNode:node_modules/sqlite3/node_modules/ssri Completed in 4334ms
2020 http fetch GET 200 https://registry.npmjs.org/cliui/-/cliui-7.0.4.tgz 3824ms (cache miss)
2021 timing reifyNode:node_modules/sequelize-cli/node_modules/cliui Completed in 4333ms
2022 http fetch GET 200 https://registry.npmjs.org/@vitest/pretty-format/-/pretty-format-4.1.8.tgz 3901ms (cache miss)
2023 timing reifyNode:node_modules/@vitest/pretty-format Completed in 4316ms
2024 http fetch GET 200 https://registry.npmjs.org/side-channel-list/-/side-channel-list-1.0.1.tgz 4088ms (cache miss)
2025 timing reifyNode:node_modules/side-channel-list Completed in 4334ms
2026 http fetch GET 200 https://registry.npmjs.org/rc-config-loader/-/rc-config-loader-4.1.4.tgz 4074ms (cache miss)
2027 timing reifyNode:node_modules/rc-config-loader Completed in 4334ms
2028 http fetch GET 200 https://registry.npmjs.org/asap/-/asap-2.0.6.tgz 3927ms (cache miss)
2029 timing reifyNode:node_modules/asap Completed in 4320ms
2030 timing reifyNode:node_modules/reusify Completed in 4337ms
2031 http fetch GET 200 https://registry.npmjs.org/retry-as-promised/-/retry-as-promised-7.1.1.tgz 4084ms (cache miss)
2032 timing reifyNode:node_modules/retry-as-promised Completed in 4337ms
2033 http fetch GET 200 https://registry.npmjs.org/side-channel/-/side-channel-1.1.0.tgz 4082ms (cache miss)
2034 timing reifyNode:node_modules/side-channel Completed in 4338ms
2035 http fetch GET 200 https://registry.npmjs.org/@babel/helper-string-parser/-/helper-string-parser-7.29.7.tgz 3875ms (cache miss)
2036 timing reifyNode:node_modules/@babel/helper-string-parser Completed in 4319ms
2037 http fetch GET 200 https://registry.npmjs.org/socks-proxy-agent/-/socks-proxy-agent-6.2.1.tgz 3862ms (cache miss)
2038 timing reifyNode:node_modules/sqlite3/node_modules/socks-proxy-agent Completed in 4344ms
2039 timing reifyNode:node_modules/@fastify/error Completed in 4323ms
2040 http fetch GET 200 https://registry.npmjs.org/ssri/-/ssri-9.0.1.tgz 3848ms (cache miss)
2041 timing reifyNode:node_modules/node-gyp/node_modules/ssri Completed in 4339ms
2042 timing reifyNode:node_modules/pg-cloudflare Completed in 4341ms
2043 http fetch GET 200 https://registry.npmjs.org/cross-spawn/-/cross-spawn-7.0.6.tgz 3955ms (cache miss)
2044 timing reifyNode:node_modules/cross-spawn Completed in 4333ms
2045 http fetch GET 200 https://registry.npmjs.org/package-json-from-dist/-/package-json-from-dist-1.0.1.tgz 4068ms (cache miss)
2046 timing reifyNode:node_modules/package-json-from-dist Completed in 4345ms
2047 http fetch GET 200 https://registry.npmjs.org/inflection/-/inflection-1.13.4.tgz 4036ms (cache miss)
2048 timing reifyNode:node_modules/inflection Completed in 4343ms
2049 http fetch GET 200 https://registry.npmjs.org/ignore/-/ignore-5.3.2.tgz 4039ms (cache miss)
2050 timing reifyNode:node_modules/ignore Completed in 4348ms
2051 http fetch GET 200 https://registry.npmjs.org/micromatch/-/micromatch-4.0.8.tgz 4062ms (cache miss)
2052 timing reifyNode:node_modules/micromatch Completed in 4353ms
2053 http fetch GET 200 https://registry.npmjs.org/linkify-it 2369ms (cache miss)
2054 timing metavuln:packument:linkify-it Completed in 2369ms
2055 timing metavuln:load:security-advisory:linkify-it:1121797 Completed in 0ms
2056 timing metavuln:load:security-advisory:linkify-it:1124012 Completed in 0ms
2057 http fetch GET 200 https://registry.npmjs.org/minipass/-/minipass-3.3.6.tgz 3869ms (cache miss)
2058 timing reifyNode:node_modules/minipass-flush/node_modules/minipass Completed in 4362ms
2059 http fetch GET 200 https://registry.npmjs.org/tarn/-/tarn-3.0.2.tgz 4139ms (cache miss)
2060 timing reifyNode:node_modules/tarn Completed in 4372ms
2061 http fetch GET 200 https://registry.npmjs.org/ssri/-/ssri-10.0.6.tgz 4133ms (cache miss)
2062 timing reifyNode:node_modules/ssri Completed in 4372ms
2063 http fetch GET 200 https://registry.npmjs.org/fast-uri 2379ms (cache miss)
2064 timing metavuln:packument:fast-uri Completed in 2380ms
2065 timing metavuln:load:security-advisory:fast-uri:1130177 Completed in 0ms
2066 timing metavuln:load:security-advisory:fast-uri:1130178 Completed in 0ms
2067 timing metavuln:load:security-advisory:fast-uri:1117884 Completed in 0ms
2068 timing metavuln:load:security-advisory:fast-uri:1117870 Completed in 0ms
2069 timing metavuln:load:security-advisory:fast-uri:1124064 Completed in 0ms
2070 timing metavuln:load:security-advisory:fast-uri:1124065 Completed in 0ms
2071 http fetch GET 200 https://registry.npmjs.org/@npmcli/installed-package-contents/-/installed-package-contents-2.1.0.tgz 3922ms (cache miss)
2072 timing reifyNode:node_modules/@npmcli/installed-package-contents Completed in 4354ms
2073 http fetch GET 200 https://registry.npmjs.org/estraverse/-/estraverse-4.3.0.tgz 3996ms (cache miss)
2074 timing reifyNode:node_modules/estraverse Completed in 4361ms
2075 http fetch GET 200 https://registry.npmjs.org/@jridgewell/resolve-uri/-/resolve-uri-3.1.2.tgz 3920ms (cache miss)
2076 timing reifyNode:node_modules/@jridgewell/resolve-uri Completed in 4355ms
2077 http fetch GET 200 https://registry.npmjs.org/@fastify/fast-json-stringify-compiler/-/fast-json-stringify-compiler-4.3.0.tgz 3921ms (cache miss)
2078 http fetch GET 200 https://registry.npmjs.org/tar-stream/-/tar-stream-2.2.0.tgz 4147ms (cache miss)
2079 timing reifyNode:node_modules/tar-stream Completed in 4381ms
2080 http fetch GET 200 https://registry.npmjs.org/pug-error/-/pug-error-2.1.0.tgz 4110ms (cache miss)
2081 timing reifyNode:node_modules/pug-error Completed in 4377ms
2082 http fetch GET 200 https://registry.npmjs.org/close-with-grace/-/close-with-grace-1.3.0.tgz 3986ms (cache miss)
2083 http fetch GET 200 https://registry.npmjs.org/objection-unique/-/objection-unique-1.2.2.tgz 4100ms (cache miss)
2084 timing reifyNode:node_modules/objection-unique Completed in 4381ms
2085 http fetch GET 200 https://registry.npmjs.org/json-schema-traverse/-/json-schema-traverse-1.0.0.tgz 4083ms (cache miss)
2086 http fetch GET 200 https://registry.npmjs.org/is-regex/-/is-regex-1.2.1.tgz 4079ms (cache miss)
2087 timing reifyNode:node_modules/is-regex Completed in 4380ms
2088 http fetch GET 200 https://registry.npmjs.org/es-errors/-/es-errors-1.3.0.tgz 4009ms (cache miss)
2089 timing reifyNode:node_modules/tuf-js Completed in 4394ms
2090 http fetch GET 200 https://registry.npmjs.org/agentkeepalive/-/agentkeepalive-4.6.0.tgz 3975ms (cache miss)
2091 timing reifyNode:node_modules/agentkeepalive Completed in 4376ms
2092 http fetch GET 200 https://registry.npmjs.org/agent-base/-/agent-base-6.0.2.tgz 3977ms (cache miss)
2093 timing reifyNode:node_modules/agent-base Completed in 4379ms
2094 http fetch GET 200 https://registry.npmjs.org/brace-expansion 2407ms (cache miss)
2095 timing metavuln:packument:brace-expansion Completed in 2408ms
2096 timing metavuln:load:security-advisory:brace-expansion:1123896 Completed in 0ms
2097 timing metavuln:load:security-advisory:brace-expansion:1123897 Completed in 1ms
2098 timing metavuln:load:security-advisory:brace-expansion:1124334 Completed in 1ms
2099 http fetch GET 200 https://registry.npmjs.org/shell-quote 2407ms (cache miss)
2100 timing metavuln:packument:shell-quote Completed in 2408ms
2101 timing metavuln:load:security-advisory:shell-quote:1123944 Completed in 1ms
2102 http fetch GET 200 https://registry.npmjs.org/minimatch/-/minimatch-3.1.5.tgz 3924ms (cache miss)
2103 timing reifyNode:node_modules/sqlite3/node_modules/minimatch Completed in 4404ms
2104 http fetch GET 200 https://registry.npmjs.org/minimatch/-/minimatch-3.1.5.tgz 3884ms (cache miss)
2105 timing reifyNode:node_modules/@npmcli/move-file/node_modules/minimatch Completed in 4383ms
2106 http fetch GET 200 https://registry.npmjs.org/@types/chai/-/chai-5.2.3.tgz 3969ms (cache miss)
2107 timing reifyNode:node_modules/@types/chai Completed in 4391ms
2108 http fetch GET 200 https://registry.npmjs.org/shell-quote/-/shell-quote-1.8.4.tgz 4133ms (cache miss)
2109 timing reifyNode:node_modules/shell-quote Completed in 4412ms
2110 http fetch GET 200 https://registry.npmjs.org/is-core-module/-/is-core-module-2.16.2.tgz 4100ms (cache miss)
2111 timing reifyNode:node_modules/is-core-module Completed in 4405ms
2112 timing reifyNode:node_modules/pathe Completed in 4412ms
2113 http fetch GET 200 https://registry.npmjs.org/tinybench/-/tinybench-2.9.0.tgz 4189ms (cache miss)
2114 timing reifyNode:node_modules/tinybench Completed in 4421ms
2115 http fetch GET 200 https://registry.npmjs.org/toposort-class/-/toposort-class-1.0.1.tgz 4193ms (cache miss)
2116 timing reifyNode:node_modules/toposort-class Completed in 4422ms
2117 http fetch GET 200 https://registry.npmjs.org/@sigstore/tuf/-/tuf-1.0.3.tgz 3979ms (cache miss)
2118 timing reifyNode:node_modules/@sigstore/tuf Completed in 4403ms
2119 http fetch GET 200 https://registry.npmjs.org/bare-module-resolve/-/bare-module-resolve-1.12.2.tgz 4019ms (cache miss)
2120 timing reifyNode:node_modules/bare-module-resolve Completed in 4406ms
2121 http fetch GET 200 https://registry.npmjs.org/@fastify/formbody/-/formbody-7.4.0.tgz 3967ms (cache miss)
2122 timing reifyNode:node_modules/@fastify/formbody Completed in 4402ms
2123 http fetch GET 200 https://registry.npmjs.org/function-bind/-/function-bind-1.1.2.tgz 4065ms (cache miss)
2124 timing reifyNode:node_modules/function-bind Completed in 4412ms
2125 http fetch GET 200 https://registry.npmjs.org/minipass/-/minipass-3.3.6.tgz 3926ms (cache miss)
2126 timing reifyNode:node_modules/minipass-pipeline/node_modules/minipass Completed in 4418ms
2127 http fetch GET 200 https://registry.npmjs.org/minipass/-/minipass-3.3.6.tgz 3944ms (cache miss)
2128 timing reifyNode:node_modules/tar/node_modules/fs-minipass/node_modules/minipass Completed in 4427ms
2129 http fetch GET 200 https://registry.npmjs.org/minipass/-/minipass-3.3.6.tgz 3923ms (cache miss)
2130 timing reifyNode:node_modules/minipass-json-stream/node_modules/minipass Completed in 4418ms
2131 http fetch GET 200 https://registry.npmjs.org/minipass/-/minipass-3.3.6.tgz 3926ms (cache miss)
2132 timing reifyNode:node_modules/minipass-sized/node_modules/minipass Completed in 4419ms
2133 http fetch GET 200 https://registry.npmjs.org/minipass/-/minipass-3.3.6.tgz 3929ms (cache miss)
2134 timing reifyNode:node_modules/node-gyp/node_modules/minipass Completed in 4420ms
2135 http fetch GET 200 https://registry.npmjs.org/minipass/-/minipass-3.3.6.tgz 3928ms (cache miss)
2136 timing reifyNode:node_modules/minizlib/node_modules/minipass Completed in 4420ms
2137 http fetch GET 200 https://registry.npmjs.org/minipass/-/minipass-3.3.6.tgz 3948ms (cache miss)
2138 timing reifyNode:node_modules/sqlite3/node_modules/minipass Completed in 4428ms
2139 http fetch GET 200 https://registry.npmjs.org/minimatch/-/minimatch-5.1.9.tgz 3931ms (cache miss)
2140 timing reifyNode:node_modules/node-gyp/node_modules/cacache/node_modules/minimatch Completed in 4422ms
2141 http fetch GET 200 https://registry.npmjs.org/hosted-git-info/-/hosted-git-info-6.1.3.tgz 3938ms (cache miss)
2142 timing reifyNode:node_modules/npm-package-arg/node_modules/hosted-git-info Completed in 4426ms
2143 http fetch GET 200 https://registry.npmjs.org/@pnpm/config.env-replace/-/config.env-replace-1.1.0.tgz 3986ms (cache miss)
2144 http fetch GET 200 https://registry.npmjs.org/cookie 2440ms (cache miss)
2145 timing metavuln:packument:cookie Completed in 2441ms
2146 timing metavuln:load:security-advisory:cookie:1103907 Completed in 0ms
2147 http fetch GET 200 https://registry.npmjs.org/http-cache-semantics/-/http-cache-semantics-4.2.0.tgz 4100ms (cache miss)
2148 timing reifyNode:node_modules/http-cache-semantics Completed in 4421ms
2149 http fetch GET 200 https://registry.npmjs.org/nopt/-/nopt-7.2.1.tgz 3940ms (cache miss)
2150 timing reifyNode:node_modules/js-beautify/node_modules/nopt Completed in 4428ms
2151 http fetch GET 200 https://registry.npmjs.org/nopt/-/nopt-6.0.0.tgz 4149ms (cache miss)
2152 timing reifyNode:node_modules/nopt Completed in 4433ms
2153 http fetch GET 200 https://registry.npmjs.org/minipass-fetch/-/minipass-fetch-3.0.5.tgz 4147ms (cache miss)
2154 timing reifyNode:node_modules/minipass-fetch Completed in 4435ms
2155 http fetch GET 200 https://registry.npmjs.org/json-schema-ref-resolver/-/json-schema-ref-resolver-1.0.1.tgz 4137ms (cache miss)
2156 timing reifyNode:node_modules/json-schema-ref-resolver Completed in 4434ms
2157 http fetch GET 200 https://registry.npmjs.org/@babel/helper-validator-identifier/-/helper-validator-identifier-7.29.7.tgz 3981ms (cache miss)
2158 timing reifyNode:node_modules/@babel/helper-validator-identifier Completed in 4431ms
2159 http fetch GET 200 https://registry.npmjs.org/browserslist/-/browserslist-4.28.2.tgz 4053ms (cache miss)
2160 timing reifyNode:node_modules/browserslist Completed in 4438ms
2161 http fetch GET 200 https://registry.npmjs.org/@pnpm/npm-conf/-/npm-conf-3.0.2.tgz 4010ms (cache miss)
2162 timing reifyNode:node_modules/@pnpm/npm-conf Completed in 4436ms
2163 http fetch GET 200 https://registry.npmjs.org/glob/-/glob-7.2.3.tgz 3946ms (cache miss)
2164 warn deprecated glob@7.2.3: Old versions of glob are not supported, and contain widely publicized security vulnerabilities, which have been fixed in the current version. Please update. Support for old versions may be purchased (at exorbitant rates) by contacting i@izs.me
2165 timing reifyNode:node_modules/@npmcli/move-file/node_modules/glob Completed in 4439ms
2166 timing reifyNode:node_modules/@fastify/fast-json-stringify-compiler Completed in 4440ms
2167 timing reifyNode:node_modules/close-with-grace Completed in 4449ms
2168 http fetch GET 200 https://registry.npmjs.org/fastq/-/fastq-1.20.1.tgz 4095ms (cache miss)
2169 timing reifyNode:node_modules/fastq Completed in 4455ms
2170 http fetch GET 200 https://registry.npmjs.org/ci-info/-/ci-info-3.9.0.tgz 4071ms (cache miss)
2171 timing reifyNode:node_modules/ci-info Completed in 4453ms
2172 http fetch GET 200 https://registry.npmjs.org/pino-abstract-transport/-/pino-abstract-transport-2.0.0.tgz 4196ms (cache miss)
2173 timing reifyNode:node_modules/json-schema-traverse Completed in 4463ms
2174 timing reifyNode:node_modules/es-errors Completed in 4462ms
2175 http fetch GET 200 https://registry.npmjs.org/debug/-/debug-4.3.4.tgz 4088ms (cache miss)
2176 timing reifyNode:node_modules/debug Completed in 4462ms
2177 http fetch GET 200 https://registry.npmjs.org/fast-content-type-parse/-/fast-content-type-parse-1.1.0.tgz 4105ms (cache miss)
2178 http fetch GET 200 https://registry.npmjs.org/ipaddr.js/-/ipaddr.js-1.9.1.tgz 4169ms (cache miss)
2179 timing reifyNode:node_modules/ipaddr.js Completed in 4475ms
2180 timing reifyNode:node_modules/@pnpm/config.env-replace Completed in 4467ms
2181 http fetch GET 200 https://registry.npmjs.org/@npmcli/git/-/git-4.1.0.tgz 4041ms (cache miss)
2182 timing reifyNode:node_modules/@npmcli/git Completed in 4469ms
2183 http fetch GET 200 https://registry.npmjs.org/@npmcli/run-script/-/run-script-6.0.2.tgz 4046ms (cache miss)
2184 timing reifyNode:node_modules/@npmcli/run-script Completed in 4472ms
2185 http fetch GET 200 https://registry.npmjs.org/@pnpm/network.ca-file/-/network.ca-file-1.0.2.tgz 4047ms (cache miss)
2186 http fetch GET 200 https://registry.npmjs.org/process-warning/-/process-warning-3.0.0.tgz 4224ms (cache miss)
2187 http fetch GET 200 https://registry.npmjs.org/sigstore 2511ms (cache miss)
2188 timing metavuln:packument:sigstore Completed in 2512ms
2189 timing metavuln:load:security-advisory:sigstore:1122163 Completed in 0ms
2190 http fetch GET 200 https://registry.npmjs.org/minipass/-/minipass-3.3.6.tgz 4011ms (cache miss)
2191 timing reifyNode:node_modules/minipass-collect/node_modules/minipass Completed in 4504ms
2192 http fetch GET 200 https://registry.npmjs.org/fastify-plugin/-/fastify-plugin-2.3.4.tgz 4008ms (cache miss)
2193 timing reifyNode:node_modules/fastify-error-page/node_modules/fastify-plugin Completed in 4499ms
2194 http fetch GET 200 https://registry.npmjs.org/nopt/-/nopt-5.0.0.tgz 4037ms (cache miss)
2195 timing reifyNode:node_modules/sqlite3/node_modules/nopt Completed in 4521ms
2196 http fetch GET 200 https://registry.npmjs.org/@nodelib/fs.stat/-/fs.stat-2.0.5.tgz 4072ms (cache miss)
2197 http fetch GET 200 https://registry.npmjs.org/prebuild-install/-/prebuild-install-7.1.3.tgz 4248ms (cache miss)
2198 warn deprecated prebuild-install@7.1.3: No longer maintained. Please contact the author of the relevant native addon; alternatives are available.
2199 timing reifyNode:node_modules/prebuild-install Completed in 4518ms
2200 http fetch GET 200 https://registry.npmjs.org/mime-db/-/mime-db-1.52.0.tgz 4226ms (cache miss)
2201 timing reifyNode:node_modules/mime-db Completed in 4516ms
2202 http fetch GET 200 https://registry.npmjs.org/pg-types/-/pg-types-2.2.0.tgz 4244ms (cache miss)
2203 timing reifyNode:node_modules/pg-types Completed in 4519ms
2204 http fetch GET 200 https://registry.npmjs.org/bl/-/bl-4.1.0.tgz 4124ms (cache miss)
2205 timing reifyNode:node_modules/bl Completed in 4511ms
2206 http fetch GET 200 https://registry.npmjs.org/buffer/-/buffer-5.7.1.tgz 4128ms (cache miss)
2207 timing reifyNode:node_modules/buffer Completed in 4514ms
2208 http fetch GET 200 https://registry.npmjs.org/jsonparse/-/jsonparse-1.3.1.tgz 4228ms (cache miss)
2209 http fetch GET 200 https://registry.npmjs.org/get-intrinsic/-/get-intrinsic-1.3.0.tgz 4193ms (cache miss)
2210 timing reifyNode:node_modules/get-intrinsic Completed in 4523ms
2211 http fetch GET 200 https://registry.npmjs.org/has-symbols/-/has-symbols-1.1.0.tgz 4206ms (cache miss)
2212 timing reifyNode:node_modules/has-symbols Completed in 4532ms
2213 timing reifyNode:node_modules/process-warning Completed in 4543ms
2214 timing reifyNode:node_modules/pino-abstract-transport Completed in 4543ms
2215 http fetch GET 200 https://registry.npmjs.org/constantinople/-/constantinople-4.0.1.tgz 4157ms (cache miss)
2216 timing reifyNode:node_modules/constantinople Completed in 4535ms
2217 http fetch GET 200 https://registry.npmjs.org/cacheable-request/-/cacheable-request-10.2.14.tgz 4152ms (cache miss)
2218 timing reifyNode:node_modules/cacheable-request Completed in 4538ms
2219 http fetch GET 200 https://registry.npmjs.org/call-bind-apply-helpers/-/call-bind-apply-helpers-1.0.2.tgz 4154ms (cache miss)
2220 timing reifyNode:node_modules/call-bind-apply-helpers Completed in 4538ms
2221 http fetch GET 200 https://registry.npmjs.org/minipass/-/minipass-5.0.0.tgz 4060ms (cache miss)
2222 timing reifyNode:node_modules/npm-registry-fetch/node_modules/minipass Completed in 4550ms
2223 http fetch GET 200 https://registry.npmjs.org/sequelize-pool/-/sequelize-pool-7.1.0.tgz 4306ms (cache miss)
2224 timing reifyNode:node_modules/sequelize-pool Completed in 4555ms
2225 timing reifyNode:node_modules/fast-content-type-parse Completed in 4543ms
2226 http fetch GET 200 https://registry.npmjs.org/commander/-/commander-2.20.3.tgz 4083ms (cache miss)
2227 timing reifyNode:node_modules/terser/node_modules/commander Completed in 4562ms
2228 http fetch GET 200 https://registry.npmjs.org/glob/-/glob-7.2.3.tgz 4063ms (cache miss)
2229 warn deprecated glob@7.2.3: Old versions of glob are not supported, and contain widely publicized security vulnerabilities, which have been fixed in the current version. Please update. Support for old versions may be purchased (at exorbitant rates) by contacting i@izs.me
2230 timing reifyNode:node_modules/node-gyp/node_modules/glob Completed in 4553ms
2231 http fetch GET 200 https://registry.npmjs.org/glob/-/glob-7.2.3.tgz 4081ms (cache miss)
2232 warn deprecated glob@7.2.3: Old versions of glob are not supported, and contain widely publicized security vulnerabilities, which have been fixed in the current version. Please update. Support for old versions may be purchased (at exorbitant rates) by contacting i@izs.me
2233 timing reifyNode:node_modules/sqlite3/node_modules/glob Completed in 4561ms
2234 http fetch GET 200 https://registry.npmjs.org/buffer/-/buffer-6.0.3.tgz 4069ms (cache miss)
2235 timing reifyNode:node_modules/pino-pretty/node_modules/buffer Completed in 4558ms
2236 http fetch GET 200 https://registry.npmjs.org/@sindresorhus/is/-/is-5.6.0.tgz 4123ms (cache miss)
2237 timing reifyNode:node_modules/@sindresorhus/is Completed in 4545ms
2238 http fetch GET 200 https://registry.npmjs.org/emoji-regex/-/emoji-regex-9.2.2.tgz 4180ms (cache miss)
2239 timing reifyNode:node_modules/emoji-regex Completed in 4550ms
2240 timing reifyNode:node_modules/@pnpm/network.ca-file Completed in 4551ms
2241 http fetch GET 200 https://registry.npmjs.org/debug/-/debug-4.4.3.tgz 4086ms (cache miss)
2242 timing reifyNode:node_modules/rc-config-loader/node_modules/debug Completed in 4570ms
2243 http fetch GET 200 https://registry.npmjs.org/path-to-regexp/-/path-to-regexp-6.3.0.tgz 4293ms (cache miss)
2244 timing reifyNode:node_modules/path-to-regexp Completed in 4568ms
2245 http fetch GET 200 https://registry.npmjs.org/@webassemblyjs/leb128/-/leb128-1.13.2.tgz 4151ms (cache miss)
2246 timing reifyNode:node_modules/@webassemblyjs/leb128 Completed in 4560ms
2247 http fetch GET 200 https://registry.npmjs.org/retry/-/retry-0.12.0.tgz 4327ms (cache miss)
2248 timing reifyNode:node_modules/retry Completed in 4581ms
2249 http fetch GET 200 https://registry.npmjs.org/js-yaml 2594ms (cache miss)
2250 timing metavuln:packument:js-yaml Completed in 2595ms
2251 timing metavuln:load:security-advisory:js-yaml:1123911 Completed in 2ms
2252 http fetch GET 200 https://registry.npmjs.org/fastify-plugin/-/fastify-plugin-3.0.1.tgz 4084ms (cache miss)
2253 http fetch GET 200 https://registry.npmjs.org/@vitest/expect/-/expect-4.1.8.tgz 4157ms (cache miss)
2254 timing reifyNode:node_modules/@vitest/expect Completed in 4571ms
2255 http fetch GET 200 https://registry.npmjs.org/process-warning/-/process-warning-5.0.0.tgz 4099ms (cache miss)
2256 http fetch GET 200 https://registry.npmjs.org/glob/-/glob-8.1.0.tgz 4096ms (cache miss)
2257 warn deprecated glob@8.1.0: Old versions of glob are not supported, and contain widely publicized security vulnerabilities, which have been fixed in the current version. Please update. Support for old versions may be purchased (at exorbitant rates) by contacting i@izs.me
2258 timing reifyNode:node_modules/node-gyp/node_modules/cacache/node_modules/glob Completed in 4588ms
2259 http fetch GET 200 https://registry.npmjs.org/ajv-formats/-/ajv-formats-2.1.1.tgz 4176ms (cache miss)
2260 timing reifyNode:node_modules/ajv-formats Completed in 4577ms
2261 http fetch GET 200 https://registry.npmjs.org/@sigstore/bundle/-/bundle-1.1.0.tgz 4150ms (cache miss)
2262 timing reifyNode:node_modules/@sigstore/bundle Completed in 4575ms
2263 timing reifyNode:node_modules/@nodelib/fs.stat Completed in 4575ms
2264 http fetch GET 200 https://registry.npmjs.org/mime/-/mime-3.0.0.tgz 4301ms (cache miss)
2265 timing reifyNode:node_modules/mime Completed in 4591ms
2266 http fetch GET 200 https://registry.npmjs.org/webpack-merge/-/webpack-merge-5.10.0.tgz 4387ms (cache miss)
2267 timing reifyNode:node_modules/webpack-merge Completed in 4606ms
2268 http fetch GET 200 https://registry.npmjs.org/minipass/-/minipass-5.0.0.tgz 4112ms (cache miss)
2269 timing reifyNode:node_modules/pacote/node_modules/minipass Completed in 4600ms
2270 http fetch GET 200 https://registry.npmjs.org/minipass/-/minipass-5.0.0.tgz 4130ms (cache miss)
2271 timing reifyNode:node_modules/tar/node_modules/minipass Completed in 4607ms
2272 http fetch GET 200 https://registry.npmjs.org/minipass/-/minipass-5.0.0.tgz 4107ms (cache miss)
2273 timing reifyNode:node_modules/make-fetch-happen/node_modules/minipass Completed in 4598ms
2274 timing reifyNode:node_modules/jsonparse Completed in 4597ms
2275 http fetch GET 200 https://registry.npmjs.org/secure-json-parse/-/secure-json-parse-2.7.0.tgz 4355ms (cache miss)
2276 http fetch GET 200 https://registry.npmjs.org/source-map-support/-/source-map-support-0.5.21.tgz 4369ms (cache miss)
2277 timing reifyNode:node_modules/source-map-support Completed in 4609ms
2278 timing reifyNode:node_modules/fastify-reverse-routes/node_modules/fastify-plugin Completed in 4597ms
2279 http fetch GET 200 https://registry.npmjs.org/@npmcli/fs/-/fs-3.1.1.tgz 4152ms (cache miss)
2280 timing reifyNode:node_modules/@npmcli/fs Completed in 4591ms
2281 http fetch GET 200 https://registry.npmjs.org/babel-walk/-/babel-walk-3.0.0-canary-5.tgz 4209ms (cache miss)
2282 timing reifyNode:node_modules/babel-walk Completed in 4597ms
2283 http fetch GET 200 https://registry.npmjs.org/minipass-fetch/-/minipass-fetch-2.1.2.tgz 4125ms (cache miss)
2284 timing reifyNode:node_modules/node-gyp/node_modules/minipass-fetch Completed in 4615ms
2285 http fetch GET 200 https://registry.npmjs.org/chalk/-/chalk-5.6.2.tgz 4152ms (cache miss)
2286 timing reifyNode:node_modules/update-notifier/node_modules/chalk Completed in 4631ms
2287 http fetch GET 200 https://registry.npmjs.org/cli-table3/-/cli-table3-0.6.5.tgz 4244ms (cache miss)
2288 timing reifyNode:node_modules/cli-table3 Completed in 4625ms
2289 http fetch GET 200 https://registry.npmjs.org/minipass-sized/-/minipass-sized-1.0.3.tgz 4349ms (cache miss)
2290 timing reifyNode:node_modules/minipass-sized Completed in 4636ms
2291 http fetch GET 200 https://registry.npmjs.org/help-me/-/help-me-4.2.0.tgz 4311ms (cache miss)
2292 http fetch GET 200 https://registry.npmjs.org/youch/-/youch-2.2.2.tgz 4446ms (cache miss)
2293 timing reifyNode:node_modules/youch Completed in 4661ms
2294 http fetch GET 200 https://registry.npmjs.org/eslint-scope/-/eslint-scope-5.1.1.tgz 4278ms (cache miss)
2295 timing reifyNode:node_modules/eslint-scope Completed in 4643ms
2296 timing metavuln:cache:put:security-advisory:@fastify/static:vJQxuDabwf/lxVHwcOZQkzkX7hhnf4wrgnpZ2Dr31HSLeMd0yRPqgyyCboXxS1U+79b908a1dmpc+Z9eMh7V6w== Completed in 516ms
2297 timing metavuln:calculate:security-advisory:@fastify/static:1124285 Completed in 2668ms
2298 timing metavuln:cache:put:security-advisory:@fastify/static:BMLqIUc37y/VyRvt5MnGIwdOE4gi5MdGwD1kkkwJnaquWCLeJ2eJo5GKXfqJt4p4tTd2x5xaTt9vWI5FhYbG4A== Completed in 512ms
2299 timing metavuln:calculate:security-advisory:@fastify/static:1124286 Completed in 2667ms
2300 http fetch GET 200 https://registry.npmjs.org/@vitest/snapshot/-/snapshot-4.1.8.tgz 4225ms (cache miss)
2301 timing reifyNode:node_modules/@vitest/snapshot Completed in 4642ms
2302 http fetch GET 200 https://registry.npmjs.org/minipass-fetch/-/minipass-fetch-1.4.1.tgz 4186ms (cache miss)
2303 timing reifyNode:node_modules/sqlite3/node_modules/minipass-fetch Completed in 4665ms
2304 http fetch GET 200 https://registry.npmjs.org/uuid 2671ms (cache miss)
2305 timing metavuln:packument:uuid Completed in 2672ms
2306 timing metavuln:load:security-advisory:uuid:1119441 Completed in 1ms
2307 timing reifyNode:node_modules/pino/node_modules/process-warning Completed in 4665ms
2308 http fetch GET 200 https://registry.npmjs.org/mime-db/-/mime-db-1.54.0.tgz 4198ms (cache miss)
2309 timing reifyNode:node_modules/webpack/node_modules/mime-db Completed in 4676ms
2310 http fetch GET 200 https://registry.npmjs.org/pino-std-serializers/-/pino-std-serializers-7.1.0.tgz 4396ms (cache miss)
2311 timing reifyNode:node_modules/pino-std-serializers Completed in 4668ms
2312 http fetch GET 200 https://registry.npmjs.org/with/-/with-7.0.2.tgz 4468ms (cache miss)
2313 timing reifyNode:node_modules/with Completed in 4683ms
2314 http fetch GET 200 https://registry.npmjs.org/@nodelib/fs.scandir/-/fs.scandir-2.1.5.tgz 4228ms (cache miss)
2315 timing reifyNode:node_modules/secure-json-parse Completed in 4681ms
2316 http fetch GET 200 https://registry.npmjs.org/unique-filename/-/unique-filename-1.1.1.tgz 4214ms (cache miss)
2317 timing reifyNode:node_modules/sqlite3/node_modules/unique-filename Completed in 4694ms
2318 http fetch GET 200 https://registry.npmjs.org/glob/-/glob-8.1.0.tgz 4191ms (cache miss)
2319 warn deprecated glob@8.1.0: Old versions of glob are not supported, and contain widely publicized security vulnerabilities, which have been fixed in the current version. Please update. Support for old versions may be purchased (at exorbitant rates) by contacting i@izs.me
2320 timing reifyNode:node_modules/help-me/node_modules/glob Completed in 4682ms
2321 http fetch GET 200 https://registry.npmjs.org/picomatch/-/picomatch-2.3.2.tgz 4419ms (cache miss)
2322 timing reifyNode:node_modules/picomatch Completed in 4693ms
2323 http fetch GET 200 https://registry.npmjs.org/jju/-/jju-1.4.0.tgz 4388ms (cache miss)
2324 timing reifyNode:node_modules/jju Completed in 4688ms
2325 http fetch GET 200 https://registry.npmjs.org/braces/-/braces-3.0.3.tgz 4301ms (cache miss)
2326 timing reifyNode:node_modules/braces Completed in 4687ms
2327 http fetch GET 200 https://registry.npmjs.org/@npmcli/fs/-/fs-2.1.2.tgz 4207ms (cache miss)
2328 http fetch GET 200 https://registry.npmjs.org/@pkgjs/parseargs/-/parseargs-0.11.0.tgz 4262ms (cache miss)
2329 timing reifyNode:node_modules/@pkgjs/parseargs Completed in 4687ms
2330 http fetch GET 200 https://registry.npmjs.org/fastify-plugin/-/fastify-plugin-4.5.1.tgz 4342ms (cache miss)
2331 http fetch GET 200 https://registry.npmjs.org/lru-cache/-/lru-cache-7.18.3.tgz 4416ms (cache miss)
2332 timing reifyNode:node_modules/lru-cache Completed in 4707ms
2333 timing reifyNode:node_modules/help-me Completed in 4706ms
2334 http fetch GET 200 https://registry.npmjs.org/math-intrinsics/-/math-intrinsics-1.1.0.tgz 4421ms (cache miss)
2335 http fetch GET 200 https://registry.npmjs.org/tslib/-/tslib-2.8.1.tgz 4497ms (cache miss)
2336 timing reifyNode:node_modules/tslib Completed in 4722ms
2337 http fetch GET 200 https://registry.npmjs.org/yargs-parser/-/yargs-parser-21.1.1.tgz 4498ms (cache miss)
2338 timing reifyNode:node_modules/yargs-parser Completed in 4726ms
2339 http fetch GET 200 https://registry.npmjs.org/umzug/-/umzug-2.3.0.tgz 4500ms (cache miss)
2340 timing reifyNode:node_modules/umzug Completed in 4724ms
2341 http fetch GET 200 https://registry.npmjs.org/dotenv/-/dotenv-16.6.1.tgz 4336ms (cache miss)
2342 timing reifyNode:node_modules/dotenv Completed in 4707ms
2343 http fetch GET 200 https://registry.npmjs.org/chalk/-/chalk-5.6.2.tgz 4213ms (cache miss)
2344 timing reifyNode:node_modules/boxen/node_modules/chalk Completed in 4707ms
2345 timing metavuln:cache:put:security-advisory:@tootallnate/once:RyUbVwDER6hlZeLYzL19XqR+OGrI+BAaez0VsdQf9/WPYcnTOUHmTWbM2NvRheaH0Hyt6HiDsj5nc0Pl198ZCA== Completed in 441ms
2346 timing metavuln:calculate:security-advisory:@tootallnate/once:1119438 Completed in 2735ms
2347 http fetch GET 200 https://registry.npmjs.org/markdown-it 2733ms (cache miss)
2348 timing metavuln:packument:markdown-it Completed in 2735ms
2349 timing metavuln:load:security-advisory:markdown-it:1113190 Completed in 2ms
2350 timing metavuln:load:security-advisory:markdown-it:1120820 Completed in 0ms
2351 http fetch GET 200 https://registry.npmjs.org/fast-uri/-/fast-uri-2.4.0.tgz 4359ms (cache miss)
2352 http fetch GET 200 https://registry.npmjs.org/nanoid/-/nanoid-3.3.12.tgz 4444ms (cache miss)
2353 timing reifyNode:node_modules/nanoid Completed in 4729ms
2354 timing reifyNode:node_modules/@nodelib/fs.scandir Completed in 4721ms
2355 timing reifyNode:node_modules/node-gyp/node_modules/@npmcli/fs Completed in 4736ms
2356 http fetch GET 200 https://registry.npmjs.org/@webassemblyjs/wasm-parser/-/wasm-parser-1.14.1.tgz 4326ms (cache miss)
2357 timing reifyNode:node_modules/@webassemblyjs/wasm-parser Completed in 4732ms
2358 http fetch GET 200 https://registry.npmjs.org/make-fetch-happen/-/make-fetch-happen-9.1.0.tgz 4273ms (cache miss)
2359 timing reifyNode:node_modules/sqlite3/node_modules/make-fetch-happen Completed in 4752ms
2360 http fetch GET 200 https://registry.npmjs.org/ajv-formats/-/ajv-formats-3.0.1.tgz 4247ms (cache miss)
2361 timing reifyNode:node_modules/fast-json-stringify/node_modules/ajv-formats Completed in 4739ms
2362 timing metavuln:cache:put:security-advisory:linkify-it:7/w4Aok6/6mHGmv2Uc4svaXHiXUk97svBQl+ENxsN59mRMVAweX/V/Md1OXchNwbfAGlwCUI/sKdB9GYZMICzw== Completed in 396ms
2363 timing metavuln:calculate:security-advisory:linkify-it:1121797 Completed in 2765ms
2364 http fetch GET 200 https://registry.npmjs.org/watchpack/-/watchpack-2.5.1.tgz 4542ms (cache miss)
2365 timing reifyNode:node_modules/watchpack Completed in 4762ms
2366 http fetch GET 200 https://registry.npmjs.org/help-me/-/help-me-5.0.0.tgz 4268ms (cache miss)
2367 timing metavuln:cache:put:security-advisory:fast-uri:eOa7c7ILtYrQRi7Vh70WI0pPtbJX306JIRinfkWw7EszqtCMyh5zDLP+J7GgLnqrHAp+szaZMuWjykheayYbvw== Completed in 389ms
2368 timing metavuln:calculate:security-advisory:fast-uri:1117884 Completed in 2770ms
2369 timing metavuln:cache:put:security-advisory:fast-uri:QBT+YWg36QlsCGIVyx+qyR2DNhgjC+VCOjRO1zswpjRQn4lFmcf77EeA6ufO4yxSJO9dVgUtRQ76zfsnZLLsHg== Completed in 389ms
2370 timing metavuln:calculate:security-advisory:fast-uri:1117870 Completed in 2770ms
2371 timing metavuln:cache:put:security-advisory:fast-uri:5tWf/2F3oSWWqD4tNlM8UnT48bBXTuxzL4RXyhSzco0q9ah5Uf8FT8B+R1B3zzPpBEvBRtxaq8Up076jybNs6w== Completed in 390ms
2372 timing metavuln:calculate:security-advisory:fast-uri:1130178 Completed in 2770ms
2373 timing metavuln:cache:put:security-advisory:fast-uri:ilQwk88D5+dyz6GkJu/mC2fpj9JTHSoJ/e6hwy1CcJtEs9/R/mhL+eT4+pthIQl2RZKnS5U/PJx9ZZnCrQlkvg== Completed in 389ms
2374 timing metavuln:calculate:security-advisory:fast-uri:1124065 Completed in 2770ms
2375 timing metavuln:cache:put:security-advisory:fast-uri:tmsTPTzWZa0jUacC9e8efCiEZHfZhUczZbry62wY511+xdh7CI7RMM9+4ui20oTLcl6qec79QaTiTHEMUt5v+g== Completed in 390ms
2376 timing metavuln:calculate:security-advisory:fast-uri:1124064 Completed in 2771ms
2377 http fetch GET 200 https://registry.npmjs.org/@pinojs/redact/-/redact-0.4.0.tgz 4318ms (cache miss)
2378 http fetch GET 200 https://registry.npmjs.org/abort-controller/-/abort-controller-3.0.0.tgz 4340ms (cache miss)
2379 timing reifyNode:node_modules/abort-controller Completed in 4749ms
2380 timing reifyNode:node_modules/fastify-plugin Completed in 4758ms
2381 http fetch GET 200 https://registry.npmjs.org/@nodelib/fs.walk/-/fs.walk-1.2.8.tgz 4325ms (cache miss)
2382 timing reifyNode:node_modules/math-intrinsics Completed in 4765ms
2383 timing metavuln:cache:put:security-advisory:brace-expansion:PQJD9f/R+gZHzy8Kum92H0T3UQqabegIfHiV7L8FBJBVTR87ofLn3d+vKwC/tzMIvwczV2dC4pL2IBeLdqV8/Q== Completed in 377ms
2384 timing metavuln:calculate:security-advisory:brace-expansion:1124334 Completed in 2787ms
2385 timing metavuln:cache:put:security-advisory:shell-quote:gWuMLxJrdB5cYYnXmLuPYjWBh9v3T6mAs/1n90qstizAjUwF6JtEegc7pxpOH6qZDJP592oeHHx4biyk4QlJHg== Completed in 377ms
2386 timing metavuln:calculate:security-advisory:shell-quote:1123944 Completed in 2786ms
2387 http fetch GET 200 https://registry.npmjs.org/@jridgewell/sourcemap-codec/-/sourcemap-codec-1.5.5.tgz 4326ms (cache miss)
2388 timing reifyNode:node_modules/fast-uri Completed in 4768ms
2389 http fetch GET 200 https://registry.npmjs.org/sonic-boom/-/sonic-boom-4.2.1.tgz 4541ms (cache miss)
2390 timing reifyNode:node_modules/sonic-boom Completed in 4782ms
2391 http fetch GET 200 https://registry.npmjs.org/make-fetch-happen/-/make-fetch-happen-11.1.1.tgz 4487ms (cache miss)
2392 timing reifyNode:node_modules/make-fetch-happen Completed in 4778ms
2393 timing metavuln:cache:put:security-advisory:linkify-it:Jny8VoHLDJBrjgSbMl+w6XYk0OnzfbGBGjWZrQjqsrrYWsaN7vbYaHR4lV3pOpGX7RAk1TTwEdcZ8yccpCPihA== Completed in 427ms
2394 timing metavuln:calculate:security-advisory:linkify-it:1124012 Completed in 2797ms
2395 http fetch GET 200 https://registry.npmjs.org/chalk/-/chalk-5.6.2.tgz 4292ms (cache miss)
2396 timing reifyNode:node_modules/npm-check-updates/node_modules/chalk Completed in 4784ms
2397 timing reifyNode:node_modules/@pinojs/redact Completed in 4774ms
2398 http fetch GET 200 https://registry.npmjs.org/chai/-/chai-6.2.2.tgz 4394ms (cache miss)
2399 timing reifyNode:node_modules/chai Completed in 4778ms
2400 http fetch GET 200 https://registry.npmjs.org/picomatch/-/picomatch-4.0.4.tgz 4320ms (cache miss)
2401 timing reifyNode:node_modules/vite/node_modules/picomatch Completed in 4798ms
2402 http fetch GET 200 https://registry.npmjs.org/@discoveryjs/json-ext/-/json-ext-0.5.7.tgz 4331ms (cache miss)
2403 timing reifyNode:node_modules/@discoveryjs/json-ext Completed in 4773ms
2404 timing reifyNode:node_modules/@jridgewell/sourcemap-codec Completed in 4774ms
2405 http fetch GET 200 https://registry.npmjs.org/yargs-parser/-/yargs-parser-20.2.9.tgz 4312ms (cache miss)
2406 timing reifyNode:node_modules/sequelize-cli/node_modules/yargs-parser Completed in 4795ms
2407 http fetch GET 200 https://registry.npmjs.org/@fastify/ajv-compiler/-/ajv-compiler-3.6.0.tgz 4340ms (cache miss)
2408 http fetch GET 200 https://registry.npmjs.org/@fastify/sensible/-/sensible-5.6.0.tgz 4344ms (cache miss)
2409 timing reifyNode:node_modules/@fastify/sensible Completed in 4780ms
2410 http fetch GET 200 https://registry.npmjs.org/@npmcli/fs/-/fs-1.1.1.tgz 4320ms (cache miss)
2411 timing reifyNode:node_modules/sqlite3/node_modules/@npmcli/fs Completed in 4802ms
2412 http fetch GET 200 https://registry.npmjs.org/form-data-encoder/-/form-data-encoder-2.1.4.tgz 4441ms (cache miss)
2413 timing reifyNode:node_modules/pino-pretty/node_modules/help-me Completed in 4804ms
2414 http fetch GET 200 https://registry.npmjs.org/smart-buffer/-/smart-buffer-4.2.0.tgz 4567ms (cache miss)
2415 timing reifyNode:node_modules/smart-buffer Completed in 4809ms
2416 timing metavuln:cache:put:security-advisory:fast-uri:fTTiMZspTWeoKOVqKU9Q0USuYqGMWJ+bjiecrY+1rBId3DQy+I4aUNOxjJ178zbbPFdPxnzDihrPXdDaH3rFRw== Completed in 439ms
2417 timing metavuln:calculate:security-advisory:fast-uri:1130177 Completed in 2820ms
2418 timing metavuln:cache:put:security-advisory:brace-expansion:wDEbqWk4yLp9m7y1JKlfB/VOQdNxO6zv9mx3cQ5VptPHpE7Ova1G3NkU4hgGmOmyWoA3/1d/SEsb3LnkNTA35A== Completed in 411ms
2419 timing metavuln:calculate:security-advisory:brace-expansion:1123897 Completed in 2821ms
2420 timing metavuln:cache:put:security-advisory:brace-expansion:8oOLS67XweNywiGNx5L+6SvNn2KB7xR8kOhhQW3y11e/1FIqzHMTjZdmNIIGBfwh+NAkZmQ+9Oj3YUp92LM3Wg== Completed in 413ms
2421 timing metavuln:calculate:security-advisory:brace-expansion:1123896 Completed in 2821ms
2422 http fetch GET 200 https://registry.npmjs.org/style-loader/-/style-loader-4.0.0.tgz 4582ms (cache miss)
2423 timing reifyNode:node_modules/style-loader Completed in 4819ms
2424 timing reifyNode:node_modules/@nodelib/fs.walk Completed in 4804ms
2425 http fetch GET 200 https://registry.npmjs.org/picomatch/-/picomatch-4.0.4.tgz 4358ms (cache miss)
2426 timing reifyNode:node_modules/vitest/node_modules/picomatch Completed in 4836ms
2427 http fetch GET 200 https://registry.npmjs.org/picomatch/-/picomatch-4.0.4.tgz 4356ms (cache miss)
2428 timing reifyNode:node_modules/tinyglobby/node_modules/picomatch Completed in 4835ms
2429 http fetch GET 200 https://registry.npmjs.org/chokidar/-/chokidar-3.6.0.tgz 4436ms (cache miss)
2430 timing reifyNode:node_modules/chokidar Completed in 4818ms
2431 timing metavuln:cache:put:security-advisory:cookie:EFt7h/FZLeopARa06+F2CBY5ItUm007mP/cHgZjTJZX1MeIwg3JD7toSioRoDeE8wm5VdkimqlS+CnuPhZqbIg== Completed in 402ms
2432 timing metavuln:calculate:security-advisory:cookie:1103907 Completed in 2843ms
2433 timing reifyNode:node_modules/@fastify/ajv-compiler Completed in 4817ms
2434 http fetch GET 200 https://registry.npmjs.org/gauge/-/gauge-4.0.4.tgz 4497ms (cache miss)
2435 warn deprecated gauge@4.0.4: This package is no longer supported.
2436 timing reifyNode:node_modules/gauge Completed in 4827ms
2437 timing metavuln:cache:put:security-advisory:sigstore:skzVwsWYa8zuQ7SA5ICFpsE0xnM0OG7fX/J/DEdN8ubKUINIpvS+u8ACU9GH/TPzcgMZklLVWP1xJFTqFcWQFw== Completed in 340ms
2438 timing metavuln:calculate:security-advisory:sigstore:1122163 Completed in 2853ms
2439 http fetch GET 200 https://registry.npmjs.org/argparse/-/argparse-2.0.1.tgz 4436ms (cache miss)
2440 timing reifyNode:node_modules/argparse Completed in 4831ms
2441 http fetch GET 200 https://registry.npmjs.org/es-module-lexer/-/es-module-lexer-2.1.0.tgz 4471ms (cache miss)
2442 timing reifyNode:node_modules/es-module-lexer Completed in 4840ms
2443 http fetch GET 200 https://registry.npmjs.org/pacote/-/pacote-15.2.0.tgz 4574ms (cache miss)
2444 timing reifyNode:node_modules/pacote Completed in 4852ms
2445 http fetch GET 200 https://registry.npmjs.org/terser-webpack-plugin/-/terser-webpack-plugin-5.6.1.tgz 4629ms (cache miss)
2446 timing reifyNode:node_modules/terser-webpack-plugin Completed in 4862ms
2447 timing reifyNode:node_modules/form-data-encoder Completed in 4848ms
2448 http fetch GET 200 https://registry.npmjs.org/tapable/-/tapable-2.3.3.tgz 4633ms (cache miss)
2449 timing reifyNode:node_modules/tapable Completed in 4868ms
2450 http fetch GET 200 https://registry.npmjs.org/make-fetch-happen/-/make-fetch-happen-10.2.1.tgz 4373ms (cache miss)
2451 timing reifyNode:node_modules/node-gyp/node_modules/make-fetch-happen Completed in 4862ms
2452 http fetch GET 200 https://registry.npmjs.org/@colors/colors/-/colors-1.5.0.tgz 4409ms (cache miss)
2453 timing reifyNode:node_modules/@colors/colors Completed in 4848ms
2454 http fetch GET 200 https://registry.npmjs.org/minimist/-/minimist-1.2.8.tgz 4590ms (cache miss)
2455 timing reifyNode:node_modules/minimist Completed in 4880ms
2456 timing metavuln:cache:put:security-advisory:js-yaml:4JRmIWaw7t9g2nj2coc/knMKSpUTTvf6gd7QGFDejryJnGjc+YeBUVzshR5afcQZnuPyYGRjBRxydkQEqdhtbQ== Completed in 305ms
2457 timing metavuln:calculate:security-advisory:js-yaml:1123911 Completed in 2902ms
2458 http fetch GET 200 https://registry.npmjs.org/electron-to-chromium/-/electron-to-chromium-1.5.364.tgz 4524ms (cache miss)
2459 timing reifyNode:node_modules/electron-to-chromium Completed in 4894ms
2460 http fetch GET 200 https://registry.npmjs.org/jest-worker/-/jest-worker-27.5.1.tgz 4603ms (cache miss)
2461 http fetch GET 200 https://registry.npmjs.org/mini-css-extract-plugin/-/mini-css-extract-plugin-2.10.2.tgz 4618ms (cache miss)
2462 timing reifyNode:node_modules/mini-css-extract-plugin Completed in 4907ms
2463 http fetch GET 200 https://registry.npmjs.org/foreground-child/-/foreground-child-3.3.1.tgz 4553ms (cache miss)
2464 http fetch GET 200 https://registry.npmjs.org/events/-/events-3.3.0.tgz 4541ms (cache miss)
2465 timing reifyNode:node_modules/events Completed in 4906ms
2466 http fetch GET 200 https://registry.npmjs.org/@one-ini/wasm/-/wasm-0.1.1.tgz 4478ms (cache miss)
2467 timing reifyNode:node_modules/@one-ini/wasm Completed in 4904ms
2468 http fetch GET 200 https://registry.npmjs.org/cacache/-/cacache-17.1.4.tgz 4526ms (cache miss)
2469 timing reifyNode:node_modules/cacache Completed in 4911ms
2470 http fetch GET 200 https://registry.npmjs.org/http2-wrapper/-/http2-wrapper-2.2.1.tgz 4599ms (cache miss)
2471 timing reifyNode:node_modules/http2-wrapper Completed in 4921ms
2472 http fetch GET 200 https://registry.npmjs.org/envinfo/-/envinfo-7.21.0.tgz 4551ms (cache miss)
2473 timing reifyNode:node_modules/envinfo Completed in 4920ms
2474 http fetch GET 200 https://registry.npmjs.org/tar-fs/-/tar-fs-2.1.4.tgz 4705ms (cache miss)
2475 timing metavuln:cache:put:security-advisory:uuid:fjKShcKspemxj7050oTyq4F6Ys6oXOzZoO3QUapp6PgJCcrmTMbXQaxkcJ1QLLNHzsQ9sgLuhrlezjv+hoSUhg== Completed in 272ms
2476 timing metavuln:calculate:security-advisory:uuid:1119441 Completed in 2946ms
2477 http fetch GET 200 https://registry.npmjs.org/expect-type/-/expect-type-1.3.0.tgz 4567ms (cache miss)
2478 timing reifyNode:node_modules/expect-type Completed in 4930ms
2479 timing reifyNode:node_modules/jest-worker Completed in 4934ms
2480 http fetch GET 200 https://registry.npmjs.org/webpack-cli/-/webpack-cli-5.1.4.tgz 4734ms (cache miss)
2481 timing reifyNode:node_modules/webpack-cli Completed in 4953ms
2482 timing reifyNode:node_modules/tar-fs Completed in 4953ms
2483 timing reifyNode:node_modules/foreground-child Completed in 4948ms
2484 http fetch GET 200 https://registry.npmjs.org/tar 2968ms (cache miss)
2485 timing metavuln:packument:tar Completed in 2969ms
2486 timing metavuln:load:security-advisory:tar:1112659 Completed in 1ms
2487 timing metavuln:load:security-advisory:tar:1113300 Completed in 1ms
2488 timing metavuln:load:security-advisory:tar:1113375 Completed in 1ms
2489 timing metavuln:load:security-advisory:tar:1114200 Completed in 0ms
2490 timing metavuln:load:security-advisory:tar:1114302 Completed in 2ms
2491 timing metavuln:load:security-advisory:tar:1120782 Completed in 0ms
2492 timing metavuln:load:security-advisory:tar:1114680 Completed in 3ms
2493 timing metavuln:load:security-advisory:tar:1123939 Completed in 1ms
2494 timing metavuln:load:security-advisory:tar:1123940 Completed in 6ms
2495 timing metavuln:load:security-advisory:tar:1123941 Completed in 1ms
2496 timing metavuln:load:security-advisory:tar:1123942 Completed in 0ms
2497 timing metavuln:load:security-advisory:tar:1124287 Completed in 0ms
2498 http fetch GET 200 https://registry.npmjs.org/@emnapi/wasi-threads/-/wasi-threads-1.2.1.tgz 4520ms (cache miss)
2499 timing reifyNode:node_modules/@emnapi/wasi-threads Completed in 4960ms
2500 http fetch GET 200 https://registry.npmjs.org/ret/-/ret-0.4.3.tgz 4725ms (cache miss)
2501 http fetch GET 200 https://registry.npmjs.org/@jridgewell/gen-mapping/-/gen-mapping-0.3.13.tgz 4529ms (cache miss)
2502 timing reifyNode:node_modules/@jridgewell/gen-mapping Completed in 4962ms
2503 http fetch GET 200 https://registry.npmjs.org/light-my-request/-/light-my-request-5.14.0.tgz 4680ms (cache miss)
2504 timing metavuln:cache:put:security-advisory:markdown-it:745Vt4mrHCdT8gFHVh7oHROmP4aH4fErXXhbpeVBhtIHmsxTVI7P3rJSdfXZ1iZTBS6GEnTERL4OWUfc4Co9jQ== Completed in 263ms
2505 timing metavuln:calculate:security-advisory:markdown-it:1113190 Completed in 3001ms
2506 timing metavuln:cache:put:security-advisory:markdown-it:6cbrYTEXVy1JvQq8uTvzjskW8pf6BmH8gILPrCKTaxXCYedFXg9FI2838ahB0x0+EvFApaZfLnL0JeF1WspBgg== Completed in 263ms
2507 timing metavuln:calculate:security-advisory:markdown-it:1120820 Completed in 3000ms
2508 http fetch GET 200 https://registry.npmjs.org/fastify-error-page/-/fastify-error-page-4.0.0.tgz 4620ms (cache miss)
2509 timing reifyNode:node_modules/fastify-error-page Completed in 4980ms
2510 http fetch GET 200 https://registry.npmjs.org/@xtuc/long/-/long-4.2.2.tgz 4575ms (cache miss)
2511 timing reifyNode:node_modules/@xtuc/long Completed in 4979ms
2512 http fetch GET 200 https://registry.npmjs.org/signal-exit/-/signal-exit-4.1.0.tgz 4765ms (cache miss)
2513 timing reifyNode:node_modules/signal-exit Completed in 5010ms
2514 timing reifyNode:node_modules/light-my-request Completed in 5005ms
2515 http fetch GET 200 https://registry.npmjs.org/event-target-shim/-/event-target-shim-5.0.1.tgz 4639ms (cache miss)
2516 timing reifyNode:node_modules/event-target-shim Completed in 5003ms
2517 http fetch GET 200 https://registry.npmjs.org/@vitest/runner/-/runner-4.1.8.tgz 4587ms (cache miss)
2518 timing reifyNode:node_modules/@vitest/runner Completed in 5002ms
2519 timing reifyNode:node_modules/ret Completed in 5022ms
2520 http fetch GET 200 https://registry.npmjs.org/find-my-way 3034ms (cache miss)
2521 timing metavuln:packument:find-my-way Completed in 3035ms
2522 timing metavuln:load:security-advisory:find-my-way:1124273 Completed in 2ms
2523 http fetch GET 200 https://registry.npmjs.org/@fastify/secure-session/-/secure-session-7.5.1.tgz 4574ms (cache miss)
2524 timing reifyNode:node_modules/@fastify/secure-session Completed in 5008ms
2525 http fetch GET 200 https://registry.npmjs.org/baseline-browser-mapping/-/baseline-browser-mapping-2.10.33.tgz 4626ms (cache miss)
2526 timing reifyNode:node_modules/baseline-browser-mapping Completed in 5013ms
2527 http fetch GET 200 https://registry.npmjs.org/pg/-/pg-8.21.0.tgz 4751ms (cache miss)
2528 timing reifyNode:node_modules/pg Completed in 5027ms
2529 http fetch GET 200 https://registry.npmjs.org/cacache/-/cacache-16.1.3.tgz 4546ms (cache miss)
2530 timing reifyNode:node_modules/node-gyp/node_modules/cacache Completed in 5034ms
2531 http fetch GET 200 https://registry.npmjs.org/commander/-/commander-10.0.1.tgz 4626ms (cache miss)
2532 timing reifyNode:node_modules/commander Completed in 5032ms
2533 http fetch GET 200 https://registry.npmjs.org/schema-utils/-/schema-utils-4.3.3.tgz 4798ms (cache miss)
2534 timing reifyNode:node_modules/schema-utils Completed in 5049ms
2535 http fetch GET 200 https://registry.npmjs.org/@fastify/cookie/-/cookie-9.4.0.tgz 4593ms (cache miss)
2536 timing reifyNode:node_modules/@fastify/cookie Completed in 5029ms
2537 http fetch GET 200 https://registry.npmjs.org/css-loader/-/css-loader-7.1.4.tgz 4667ms (cache miss)
2538 timing reifyNode:node_modules/css-loader Completed in 5045ms
2539 http fetch GET 200 https://registry.npmjs.org/readable-stream/-/readable-stream-3.6.2.tgz 4810ms (cache miss)
2540 timing reifyNode:node_modules/readable-stream Completed in 5071ms
2541 http fetch GET 200 https://registry.npmjs.org/@tufjs/models/-/models-1.0.4.tgz 4636ms (cache miss)
2542 http fetch GET 200 https://registry.npmjs.org/source-map-js/-/source-map-js-1.2.1.tgz 4845ms (cache miss)
2543 timing reifyNode:node_modules/source-map-js Completed in 5086ms
2544 http fetch GET 200 https://registry.npmjs.org/cacache/-/cacache-15.3.0.tgz 4612ms (cache miss)
2545 timing reifyNode:node_modules/sqlite3/node_modules/cacache Completed in 5094ms
2546 timing reifyNode:node_modules/@tufjs/models Completed in 5079ms
2547 http fetch GET 200 https://registry.npmjs.org/mustache/-/mustache-4.2.0.tgz 4808ms (cache miss)
2548 timing reifyNode:node_modules/mustache Completed in 5093ms
2549 http fetch GET 200 https://registry.npmjs.org/node-addon-api/-/node-addon-api-4.3.0.tgz 4822ms (cache miss)
2550 timing reifyNode:node_modules/node-addon-api Completed in 5106ms
2551 http fetch GET 200 https://registry.npmjs.org/object-inspect/-/object-inspect-1.13.4.tgz 4846ms (cache miss)
2552 timing reifyNode:node_modules/object-inspect Completed in 5128ms
2553 http fetch GET 200 https://registry.npmjs.org/promise/-/promise-7.3.1.tgz 4862ms (cache miss)
2554 http fetch GET 200 https://registry.npmjs.org/webpack-sources/-/webpack-sources-3.5.0.tgz 4931ms (cache miss)
2555 timing reifyNode:node_modules/webpack-sources Completed in 5151ms
2556 http fetch GET 200 https://registry.npmjs.org/fast-uri/-/fast-uri-3.1.2.tgz 4642ms (cache miss)
2557 timing reifyNode:node_modules/ajv/node_modules/fast-uri Completed in 5135ms
2558 http fetch GET 200 https://registry.npmjs.org/json5/-/json5-2.2.3.tgz 4851ms (cache miss)
2559 timing reifyNode:node_modules/json5 Completed in 5148ms
2560 timing reifyNode:node_modules/promise Completed in 5165ms
2561 timing metavuln:cache:put:security-advisory:tar:Bbf0Br7FJ1lJBIJDoLLFwjsDrbaYgLVqfrwr0ATzSQWEKW7Xp073S+5zxU9imRf4OqRJHo2MsCDeyKR0KRVsdA== Completed in 207ms
2562 timing metavuln:calculate:security-advisory:tar:1113375 Completed in 3179ms
2563 timing metavuln:cache:put:security-advisory:tar:qPQeYPFDBIedTWfYK3sbnScF6Ha7ouTs+wgndnz4PT5P+/K+GBD4epoPcYpXlu6AC7gSJlCJTJeuKbYAFoK9PA== Completed in 209ms
2564 timing metavuln:calculate:security-advisory:tar:1112659 Completed in 3179ms
2565 timing metavuln:cache:put:security-advisory:tar:cbwMpzkxWE086TmEbj2aUk80Z6hlvP0jzlWS+XiX15JwqEtFzUgHyHj3QX4I6EZYk8tgcYPuNr3hYFVCQY6e3Q== Completed in 209ms
2566 timing metavuln:calculate:security-advisory:tar:1113300 Completed in 3180ms
2567 timing metavuln:cache:put:security-advisory:tar:UWW3Y4BpqE/fE3Qp2/QBaix5a7TZZoP7gM6asxPYL9ED9MweoK3ryao+Bp0Y6Y8Xds/rmjAafpG21YRYkP3N4g== Completed in 206ms
2568 timing metavuln:calculate:security-advisory:tar:1114302 Completed in 3180ms
2569 timing metavuln:cache:put:security-advisory:tar:9WNWShpJfn52pM8ZKKqi6EHYXLJH6jIL35WJ1kx3R94kQ68yiei98QDX2MAYELuoz72lFzgt8ZNwVFO+0shTPQ== Completed in 202ms
2570 timing metavuln:calculate:security-advisory:tar:1123939 Completed in 3180ms
2571 timing metavuln:cache:put:security-advisory:tar:HvLlMJbJXEUK/onHcx6iH5KU2NP+7E7MMPhRhGnsmcr2FY6JAnWF2rcRAgVDBJAOnatQ9kP+OBlK6rRRB4Lm1w== Completed in 195ms
2572 timing metavuln:calculate:security-advisory:tar:1123942 Completed in 3181ms
2573 timing metavuln:cache:put:security-advisory:tar:WPAHyAaav02PDduw2eGnG6X+ABpwBjqmBwdNXRWo4FQEksB49HA4+TNk5yn/gtgvovYrJSHS2rT9f+21J9+P5g== Completed in 196ms
2574 timing metavuln:calculate:security-advisory:tar:1123941 Completed in 3181ms
2575 timing metavuln:cache:put:security-advisory:tar:eeMx7uxRjV2T2ub1XcSZGVUMDQllh5SgBOjApRXoDwccZb2xPyoJEKCNDkl/ZQGHcurw9K/Nf+wQF6u7SWH6CQ== Completed in 209ms
2576 timing metavuln:calculate:security-advisory:tar:1114200 Completed in 3181ms
2577 timing metavuln:cache:put:security-advisory:tar:vbDW3SJe6e2hhLv65iuyXehzCzEAirdu2MloZluu8ApJ5S0mpjZNCz+7tMRaz8WDOzMKfYQKi/M/IfcFNOa3Cw== Completed in 204ms
2578 timing metavuln:calculate:security-advisory:tar:1114680 Completed in 3181ms
2579 timing metavuln:cache:put:security-advisory:tar:t6qp9bDoOJC5ykUhMod9HFHgHDvI1UW6GnqB8jJS6Yi46hF+kajSpG1iT7saQrxA8wmMjWcqOhBiMPJM8/0lzQ== Completed in 195ms
2580 timing metavuln:calculate:security-advisory:tar:1124287 Completed in 3181ms
2581 timing metavuln:cache:put:security-advisory:tar:arb4g8pdc7oanKU5x4mZlj4SU69lbBj1SSV/G1A404J9n2o/hIuWJHnMVKD9bwNuOjGRq9jrqCqZbeRyPHxymw== Completed in 198ms
2582 timing metavuln:calculate:security-advisory:tar:1123940 Completed in 3182ms
2583 http fetch GET 200 https://registry.npmjs.org/@vitest/mocker/-/mocker-4.1.8.tgz 4745ms (cache miss)
2584 http fetch GET 200 https://registry.npmjs.org/esm/-/esm-3.2.25.tgz 4803ms (cache miss)
2585 timing reifyNode:node_modules/esm Completed in 5168ms
2586 http fetch GET 200 https://registry.npmjs.org/wkx/-/wkx-0.5.0.tgz 4975ms (cache miss)
2587 timing reifyNode:node_modules/wkx Completed in 5190ms
2588 timing metavuln:cache:put:security-advisory:tar:W1TcF4N8X2Krsm+r3h0ddGUXMEZZiAaynzYZTQxJc/5bpRkiYZlmagV6PyPqJsq/qtKMzvdrdTLDuOgdPU5XNA== Completed in 218ms
2589 timing metavuln:calculate:security-advisory:tar:1120782 Completed in 3193ms
2590 http fetch GET 200 https://registry.npmjs.org/postcss 3194ms (cache miss)
2591 timing metavuln:packument:postcss Completed in 3195ms
2592 timing metavuln:load:security-advisory:postcss:1124288 Completed in 1ms
2593 http fetch GET 200 https://registry.npmjs.org/node-addon-api/-/node-addon-api-7.1.1.tgz 4713ms (cache miss)
2594 timing reifyNode:node_modules/sqlite3/node_modules/node-addon-api Completed in 5192ms
2595 timing reifyNode:node_modules/@vitest/mocker Completed in 5173ms
2596 http fetch GET 200 https://registry.npmjs.org/entities/-/entities-3.0.1.tgz 4809ms (cache miss)
2597 timing reifyNode:node_modules/entities Completed in 5178ms
2598 http fetch GET 200 https://registry.npmjs.org/magic-string/-/magic-string-0.30.21.tgz 4888ms (cache miss)
2599 timing reifyNode:node_modules/magic-string Completed in 5187ms
2600 http fetch GET 200 https://registry.npmjs.org/sequelize-cli/-/sequelize-cli-6.6.5.tgz 4950ms (cache miss)
2601 timing reifyNode:node_modules/sequelize-cli Completed in 5198ms
2602 http fetch GET 200 https://registry.npmjs.org/undici-types/-/undici-types-6.21.0.tgz 4979ms (cache miss)
2603 timing reifyNode:node_modules/undici-types Completed in 5203ms
2604 http fetch GET 200 https://registry.npmjs.org/@fastify/merge-json-schemas/-/merge-json-schemas-0.1.1.tgz 4748ms (cache miss)
2605 timing reifyNode:node_modules/@fastify/merge-json-schemas Completed in 5188ms
2606 timing metavuln:cache:put:security-advisory:find-my-way:+YpghwLI6PUIyWp8XHl8sipi8orFgC/bXvA8UTBhSVgt6QefqkNEXuSkTqpzFKftATFLq+TrCW8XYCm94wIjQA== Completed in 181ms
2607 timing metavuln:calculate:security-advisory:find-my-way:1124273 Completed in 3218ms
2608 http fetch GET 200 https://registry.npmjs.org/tar/-/tar-6.2.1.tgz 4979ms (cache miss)
2609 warn deprecated tar@6.2.1: Old versions of tar are not supported, and contain widely publicized security vulnerabilities, which have been fixed in the current version. Please update. Support for old versions may be purchased (at exorbitant rates) by contacting i@izs.me
2610 timing reifyNode:node_modules/tar Completed in 5213ms
2611 http fetch GET 200 https://registry.npmjs.org/jackspeak/-/jackspeak-3.4.3.tgz 4900ms (cache miss)
2612 timing reifyNode:node_modules/jackspeak Completed in 5210ms
2613 http fetch GET 200 https://registry.npmjs.org/@emnapi/runtime/-/runtime-1.10.0.tgz 4758ms (cache miss)
2614 http fetch GET 200 https://registry.npmjs.org/minipass/-/minipass-7.1.3.tgz 4945ms (cache miss)
2615 timing reifyNode:node_modules/minipass Completed in 5233ms
2616 timing reifyNode:node_modules/@emnapi/runtime Completed in 5223ms
2617 http fetch GET 200 https://registry.npmjs.org/qs/-/qs-6.15.2.tgz 5003ms (cache miss)
2618 timing reifyNode:node_modules/qs Completed in 5266ms
2619 http fetch GET 200 https://registry.npmjs.org/prompts-ncu/-/prompts-ncu-3.0.2.tgz 5006ms (cache miss)
2620 timing reifyNode:node_modules/prompts-ncu Completed in 5283ms
2621 http fetch GET 200 https://registry.npmjs.org/thread-stream/-/thread-stream-3.1.0.tgz 5074ms (cache miss)
2622 timing reifyNode:node_modules/thread-stream Completed in 5307ms
2623 http fetch GET 200 https://registry.npmjs.org/postcss-selector-parser/-/postcss-selector-parser-7.1.1.tgz 5045ms (cache miss)
2624 timing reifyNode:node_modules/postcss-selector-parser Completed in 5317ms
2625 http fetch GET 200 https://registry.npmjs.org/lightningcss/-/lightningcss-1.32.0.tgz 5043ms (cache miss)
2626 timing reifyNode:node_modules/lightningcss Completed in 5339ms
2627 http fetch GET 200 https://registry.npmjs.org/pg-protocol/-/pg-protocol-1.14.0.tgz 5070ms (cache miss)
2628 timing reifyNode:node_modules/pg-protocol Completed in 5345ms
2629 http fetch GET 200 https://registry.npmjs.org/socks/-/socks-2.8.9.tgz 5112ms (cache miss)
2630 http fetch GET 200 https://registry.npmjs.org/ip-address/-/ip-address-10.2.0.tgz 5042ms (cache miss)
2631 timing reifyNode:node_modules/ip-address Completed in 5347ms
2632 http fetch GET 200 https://registry.npmjs.org/exponential-backoff/-/exponential-backoff-3.1.3.tgz 4971ms (cache miss)
2633 http fetch GET 200 https://registry.npmjs.org/@jridgewell/trace-mapping/-/trace-mapping-0.3.31.tgz 4908ms (cache miss)
2634 timing reifyNode:node_modules/@jridgewell/trace-mapping Completed in 5340ms
2635 timing metavuln:cache:put:security-advisory:postcss:o0q0EDh/c/yXO8mW7onxyfY8gGQ+yllv0PybMT2eaE76E/1OkdcEp4nbyN5c17b8FHTbrA+h3QdVSYn/qLhRng== Completed in 181ms
2636 timing metavuln:calculate:security-advisory:postcss:1124288 Completed in 3377ms
2637 http fetch GET 200 https://registry.npmjs.org/path-scurry/-/path-scurry-1.11.1.tgz 5091ms (cache miss)
2638 timing reifyNode:node_modules/path-scurry Completed in 5367ms
2639 timing reifyNode:node_modules/socks Completed in 5378ms
2640 timing reifyNode:node_modules/exponential-backoff Completed in 5369ms
2641 http fetch GET 200 https://registry.npmjs.org/@vitest/utils/-/utils-4.1.8.tgz 4942ms (cache miss)
2642 timing reifyNode:node_modules/@vitest/utils Completed in 5366ms
2643 http fetch GET 200 https://registry.npmjs.org/acorn/-/acorn-8.16.0.tgz 4922ms (cache miss)
2644 timing reifyNode:node_modules/terser/node_modules/acorn Completed in 5401ms
2645 http fetch GET 200 https://registry.npmjs.org/@sigstore/protobuf-specs/-/protobuf-specs-0.2.1.tgz 4962ms (cache miss)
2646 timing reifyNode:node_modules/@sigstore/protobuf-specs Completed in 5385ms
2647 http fetch GET 200 https://registry.npmjs.org/concurrently/-/concurrently-8.2.2.tgz 5013ms (cache miss)
2648 http fetch GET 200 https://registry.npmjs.org/@biomejs/biome/-/biome-2.4.16.tgz 4951ms (cache miss)
2649 timing reifyNode:node_modules/@biomejs/biome Completed in 5395ms
2650 timing reifyNode:node_modules/concurrently Completed in 5420ms
2651 http fetch GET 200 https://registry.npmjs.org/fastify 3445ms (cache miss)
2652 timing metavuln:packument:fastify Completed in 3448ms
2653 timing metavuln:load:security-advisory:fastify:1112876 Completed in 3ms
2654 timing metavuln:load:security-advisory:fastify:1112877 Completed in 2ms
2655 timing metavuln:load:security-advisory:fastify:1115367 Completed in 4ms
2656 http fetch GET 200 https://registry.npmjs.org/semver/-/semver-7.8.1.tgz 5198ms (cache miss)
2657 timing reifyNode:node_modules/semver Completed in 5448ms
2658 http fetch GET 200 https://registry.npmjs.org/fast-glob/-/fast-glob-3.3.3.tgz 5075ms (cache miss)
2659 timing reifyNode:node_modules/fast-glob Completed in 5438ms
2660 http fetch GET 200 https://registry.npmjs.org/acorn/-/acorn-8.16.0.tgz 4978ms (cache miss)
2661 timing reifyNode:node_modules/webpack/node_modules/acorn Completed in 5457ms
2662 http fetch GET 200 https://registry.npmjs.org/fs-extra/-/fs-extra-9.1.0.tgz 5093ms (cache miss)
2663 timing reifyNode:node_modules/fs-extra Completed in 5445ms
2664 http fetch GET 200 https://registry.npmjs.org/fast-copy/-/fast-copy-3.0.2.tgz 5082ms (cache miss)
2665 timing reifyNode:node_modules/fast-copy Completed in 5465ms
2666 http fetch GET 200 https://registry.npmjs.org/postcss/-/postcss-8.5.15.tgz 5215ms (cache miss)
2667 timing reifyNode:node_modules/postcss Completed in 5486ms
2668 http fetch GET 200 https://registry.npmjs.org/@fastify/send/-/send-2.1.0.tgz 5034ms (cache miss)
2669 http fetch GET 200 https://registry.npmjs.org/@webassemblyjs/ast/-/ast-1.14.1.tgz 5065ms (cache miss)
2670 timing reifyNode:node_modules/@webassemblyjs/ast Completed in 5476ms
2671 http fetch GET 200 https://registry.npmjs.org/readable-stream/-/readable-stream-4.7.0.tgz 5014ms (cache miss)
2672 timing reifyNode:node_modules/pino-pretty/node_modules/readable-stream Completed in 5502ms
2673 timing reifyNode:node_modules/@fastify/send Completed in 5494ms
2674 http fetch GET 200 https://registry.npmjs.org/got/-/got-12.6.1.tgz 5195ms (cache miss)
2675 http fetch GET 200 https://registry.npmjs.org/type-fest/-/type-fest-1.4.0.tgz 5031ms (cache miss)
2676 timing reifyNode:node_modules/crypto-random-string/node_modules/type-fest Completed in 5521ms
2677 timing reifyNode:node_modules/got Completed in 5533ms
2678 timing metavuln:cache:put:security-advisory:fastify:5OdrwYv5Xzq+rI3bchsuaHIz85Yyo5gTdhOrQGf2Em7pRhXXR2ur0R7W7qQ6UpWsSxuRBW8Fdp57dyqUhR5/yw== Completed in 112ms
2679 timing metavuln:calculate:security-advisory:fastify:1112876 Completed in 3563ms
2680 timing metavuln:cache:put:security-advisory:fastify:Mu3bbsgGIQMzQU+JUqKbxbOdmJ9sahc+8jmwkzzm3/7BqYYzReNvhjLjZ9XT5ElUjr+2gUCz/6X6tV16iM+obQ== Completed in 110ms
2681 timing metavuln:calculate:security-advisory:fastify:1112877 Completed in 3563ms
2682 http fetch GET 200 https://registry.npmjs.org/yargs/-/yargs-16.2.0.tgz 5080ms (cache miss)
2683 http fetch GET 200 https://registry.npmjs.org/i18next/-/i18next-23.16.8.tgz 5243ms (cache miss)
2684 timing reifyNode:node_modules/i18next Completed in 5553ms
2685 timing metavuln:cache:put:security-advisory:fastify:vrddC5kD1iC6bjQC2yMAnNLy1/+VmRDX3Vr+8eGmbbd/ikD6VgNiIpwTn2TMS3TAzr8ZR+5OeLpu/4I5U8QBKA== Completed in 119ms
2686 timing metavuln:calculate:security-advisory:fastify:1115367 Completed in 3577ms
2687 timing metavuln:cache:get:security-advisory:minimatch:9FmmcEqjJRGCRuUzBFEiqiok0NjOw/tWkD+y2awREyXyxqdNEuADxLDQxc4ATHZIPNM0lGSQMLlWFH8q1XMpbQ== Completed in 8ms
2688 http fetch GET 200 https://registry.npmjs.org/iconv-lite/-/iconv-lite-0.6.3.tgz 5260ms (cache miss)
2689 timing reifyNode:node_modules/sequelize-cli/node_modules/yargs Completed in 5581ms
2690 http fetch GET 200 https://registry.npmjs.org/avvio/-/avvio-8.4.0.tgz 5185ms (cache miss)
2691 http fetch GET 200 https://registry.npmjs.org/uuid/-/uuid-8.3.2.tgz 5374ms (cache miss)
2692 warn deprecated uuid@8.3.2: uuid@10 and below is no longer supported.  For ESM codebases, update to uuid@latest.  For CommonJS codebases, use uuid@11 (but be aware this version will likely be deprecated in 2028).
2693 timing reifyNode:node_modules/uuid Completed in 5596ms
2694 http fetch GET 200 https://registry.npmjs.org/yargs/-/yargs-17.7.2.tgz 5387ms (cache miss)
2695 timing reifyNode:node_modules/iconv-lite Completed in 5589ms
2696 timing reifyNode:node_modules/avvio Completed in 5586ms
2697 timing reifyNode:node_modules/yargs Completed in 5618ms
2698 http fetch GET 200 https://registry.npmjs.org/@sigstore/sign/-/sign-1.0.0.tgz 5180ms (cache miss)
2699 http fetch GET 200 https://registry.npmjs.org/minimatch/-/minimatch-9.0.9.tgz 5330ms (cache miss)
2700 timing reifyNode:node_modules/@sigstore/sign Completed in 5621ms
2701 timing reifyNode:node_modules/minimatch Completed in 5638ms
2702 http fetch GET 200 https://registry.npmjs.org/type-fest/-/type-fest-2.19.0.tgz 5434ms (cache miss)
2703 timing reifyNode:node_modules/type-fest Completed in 5658ms
2704 http fetch GET 200 https://registry.npmjs.org/source-map/-/source-map-0.6.1.tgz 5415ms (cache miss)
2705 timing reifyNode:node_modules/source-map Completed in 5657ms
2706 http fetch GET 200 https://registry.npmjs.org/bluebird/-/bluebird-3.7.2.tgz 5291ms (cache miss)
2707 timing reifyNode:node_modules/bluebird Completed in 5677ms
2708 http fetch GET 200 https://registry.npmjs.org/enhanced-resolve/-/enhanced-resolve-5.22.1.tgz 5314ms (cache miss)
2709 timing reifyNode:node_modules/enhanced-resolve Completed in 5683ms
2710 http fetch GET 200 https://registry.npmjs.org/pino-pretty/-/pino-pretty-11.3.0.tgz 5429ms (cache miss)
2711 http fetch GET 200 https://registry.npmjs.org/lru-cache/-/lru-cache-10.4.3.tgz 5209ms (cache miss)
2712 timing reifyNode:node_modules/path-scurry/node_modules/lru-cache Completed in 5700ms
2713 timing reifyNode:node_modules/pino-pretty Completed in 5716ms
2714 http fetch GET 200 https://registry.npmjs.org/acorn/-/acorn-7.4.1.tgz 5304ms (cache miss)
2715 timing reifyNode:node_modules/acorn Completed in 5709ms
2716 http fetch GET 200 https://registry.npmjs.org/glob/-/glob-10.5.0.tgz 5405ms (cache miss)
2717 warn deprecated glob@10.5.0: Old versions of glob are not supported, and contain widely publicized security vulnerabilities, which have been fixed in the current version. Please update. Support for old versions may be purchased (at exorbitant rates) by contacting i@izs.me
2718 timing reifyNode:node_modules/glob Completed in 5751ms
2719 http fetch GET 200 https://registry.npmjs.org/rolldown/-/rolldown-1.0.3.tgz 5510ms (cache miss)
2720 http fetch GET 200 https://registry.npmjs.org/generify/-/generify-4.2.0.tgz 5405ms (cache miss)
2721 http fetch GET 200 https://registry.npmjs.org/@tybys/wasm-util/-/wasm-util-0.10.2.tgz 5332ms (cache miss)
2722 http fetch GET 200 https://registry.npmjs.org/sigstore/-/sigstore-1.9.0.tgz 5528ms (cache miss)
2723 timing reifyNode:node_modules/@tybys/wasm-util Completed in 5754ms
2724 timing reifyNode:node_modules/rolldown Completed in 5777ms
2725 timing reifyNode:node_modules/generify Completed in 5770ms
2726 timing reifyNode:node_modules/sigstore Completed in 5786ms
2727 http fetch GET 200 https://registry.npmjs.org/find-my-way/-/find-my-way-8.2.2.tgz 5438ms (cache miss)
2728 timing reifyNode:node_modules/find-my-way Completed in 5792ms
2729 http fetch GET 200 https://registry.npmjs.org/fast-json-stringify/-/fast-json-stringify-5.16.1.tgz 5438ms (cache miss)
2730 http fetch GET 200 https://registry.npmjs.org/neo-async/-/neo-async-2.6.2.tgz 5531ms (cache miss)
2731 timing reifyNode:node_modules/neo-async Completed in 5815ms
2732 timing reifyNode:node_modules/fast-json-stringify Completed in 5814ms
2733 http fetch GET 200 https://registry.npmjs.org/js-yaml/-/js-yaml-4.2.0.tgz 5522ms (cache miss)
2734 timing reifyNode:node_modules/js-yaml Completed in 5819ms
2735 http fetch GET 200 https://registry.npmjs.org/markdown-it/-/markdown-it-13.0.2.tgz 5604ms (cache miss)
2736 timing reifyNode:node_modules/markdown-it Completed in 5894ms
2737 http fetch GET 200 https://registry.npmjs.org/@fastify/view/-/view-9.1.0.tgz 5450ms (cache miss)
2738 http fetch GET 200 https://registry.npmjs.org/@emnapi/core/-/core-1.10.0.tgz 5450ms (cache miss)
2739 timing reifyNode:node_modules/@fastify/view Completed in 5896ms
2740 timing reifyNode:node_modules/@emnapi/core Completed in 5897ms
2741 http fetch GET 200 https://registry.npmjs.org/db-errors/-/db-errors-0.2.3.tgz 5574ms (cache miss)
2742 http fetch GET 200 https://registry.npmjs.org/rimraf/-/rimraf-5.0.10.tgz 5715ms (cache miss)
2743 timing reifyNode:node_modules/db-errors Completed in 5959ms
2744 http fetch GET 200 https://registry.npmjs.org/minimatch 413ms (cache miss)
2745 timing metavuln:packument:minimatch Completed in 414ms
2746 timing metavuln:load:security-advisory:minimatch:8oOLS67XweNywiGNx5L+6SvNn2KB7xR8kOhhQW3y11e/1FIqzHMTjZdmNIIGBfwh+NAkZmQ+9Oj3YUp92LM3Wg== Completed in 2ms
2747 timing reifyNode:node_modules/rimraf Completed in 5987ms
2748 http fetch GET 200 https://registry.npmjs.org/@babel/parser/-/parser-7.29.7.tgz 5527ms (cache miss)
2749 http fetch GET 200 https://registry.npmjs.org/js-beautify/-/js-beautify-1.15.4.tgz 5692ms (cache miss)
2750 timing reifyNode:node_modules/js-beautify Completed in 5990ms
2751 http fetch GET 200 https://registry.npmjs.org/ajv-keywords/-/ajv-keywords-5.1.0.tgz 5583ms (cache miss)
2752 timing reifyNode:node_modules/@babel/parser Completed in 5980ms
2753 timing reifyNode:node_modules/ajv-keywords Completed in 5994ms
2754 timing metavuln:cache:put:security-advisory:minimatch:9FmmcEqjJRGCRuUzBFEiqiok0NjOw/tWkD+y2awREyXyxqdNEuADxLDQxc4ATHZIPNM0lGSQMLlWFH8q1XMpbQ== Completed in 59ms
2755 timing metavuln:calculate:security-advisory:minimatch:8oOLS67XweNywiGNx5L+6SvNn2KB7xR8kOhhQW3y11e/1FIqzHMTjZdmNIIGBfwh+NAkZmQ+9Oj3YUp92LM3Wg== Completed in 476ms
2756 timing metavuln:cache:get:security-advisory:minimatch:ueWD6Y8x//WNpXc6WXdFAw1nnMf8Paw4OTz+jDQb68kPQkvXeRtiI2z/3A8KuRnMz2j+Lj/ppxKd98LwDP8NFg== Completed in 3ms
2757 timing metavuln:load:security-advisory:minimatch:wDEbqWk4yLp9m7y1JKlfB/VOQdNxO6zv9mx3cQ5VptPHpE7Ova1G3NkU4hgGmOmyWoA3/1d/SEsb3LnkNTA35A== Completed in 1ms
2758 http fetch GET 200 https://registry.npmjs.org/@types/validator/-/validator-13.15.10.tgz 5667ms (cache miss)
2759 timing metavuln:cache:put:security-advisory:minimatch:ueWD6Y8x//WNpXc6WXdFAw1nnMf8Paw4OTz+jDQb68kPQkvXeRtiI2z/3A8KuRnMz2j+Lj/ppxKd98LwDP8NFg== Completed in 59ms
2760 timing metavuln:calculate:security-advisory:minimatch:wDEbqWk4yLp9m7y1JKlfB/VOQdNxO6zv9mx3cQ5VptPHpE7Ova1G3NkU4hgGmOmyWoA3/1d/SEsb3LnkNTA35A== Completed in 64ms
2761 timing reifyNode:node_modules/@types/validator Completed in 6095ms
2762 timing metavuln:cache:get:security-advisory:http-proxy-agent:Sjgcdi3KNx46lPAcvPjDvUYseDE8QeQwjwFhOT0x3Jbc510S0ZyAHXwRcn/9ytGyLhPcBzh4ZFlW/g9SIoHDDw== Completed in 6ms
2763 http fetch GET 200 https://registry.npmjs.org/vite/-/vite-8.0.16.tgz 5917ms (cache miss)
2764 timing reifyNode:node_modules/vite Completed in 6147ms
2765 http fetch GET 200 https://registry.npmjs.org/@fastify/static/-/static-7.0.4.tgz 5708ms (cache miss)
2766 timing reifyNode:node_modules/@fastify/static Completed in 6158ms
2767 http fetch GET 200 https://registry.npmjs.org/moment-timezone/-/moment-timezone-0.5.48.tgz 5890ms (cache miss)
2768 http fetch GET 200 https://registry.npmjs.org/resolve/-/resolve-1.22.12.tgz 5926ms (cache miss)
2769 timing reifyNode:node_modules/resolve Completed in 6184ms
2770 timing reifyNode:node_modules/moment-timezone Completed in 6185ms
2771 http fetch GET 200 https://registry.npmjs.org/terser/-/terser-5.48.0.tgz 6041ms (cache miss)
2772 timing reifyNode:node_modules/terser Completed in 6272ms
2773 http fetch GET 200 https://registry.npmjs.org/http-proxy-agent 162ms (cache miss)
2774 timing metavuln:packument:http-proxy-agent Completed in 162ms
2775 timing metavuln:load:security-advisory:http-proxy-agent:RyUbVwDER6hlZeLYzL19XqR+OGrI+BAaez0VsdQf9/WPYcnTOUHmTWbM2NvRheaH0Hyt6HiDsj5nc0Pl198ZCA== Completed in 1ms
2776 timing metavuln:cache:put:security-advisory:http-proxy-agent:Sjgcdi3KNx46lPAcvPjDvUYseDE8QeQwjwFhOT0x3Jbc510S0ZyAHXwRcn/9ytGyLhPcBzh4ZFlW/g9SIoHDDw== Completed in 53ms
2777 timing metavuln:calculate:security-advisory:http-proxy-agent:RyUbVwDER6hlZeLYzL19XqR+OGrI+BAaez0VsdQf9/WPYcnTOUHmTWbM2NvRheaH0Hyt6HiDsj5nc0Pl198ZCA== Completed in 218ms
2778 timing metavuln:cache:get:security-advisory:@fastify/ajv-compiler:RTCvVLH2w8E+kFKmZECJuM4clbsv1NSYVu+SAc1Y7Za10zNzg2OYDDmX/8w+3DJeY4Ij3FLlro91eDGbe+bTIg== Completed in 4ms
2779 timing metavuln:cache:get:security-advisory:fast-json-stringify:i3/qN7TCf13ynAB/S84+mwyE/qxdIaVJnrKDZpHGgFIuQCJ0Nuuf6jCpYPum0eV1EZrZ900Utp7TBwWWMyTJLA== Completed in 4ms
2780 http fetch GET 200 https://registry.npmjs.org/@types/node/-/node-20.19.41.tgz 5909ms (cache miss)
2781 http fetch GET 200 https://registry.npmjs.org/jquery/-/jquery-3.7.1.tgz 6040ms (cache miss)
2782 timing reifyNode:node_modules/jquery Completed in 6338ms
2783 timing reifyNode:node_modules/@types/node Completed in 6333ms
2784 http fetch GET 200 https://registry.npmjs.org/vitest/-/vitest-4.1.8.tgz 6141ms (cache miss)
2785 timing reifyNode:node_modules/vitest Completed in 6370ms
2786 http fetch GET 200 https://registry.npmjs.org/@vscode/sqlite3/-/sqlite3-5.1.2.tgz 5941ms (cache miss)
2787 http fetch GET 200 https://registry.npmjs.org/sqlite3/-/sqlite3-5.1.7.tgz 6124ms (cache miss)
2788 http fetch GET 200 https://registry.npmjs.org/@babel/runtime/-/runtime-7.29.7.tgz 5906ms (cache miss)
2789 timing reifyNode:node_modules/@babel/runtime Completed in 6355ms
2790 timing reifyNode:node_modules/sqlite3 Completed in 6380ms
2791 timing reifyNode:node_modules/@vscode/sqlite3 Completed in 6363ms
2792 http fetch GET 200 https://registry.npmjs.org/@fastify%2fajv-compiler 177ms (cache miss)
2793 timing metavuln:packument:@fastify/ajv-compiler Completed in 177ms
2794 timing metavuln:load:security-advisory:@fastify/ajv-compiler:fTTiMZspTWeoKOVqKU9Q0USuYqGMWJ+bjiecrY+1rBId3DQy+I4aUNOxjJ178zbbPFdPxnzDihrPXdDaH3rFRw== Completed in 0ms
2795 http fetch GET 200 https://registry.npmjs.org/fastify-cli/-/fastify-cli-6.3.0.tgz 6154ms (cache miss)
2796 http fetch GET 200 https://registry.npmjs.org/pino/-/pino-9.14.0.tgz 6256ms (cache miss)
2797 timing reifyNode:node_modules/fastify-cli Completed in 6522ms
2798 timing reifyNode:node_modules/pino Completed in 6538ms
2799 http fetch GET 200 https://registry.npmjs.org/validator/-/validator-13.15.35.tgz 6328ms (cache miss)
2800 timing reifyNode:node_modules/validator Completed in 6548ms
2801 timing metavuln:cache:put:security-advisory:@fastify/ajv-compiler:RTCvVLH2w8E+kFKmZECJuM4clbsv1NSYVu+SAc1Y7Za10zNzg2OYDDmX/8w+3DJeY4Ij3FLlro91eDGbe+bTIg== Completed in 50ms
2802 timing metavuln:calculate:security-advisory:@fastify/ajv-compiler:fTTiMZspTWeoKOVqKU9Q0USuYqGMWJ+bjiecrY+1rBId3DQy+I4aUNOxjJ178zbbPFdPxnzDihrPXdDaH3rFRw== Completed in 227ms
2803 http fetch GET 200 https://registry.npmjs.org/node-gyp/-/node-gyp-9.4.1.tgz 6283ms (cache miss)
2804 http fetch GET 200 https://registry.npmjs.org/node-gyp/-/node-gyp-8.4.1.tgz 6091ms (cache miss)
2805 timing reifyNode:node_modules/node-gyp Completed in 6573ms
2806 timing reifyNode:node_modules/sqlite3/node_modules/node-gyp Completed in 6580ms
2807 http fetch GET 200 https://registry.npmjs.org/objection/-/objection-3.1.5.tgz 6306ms (cache miss)
2808 timing reifyNode:node_modules/objection Completed in 6588ms
2809 http fetch GET 200 https://registry.npmjs.org/fast-json-stringify 267ms (cache miss)
2810 timing metavuln:packument:fast-json-stringify Completed in 270ms
2811 timing metavuln:load:security-advisory:fast-json-stringify:fTTiMZspTWeoKOVqKU9Q0USuYqGMWJ+bjiecrY+1rBId3DQy+I4aUNOxjJ178zbbPFdPxnzDihrPXdDaH3rFRw== Completed in 0ms
2812 timing metavuln:cache:put:security-advisory:fast-json-stringify:i3/qN7TCf13ynAB/S84+mwyE/qxdIaVJnrKDZpHGgFIuQCJ0Nuuf6jCpYPum0eV1EZrZ900Utp7TBwWWMyTJLA== Completed in 30ms
2813 timing metavuln:calculate:security-advisory:fast-json-stringify:fTTiMZspTWeoKOVqKU9Q0USuYqGMWJ+bjiecrY+1rBId3DQy+I4aUNOxjJ178zbbPFdPxnzDihrPXdDaH3rFRw== Completed in 300ms
2814 timing metavuln:cache:get:security-advisory:ajv:zgTzAZYid7U4NqXLOKixfdk8vOcaJa2BtJWucrjZR6Om49M5BKB8mawHHoumWimHznsD/JuRctCAn0s76p6sDA== Completed in 2ms
2815 http fetch GET 200 https://registry.npmjs.org/knex/-/knex-3.2.10.tgz 6353ms (cache miss)
2816 timing reifyNode:node_modules/knex Completed in 6649ms
2817 http fetch GET 200 https://registry.npmjs.org/knex/-/knex-2.5.1.tgz 6190ms (cache miss)
2818 timing reifyNode:node_modules/fastify-objectionjs/node_modules/knex Completed in 6681ms
2819 http fetch GET 200 https://registry.npmjs.org/@napi-rs/wasm-runtime/-/wasm-runtime-1.1.4.tgz 6294ms (cache miss)
2820 timing reifyNode:node_modules/@napi-rs/wasm-runtime Completed in 6729ms
2821 http fetch GET 200 https://registry.npmjs.org/@popperjs/core/-/core-2.11.8.tgz 6317ms (cache miss)
2822 timing reifyNode:node_modules/@popperjs/core Completed in 6753ms
2823 http fetch GET 200 https://registry.npmjs.org/@babel/types/-/types-7.29.7.tgz 6341ms (cache miss)
2824 timing reifyNode:node_modules/@babel/types Completed in 6787ms
2825 http fetch GET 200 https://registry.npmjs.org/ajv 284ms (cache miss)
2826 timing metavuln:packument:ajv Completed in 285ms
2827 timing metavuln:load:security-advisory:ajv:5tWf/2F3oSWWqD4tNlM8UnT48bBXTuxzL4RXyhSzco0q9ah5Uf8FT8B+R1B3zzPpBEvBRtxaq8Up076jybNs6w== Completed in 2ms
2828 timing metavuln:cache:put:security-advisory:ajv:zgTzAZYid7U4NqXLOKixfdk8vOcaJa2BtJWucrjZR6Om49M5BKB8mawHHoumWimHznsD/JuRctCAn0s76p6sDA== Completed in 23ms
2829 timing metavuln:calculate:security-advisory:ajv:5tWf/2F3oSWWqD4tNlM8UnT48bBXTuxzL4RXyhSzco0q9ah5Uf8FT8B+R1B3zzPpBEvBRtxaq8Up076jybNs6w== Completed in 310ms
2830 timing metavuln:cache:get:security-advisory:youch:GCj7wAVwXmpdpHsZ3FBltk4ddq703nJZceXkq77o3f+gaNLubEhWMdGOuTbsQUIPAj4PXvzoyIJlnaLab4wWyA== Completed in 1ms
2831 http fetch GET 200 https://registry.npmjs.org/fastify/-/fastify-4.29.1.tgz 6634ms (cache miss)
2832 timing reifyNode:node_modules/fastify Completed in 6999ms
2833 http fetch GET 200 https://registry.npmjs.org/ajv/-/ajv-8.20.0.tgz 6660ms (cache miss)
2834 timing reifyNode:node_modules/ajv Completed in 7066ms
2835 http fetch GET 200 https://registry.npmjs.org/lightningcss-linux-arm64-gnu/-/lightningcss-linux-arm64-gnu-1.32.0.tgz 6786ms (cache miss)
2836 timing reifyNode:node_modules/lightningcss-linux-arm64-gnu Completed in 7081ms
2837 http fetch GET 200 https://registry.npmjs.org/lightningcss-linux-arm64-musl/-/lightningcss-linux-arm64-musl-1.32.0.tgz 6781ms (cache miss)
2838 timing reifyNode:node_modules/lightningcss-linux-arm64-musl Completed in 7089ms
2839 http fetch GET 200 https://registry.npmjs.org/youch 166ms (cache miss)
2840 timing metavuln:packument:youch Completed in 167ms
2841 timing metavuln:load:security-advisory:youch:EFt7h/FZLeopARa06+F2CBY5ItUm007mP/cHgZjTJZX1MeIwg3JD7toSioRoDeE8wm5VdkimqlS+CnuPhZqbIg== Completed in 1ms
2842 http fetch GET 200 https://registry.npmjs.org/sequelize/-/sequelize-6.37.8.tgz 6862ms (cache miss)
2843 timing reifyNode:node_modules/sequelize Completed in 7114ms
2844 timing metavuln:cache:put:security-advisory:youch:GCj7wAVwXmpdpHsZ3FBltk4ddq703nJZceXkq77o3f+gaNLubEhWMdGOuTbsQUIPAj4PXvzoyIJlnaLab4wWyA== Completed in 17ms
2845 timing metavuln:calculate:security-advisory:youch:EFt7h/FZLeopARa06+F2CBY5ItUm007mP/cHgZjTJZX1MeIwg3JD7toSioRoDeE8wm5VdkimqlS+CnuPhZqbIg== Completed in 185ms
2846 timing metavuln:cache:get:security-advisory:fastify-cli:QaslBeMuAEoSjIJGc7+wAYc4T7XpFaCnbJI8/c0a2JIyJvbwAad9SK12c7/eNgGCnrx8g4UQ77MsJaZXoAIODA== Completed in 3ms
2847 http fetch GET 200 https://registry.npmjs.org/npm-check-updates/-/npm-check-updates-16.14.20.tgz 6946ms (cache miss)
2848 timing reifyNode:node_modules/npm-check-updates Completed in 7233ms
2849 http fetch GET 200 https://registry.npmjs.org/moment/-/moment-2.30.1.tgz 7063ms (cache miss)
2850 http fetch GET 200 https://registry.npmjs.org/bootstrap/-/bootstrap-5.3.8.tgz 6951ms (cache miss)
2851 timing reifyNode:node_modules/moment Completed in 7350ms
2852 timing reifyNode:node_modules/bootstrap Completed in 7340ms
2853 http fetch GET 200 https://registry.npmjs.org/lodash/-/lodash-4.18.1.tgz 7192ms (cache miss)
2854 timing reifyNode:node_modules/lodash Completed in 7487ms
2855 http fetch GET 200 https://registry.npmjs.org/caniuse-lite/-/caniuse-lite-1.0.30001793.tgz 7104ms (cache miss)
2856 timing reifyNode:node_modules/caniuse-lite Completed in 7488ms
2857 http fetch GET 200 https://registry.npmjs.org/webpack/-/webpack-5.107.2.tgz 7378ms (cache miss)
2858 timing reifyNode:node_modules/webpack Completed in 7596ms
2859 http fetch GET 200 https://registry.npmjs.org/fastify-cli 473ms (cache miss)
2860 timing metavuln:packument:fastify-cli Completed in 474ms
2861 timing metavuln:load:security-advisory:fastify-cli:5OdrwYv5Xzq+rI3bchsuaHIz85Yyo5gTdhOrQGf2Em7pRhXXR2ur0R7W7qQ6UpWsSxuRBW8Fdp57dyqUhR5/yw== Completed in 9ms
2862 timing metavuln:cache:put:security-advisory:fastify-cli:QaslBeMuAEoSjIJGc7+wAYc4T7XpFaCnbJI8/c0a2JIyJvbwAad9SK12c7/eNgGCnrx8g4UQ77MsJaZXoAIODA== Completed in 8ms
2863 timing metavuln:calculate:security-advisory:fastify-cli:5OdrwYv5Xzq+rI3bchsuaHIz85Yyo5gTdhOrQGf2Em7pRhXXR2ur0R7W7qQ6UpWsSxuRBW8Fdp57dyqUhR5/yw== Completed in 491ms
2864 timing metavuln:cache:get:security-advisory:fastify:Upg+0E5yUqJ4heE4SgOxTlxa1vfBGw41Gk81vguPTh44TF4zvFmYxs2v0BeduSwyKkI4L1eUovQ1pgh00sCl7Q== Completed in 1ms
2865 timing metavuln:load:security-advisory:fastify:+YpghwLI6PUIyWp8XHl8sipi8orFgC/bXvA8UTBhSVgt6QefqkNEXuSkTqpzFKftATFLq+TrCW8XYCm94wIjQA== Completed in 8ms
2866 timing metavuln:cache:put:security-advisory:fastify:Upg+0E5yUqJ4heE4SgOxTlxa1vfBGw41Gk81vguPTh44TF4zvFmYxs2v0BeduSwyKkI4L1eUovQ1pgh00sCl7Q== Completed in 7ms
2867 timing metavuln:calculate:security-advisory:fastify:+YpghwLI6PUIyWp8XHl8sipi8orFgC/bXvA8UTBhSVgt6QefqkNEXuSkTqpzFKftATFLq+TrCW8XYCm94wIjQA== Completed in 17ms
2868 timing metavuln:cache:get:security-advisory:npm-check-updates:Zm5Cq+L7ckOec0EkUcYO3s4uiRW6rSs41sdGz18ifysKUfa7MxAP0afqB/noTuxaJj7Dy/EkR5UwbtGRMKay4A== Completed in 1ms
2869 timing metavuln:cache:get:security-advisory:rc-config-loader:gmsZcivSO245F/pkJhF+P5hB5KLZRBjER7RvCwxQQcgdO7VseNYySezmj9XoDNgI1xwC8ox0BPZTjt+Zw5PRYw== Completed in 1ms
2870 http fetch GET 200 https://registry.npmjs.org/sodium-native/-/sodium-native-4.3.3.tgz 7477ms (cache miss)
2871 timing reifyNode:node_modules/sodium-native Completed in 7718ms
2872 http fetch GET 200 https://registry.npmjs.org/rc-config-loader 96ms (cache miss)
2873 timing metavuln:packument:rc-config-loader Completed in 97ms
2874 timing metavuln:load:security-advisory:rc-config-loader:4JRmIWaw7t9g2nj2coc/knMKSpUTTvf6gd7QGFDejryJnGjc+YeBUVzshR5afcQZnuPyYGRjBRxydkQEqdhtbQ== Completed in 0ms
2875 timing metavuln:cache:put:security-advisory:rc-config-loader:gmsZcivSO245F/pkJhF+P5hB5KLZRBjER7RvCwxQQcgdO7VseNYySezmj9XoDNgI1xwC8ox0BPZTjt+Zw5PRYw== Completed in 7ms
2876 timing metavuln:calculate:security-advisory:rc-config-loader:4JRmIWaw7t9g2nj2coc/knMKSpUTTvf6gd7QGFDejryJnGjc+YeBUVzshR5afcQZnuPyYGRjBRxydkQEqdhtbQ== Completed in 104ms
2877 http fetch GET 200 https://registry.npmjs.org/npm-check-updates 232ms (cache miss)
2878 timing metavuln:packument:npm-check-updates Completed in 237ms
2879 timing metavuln:load:security-advisory:npm-check-updates:4JRmIWaw7t9g2nj2coc/knMKSpUTTvf6gd7QGFDejryJnGjc+YeBUVzshR5afcQZnuPyYGRjBRxydkQEqdhtbQ== Completed in 2ms
2880 timing metavuln:cache:put:security-advisory:npm-check-updates:Zm5Cq+L7ckOec0EkUcYO3s4uiRW6rSs41sdGz18ifysKUfa7MxAP0afqB/noTuxaJj7Dy/EkR5UwbtGRMKay4A== Completed in 7ms
2881 timing metavuln:calculate:security-advisory:npm-check-updates:4JRmIWaw7t9g2nj2coc/knMKSpUTTvf6gd7QGFDejryJnGjc+YeBUVzshR5afcQZnuPyYGRjBRxydkQEqdhtbQ== Completed in 246ms
2882 timing metavuln:cache:get:security-advisory:markdown-it:3xmbI+mngADH7Q+nEJ0yCgnwBGeIYmZIvCK2t6zbJLBv85Yz8bzXvTfmpaXjqagNvZc3O3o88iUIMjtcoFFvXA== Completed in 1ms
2883 timing metavuln:load:security-advisory:markdown-it:7/w4Aok6/6mHGmv2Uc4svaXHiXUk97svBQl+ENxsN59mRMVAweX/V/Md1OXchNwbfAGlwCUI/sKdB9GYZMICzw== Completed in 1ms
2884 timing metavuln:cache:put:security-advisory:markdown-it:3xmbI+mngADH7Q+nEJ0yCgnwBGeIYmZIvCK2t6zbJLBv85Yz8bzXvTfmpaXjqagNvZc3O3o88iUIMjtcoFFvXA== Completed in 5ms
2885 timing metavuln:calculate:security-advisory:markdown-it:7/w4Aok6/6mHGmv2Uc4svaXHiXUk97svBQl+ENxsN59mRMVAweX/V/Md1OXchNwbfAGlwCUI/sKdB9GYZMICzw== Completed in 7ms
2886 timing metavuln:cache:get:security-advisory:jstransformer-markdown-it:QXbZ4xCbTC6gBpBNs7H/EvXk3F9ngURxnQlVqozhkTTei6TWNS+vuhLPZxwRHAMYkAOq4rwyeVSqGY5oqeI7cw== Completed in 0ms
2887 http fetch GET 200 https://registry.npmjs.org/rxjs/-/rxjs-7.8.2.tgz 7802ms (cache miss)
2888 timing reifyNode:node_modules/rxjs Completed in 8055ms
2889 http fetch GET 200 https://registry.npmjs.org/jstransformer-markdown-it 247ms (cache miss)
2890 timing metavuln:packument:jstransformer-markdown-it Completed in 247ms
2891 timing metavuln:load:security-advisory:jstransformer-markdown-it:745Vt4mrHCdT8gFHVh7oHROmP4aH4fErXXhbpeVBhtIHmsxTVI7P3rJSdfXZ1iZTBS6GEnTERL4OWUfc4Co9jQ== Completed in 0ms
2892 timing metavuln:cache:put:security-advisory:jstransformer-markdown-it:QXbZ4xCbTC6gBpBNs7H/EvXk3F9ngURxnQlVqozhkTTei6TWNS+vuhLPZxwRHAMYkAOq4rwyeVSqGY5oqeI7cw== Completed in 3ms
2893 timing metavuln:calculate:security-advisory:jstransformer-markdown-it:745Vt4mrHCdT8gFHVh7oHROmP4aH4fErXXhbpeVBhtIHmsxTVI7P3rJSdfXZ1iZTBS6GEnTERL4OWUfc4Co9jQ== Completed in 251ms
2894 timing metavuln:cache:get:security-advisory:css-loader:XHPH7bbL9kQ7mn87o20PK1p4eCjk13CaRPIze4HfznTb9bY5Vmm4ME/hSfnU9Ver9tO6NfmsiD772STtqZEu9w== Completed in 2ms
2895 timing metavuln:cache:get:security-advisory:icss-utils:YQrDJ0tXVnA/+X/ZxpukW/Lx3CwFTrG8XyyUMSKX3zzGTe0Y6/bRp8quQPZ/4nKbFqtLinYhgGh78VCLRkQGwA== Completed in 2ms
2896 timing metavuln:cache:get:security-advisory:postcss-modules-local-by-default:NuEQfXd/S5J/0iYmJ+8VUvughylpp8b+yMwLYFE94N4lUORq2pgJVBhSVzqAs0VH4uQLUqtOF1ryGAJEveR0Nw== Completed in 2ms
2897 timing metavuln:cache:get:security-advisory:postcss-modules-extract-imports:GEzvNHbz8HGLtibhL9ypZOm28mmTAz2eUkSktGEE3FTudrWKNia6jP9FtLepUKjrBKAHbWoexCUmgwn4xYTb3g== Completed in 2ms
2898 timing metavuln:cache:get:security-advisory:postcss-modules-values:ZOvm1kPzIacoMyU31nJj49Q3Y89WHeG7aQ2/VXbAmYRfu8tHjmewOV1UK/dGaOMflDrBg/yYaEZYEjw69BFZPw== Completed in 1ms
2899 timing metavuln:cache:get:security-advisory:vite:pm+TrJNwujLvDg8sVw2Ry9PJhjkcoBy8JKAoBKTRZjJFNYUVfVCg1N5bIWDjny8x1kiymsh8o2RF9uvMh5+tvA== Completed in 1ms
2900 timing metavuln:cache:get:security-advisory:postcss-modules-scope:7pGTOYKa38391yEajdNGhMzRt9b742zlTMeZssmVs32R4pfSHNqqeU4JrRiw4ar7vMkjb0MkK3q8fqD8szruYA== Completed in 1ms
2901 http fetch GET 200 https://registry.npmjs.org/better-sqlite3/-/better-sqlite3-12.10.0.tgz 7752ms (cache miss)
2902 timing reifyNode:node_modules/better-sqlite3 Completed in 8138ms
2903 http fetch GET 200 https://registry.npmjs.org/postcss-modules-values 88ms (cache miss)
2904 timing metavuln:packument:postcss-modules-values Completed in 88ms
2905 timing metavuln:load:security-advisory:postcss-modules-values:o0q0EDh/c/yXO8mW7onxyfY8gGQ+yllv0PybMT2eaE76E/1OkdcEp4nbyN5c17b8FHTbrA+h3QdVSYn/qLhRng== Completed in 2ms
2906 http fetch GET 200 https://registry.npmjs.org/postcss-modules-extract-imports 92ms (cache miss)
2907 timing metavuln:packument:postcss-modules-extract-imports Completed in 92ms
2908 timing metavuln:load:security-advisory:postcss-modules-extract-imports:o0q0EDh/c/yXO8mW7onxyfY8gGQ+yllv0PybMT2eaE76E/1OkdcEp4nbyN5c17b8FHTbrA+h3QdVSYn/qLhRng== Completed in 1ms
2909 timing metavuln:cache:put:security-advisory:postcss-modules-values:ZOvm1kPzIacoMyU31nJj49Q3Y89WHeG7aQ2/VXbAmYRfu8tHjmewOV1UK/dGaOMflDrBg/yYaEZYEjw69BFZPw== Completed in 9ms
2910 timing metavuln:calculate:security-advisory:postcss-modules-values:o0q0EDh/c/yXO8mW7onxyfY8gGQ+yllv0PybMT2eaE76E/1OkdcEp4nbyN5c17b8FHTbrA+h3QdVSYn/qLhRng== Completed in 99ms
2911 timing metavuln:cache:put:security-advisory:postcss-modules-extract-imports:GEzvNHbz8HGLtibhL9ypZOm28mmTAz2eUkSktGEE3FTudrWKNia6jP9FtLepUKjrBKAHbWoexCUmgwn4xYTb3g== Completed in 8ms
2912 timing metavuln:calculate:security-advisory:postcss-modules-extract-imports:o0q0EDh/c/yXO8mW7onxyfY8gGQ+yllv0PybMT2eaE76E/1OkdcEp4nbyN5c17b8FHTbrA+h3QdVSYn/qLhRng== Completed in 101ms
2913 http fetch GET 200 https://registry.npmjs.org/icss-utils 103ms (cache miss)
2914 timing metavuln:packument:icss-utils Completed in 103ms
2915 timing metavuln:load:security-advisory:icss-utils:o0q0EDh/c/yXO8mW7onxyfY8gGQ+yllv0PybMT2eaE76E/1OkdcEp4nbyN5c17b8FHTbrA+h3QdVSYn/qLhRng== Completed in 1ms
2916 http fetch GET 200 https://registry.npmjs.org/postcss-modules-scope 106ms (cache miss)
2917 timing metavuln:packument:postcss-modules-scope Completed in 106ms
2918 timing metavuln:load:security-advisory:postcss-modules-scope:o0q0EDh/c/yXO8mW7onxyfY8gGQ+yllv0PybMT2eaE76E/1OkdcEp4nbyN5c17b8FHTbrA+h3QdVSYn/qLhRng== Completed in 1ms
2919 timing metavuln:cache:put:security-advisory:icss-utils:YQrDJ0tXVnA/+X/ZxpukW/Lx3CwFTrG8XyyUMSKX3zzGTe0Y6/bRp8quQPZ/4nKbFqtLinYhgGh78VCLRkQGwA== Completed in 7ms
2920 timing metavuln:calculate:security-advisory:icss-utils:o0q0EDh/c/yXO8mW7onxyfY8gGQ+yllv0PybMT2eaE76E/1OkdcEp4nbyN5c17b8FHTbrA+h3QdVSYn/qLhRng== Completed in 111ms
2921 timing metavuln:cache:put:security-advisory:postcss-modules-scope:7pGTOYKa38391yEajdNGhMzRt9b742zlTMeZssmVs32R4pfSHNqqeU4JrRiw4ar7vMkjb0MkK3q8fqD8szruYA== Completed in 6ms
2922 timing metavuln:calculate:security-advisory:postcss-modules-scope:o0q0EDh/c/yXO8mW7onxyfY8gGQ+yllv0PybMT2eaE76E/1OkdcEp4nbyN5c17b8FHTbrA+h3QdVSYn/qLhRng== Completed in 114ms
2923 http fetch GET 200 https://registry.npmjs.org/postcss-modules-local-by-default 121ms (cache miss)
2924 timing metavuln:packument:postcss-modules-local-by-default Completed in 123ms
2925 timing metavuln:load:security-advisory:postcss-modules-local-by-default:o0q0EDh/c/yXO8mW7onxyfY8gGQ+yllv0PybMT2eaE76E/1OkdcEp4nbyN5c17b8FHTbrA+h3QdVSYn/qLhRng== Completed in 0ms
2926 timing metavuln:cache:put:security-advisory:postcss-modules-local-by-default:NuEQfXd/S5J/0iYmJ+8VUvughylpp8b+yMwLYFE94N4lUORq2pgJVBhSVzqAs0VH4uQLUqtOF1ryGAJEveR0Nw== Completed in 5ms
2927 timing metavuln:calculate:security-advisory:postcss-modules-local-by-default:o0q0EDh/c/yXO8mW7onxyfY8gGQ+yllv0PybMT2eaE76E/1OkdcEp4nbyN5c17b8FHTbrA+h3QdVSYn/qLhRng== Completed in 128ms
2928 http fetch GET 200 https://registry.npmjs.org/@biomejs/cli-linux-arm64/-/cli-linux-arm64-2.4.16.tgz 7821ms (cache miss)
2929 timing reifyNode:node_modules/@biomejs/cli-linux-arm64 Completed in 8266ms
2930 http fetch GET 200 https://registry.npmjs.org/css-loader 314ms (cache miss)
2931 timing metavuln:packument:css-loader Completed in 315ms
2932 timing metavuln:load:security-advisory:css-loader:o0q0EDh/c/yXO8mW7onxyfY8gGQ+yllv0PybMT2eaE76E/1OkdcEp4nbyN5c17b8FHTbrA+h3QdVSYn/qLhRng== Completed in 6ms
2933 timing metavuln:cache:put:security-advisory:css-loader:XHPH7bbL9kQ7mn87o20PK1p4eCjk13CaRPIze4HfznTb9bY5Vmm4ME/hSfnU9Ver9tO6NfmsiD772STtqZEu9w== Completed in 5ms
2934 timing metavuln:calculate:security-advisory:css-loader:o0q0EDh/c/yXO8mW7onxyfY8gGQ+yllv0PybMT2eaE76E/1OkdcEp4nbyN5c17b8FHTbrA+h3QdVSYn/qLhRng== Completed in 326ms
2935 http fetch GET 200 https://registry.npmjs.org/vite 608ms (cache miss)
2936 timing metavuln:packument:vite Completed in 616ms
2937 timing metavuln:load:security-advisory:vite:o0q0EDh/c/yXO8mW7onxyfY8gGQ+yllv0PybMT2eaE76E/1OkdcEp4nbyN5c17b8FHTbrA+h3QdVSYn/qLhRng== Completed in 18ms
2938 timing metavuln:cache:put:security-advisory:vite:pm+TrJNwujLvDg8sVw2Ry9PJhjkcoBy8JKAoBKTRZjJFNYUVfVCg1N5bIWDjny8x1kiymsh8o2RF9uvMh5+tvA== Completed in 6ms
2939 timing metavuln:calculate:security-advisory:vite:o0q0EDh/c/yXO8mW7onxyfY8gGQ+yllv0PybMT2eaE76E/1OkdcEp4nbyN5c17b8FHTbrA+h3QdVSYn/qLhRng== Completed in 640ms
2940 timing metavuln:cache:get:security-advisory:concurrently:dJj3TAgQoTxT8LnlMR7zyCquLQhf5p/nDHoglVWDSVswkUAKhrPqGG994qwq4oNpBWXQpmvK7vcmaDp31YB1Qw== Completed in 1ms
2941 http fetch GET 200 https://registry.npmjs.org/concurrently 101ms (cache miss)
2942 timing metavuln:packument:concurrently Completed in 101ms
2943 timing metavuln:load:security-advisory:concurrently:gWuMLxJrdB5cYYnXmLuPYjWBh9v3T6mAs/1n90qstizAjUwF6JtEegc7pxpOH6qZDJP592oeHHx4biyk4QlJHg== Completed in 1ms
2944 timing metavuln:cache:put:security-advisory:concurrently:dJj3TAgQoTxT8LnlMR7zyCquLQhf5p/nDHoglVWDSVswkUAKhrPqGG994qwq4oNpBWXQpmvK7vcmaDp31YB1Qw== Completed in 8ms
2945 timing metavuln:calculate:security-advisory:concurrently:gWuMLxJrdB5cYYnXmLuPYjWBh9v3T6mAs/1n90qstizAjUwF6JtEegc7pxpOH6qZDJP592oeHHx4biyk4QlJHg== Completed in 110ms
2946 timing metavuln:cache:get:security-advisory:pacote:HwK9Osim5eGF5I34v/XFoJLQ75UbhxXLcdhboc/sdf7kBSFhxIzy/iVH3ATsQhK3y2oS/JpMEfg7ow2FLkXtPw== Completed in 2ms
2947 http fetch GET 200 https://registry.npmjs.org/pacote 301ms (cache miss)
2948 timing metavuln:packument:pacote Completed in 302ms
2949 timing metavuln:load:security-advisory:pacote:skzVwsWYa8zuQ7SA5ICFpsE0xnM0OG7fX/J/DEdN8ubKUINIpvS+u8ACU9GH/TPzcgMZklLVWP1xJFTqFcWQFw== Completed in 2ms
2950 timing metavuln:cache:put:security-advisory:pacote:HwK9Osim5eGF5I34v/XFoJLQ75UbhxXLcdhboc/sdf7kBSFhxIzy/iVH3ATsQhK3y2oS/JpMEfg7ow2FLkXtPw== Completed in 4ms
2951 timing metavuln:calculate:security-advisory:pacote:skzVwsWYa8zuQ7SA5ICFpsE0xnM0OG7fX/J/DEdN8ubKUINIpvS+u8ACU9GH/TPzcgMZklLVWP1xJFTqFcWQFw== Completed in 308ms
2952 timing metavuln:cache:get:security-advisory:cacache:xvJIWB5/FY/DmZpxvmgqyq49qJv5ggEb6QVj3OY5ousoMlm27iLo5bVkFK9lSFNIWe3eU5heX0nWjs8DbT01mg== Completed in 1ms
2953 timing metavuln:cache:get:security-advisory:node-gyp:l/WeQkAPWJ0/mHENc58u9JNvnzqgqXWhnfEbUs8zhmL1UmoofkwGw4482B1GnFfApFQ5hXpUDaLf7UIPw6jpww== Completed in 1ms
2954 timing metavuln:cache:get:security-advisory:pacote:YEGC2tr63UMpFVgVz0cNuFV3bU8S49mLN9fSXNf8TSeZFIG2IIlfze6ewtj1AcnmZfEVnbmO+QJdA95V6mwuNA== Completed in 1ms
2955 timing metavuln:load:security-advisory:pacote:qPQeYPFDBIedTWfYK3sbnScF6Ha7ouTs+wgndnz4PT5P+/K+GBD4epoPcYpXlu6AC7gSJlCJTJeuKbYAFoK9PA== Completed in 5ms
2956 timing metavuln:cache:get:security-advisory:sqlite3:d9OlV91FQiPngyARVJjb2c1N1Zd+BlUG/6hW/AboVLzuuz9zlq5RBmHPTvImBXKQlYn4hJ5/GOcjonk0bZFabg== Completed in 6ms
2957 timing metavuln:cache:put:security-advisory:pacote:YEGC2tr63UMpFVgVz0cNuFV3bU8S49mLN9fSXNf8TSeZFIG2IIlfze6ewtj1AcnmZfEVnbmO+QJdA95V6mwuNA== Completed in 6ms
2958 timing metavuln:calculate:security-advisory:pacote:qPQeYPFDBIedTWfYK3sbnScF6Ha7ouTs+wgndnz4PT5P+/K+GBD4epoPcYpXlu6AC7gSJlCJTJeuKbYAFoK9PA== Completed in 12ms
2959 http fetch GET 200 https://registry.npmjs.org/sqlite3 110ms (cache miss)
2960 timing metavuln:packument:sqlite3 Completed in 111ms
2961 timing metavuln:load:security-advisory:sqlite3:qPQeYPFDBIedTWfYK3sbnScF6Ha7ouTs+wgndnz4PT5P+/K+GBD4epoPcYpXlu6AC7gSJlCJTJeuKbYAFoK9PA== Completed in 1ms
2962 timing metavuln:cache:put:security-advisory:sqlite3:d9OlV91FQiPngyARVJjb2c1N1Zd+BlUG/6hW/AboVLzuuz9zlq5RBmHPTvImBXKQlYn4hJ5/GOcjonk0bZFabg== Completed in 4ms
2963 timing metavuln:calculate:security-advisory:sqlite3:qPQeYPFDBIedTWfYK3sbnScF6Ha7ouTs+wgndnz4PT5P+/K+GBD4epoPcYpXlu6AC7gSJlCJTJeuKbYAFoK9PA== Completed in 116ms
2964 http fetch GET 200 https://registry.npmjs.org/node-gyp 119ms (cache miss)
2965 timing metavuln:packument:node-gyp Completed in 120ms
2966 timing metavuln:load:security-advisory:node-gyp:qPQeYPFDBIedTWfYK3sbnScF6Ha7ouTs+wgndnz4PT5P+/K+GBD4epoPcYpXlu6AC7gSJlCJTJeuKbYAFoK9PA== Completed in 3ms
2967 timing metavuln:cache:put:security-advisory:node-gyp:l/WeQkAPWJ0/mHENc58u9JNvnzqgqXWhnfEbUs8zhmL1UmoofkwGw4482B1GnFfApFQ5hXpUDaLf7UIPw6jpww== Completed in 8ms
2968 timing metavuln:calculate:security-advisory:node-gyp:qPQeYPFDBIedTWfYK3sbnScF6Ha7ouTs+wgndnz4PT5P+/K+GBD4epoPcYpXlu6AC7gSJlCJTJeuKbYAFoK9PA== Completed in 131ms
2969 http fetch GET 200 https://registry.npmjs.org/cacache 131ms (cache miss)
2970 timing metavuln:packument:cacache Completed in 132ms
2971 timing metavuln:load:security-advisory:cacache:qPQeYPFDBIedTWfYK3sbnScF6Ha7ouTs+wgndnz4PT5P+/K+GBD4epoPcYpXlu6AC7gSJlCJTJeuKbYAFoK9PA== Completed in 1ms
2972 timing metavuln:cache:put:security-advisory:cacache:xvJIWB5/FY/DmZpxvmgqyq49qJv5ggEb6QVj3OY5ousoMlm27iLo5bVkFK9lSFNIWe3eU5heX0nWjs8DbT01mg== Completed in 9ms
2973 timing metavuln:calculate:security-advisory:cacache:qPQeYPFDBIedTWfYK3sbnScF6Ha7ouTs+wgndnz4PT5P+/K+GBD4epoPcYpXlu6AC7gSJlCJTJeuKbYAFoK9PA== Completed in 142ms
2974 timing metavuln:cache:get:security-advisory:sequelize:FYBoHQX+it6POas5dOU2r5Ay1UVECdSHWc53rj7FSJlLWRuPXvHa04vp2iiMDQQeJNqMQjjQIdu5qpdHI534nw== Completed in 1ms
2975 http fetch GET 200 https://registry.npmjs.org/sequelize 143ms (cache miss)
2976 timing metavuln:packument:sequelize Completed in 155ms
2977 timing metavuln:load:security-advisory:sequelize:fjKShcKspemxj7050oTyq4F6Ys6oXOzZoO3QUapp6PgJCcrmTMbXQaxkcJ1QLLNHzsQ9sgLuhrlezjv+hoSUhg== Completed in 7ms
2978 timing metavuln:cache:put:security-advisory:sequelize:FYBoHQX+it6POas5dOU2r5Ay1UVECdSHWc53rj7FSJlLWRuPXvHa04vp2iiMDQQeJNqMQjjQIdu5qpdHI534nw== Completed in 9ms
2979 timing metavuln:calculate:security-advisory:sequelize:fjKShcKspemxj7050oTyq4F6Ys6oXOzZoO3QUapp6PgJCcrmTMbXQaxkcJ1QLLNHzsQ9sgLuhrlezjv+hoSUhg== Completed in 172ms
2980 timing metavuln:cache:get:security-advisory:make-fetch-happen:gaTnfO+WYeXu2geuOhR3ibMOUg+yrRKeQuHeBpv3XykfZx9BLv6XY6eJg1pUKO4R3hqIlQu3aj+/JM1PlmKnZQ== Completed in 1ms
2981 http fetch GET 200 https://registry.npmjs.org/make-fetch-happen 191ms (cache miss)
2982 timing metavuln:packument:make-fetch-happen Completed in 192ms
2983 timing metavuln:load:security-advisory:make-fetch-happen:Sjgcdi3KNx46lPAcvPjDvUYseDE8QeQwjwFhOT0x3Jbc510S0ZyAHXwRcn/9ytGyLhPcBzh4ZFlW/g9SIoHDDw== Completed in 1ms
2984 timing metavuln:cache:put:security-advisory:make-fetch-happen:gaTnfO+WYeXu2geuOhR3ibMOUg+yrRKeQuHeBpv3XykfZx9BLv6XY6eJg1pUKO4R3hqIlQu3aj+/JM1PlmKnZQ== Completed in 9ms
2985 timing metavuln:calculate:security-advisory:make-fetch-happen:Sjgcdi3KNx46lPAcvPjDvUYseDE8QeQwjwFhOT0x3Jbc510S0ZyAHXwRcn/9ytGyLhPcBzh4ZFlW/g9SIoHDDw== Completed in 202ms
2986 timing metavuln:cache:get:security-advisory:fastify-error-page:jFLobgupm1ygdOxTlUvCIArNYaFGGKBaaLAoJ8OKqbKNtBGSdJkKNTpzczRFYEIoK/2FzNs3+s9I4+12F+M70A== Completed in 1ms
2987 http fetch GET 200 https://registry.npmjs.org/fastify-error-page 295ms (cache miss)
2988 timing metavuln:packument:fastify-error-page Completed in 295ms
2989 timing metavuln:load:security-advisory:fastify-error-page:GCj7wAVwXmpdpHsZ3FBltk4ddq703nJZceXkq77o3f+gaNLubEhWMdGOuTbsQUIPAj4PXvzoyIJlnaLab4wWyA== Completed in 0ms
2990 timing metavuln:cache:put:security-advisory:fastify-error-page:jFLobgupm1ygdOxTlUvCIArNYaFGGKBaaLAoJ8OKqbKNtBGSdJkKNTpzczRFYEIoK/2FzNs3+s9I4+12F+M70A== Completed in 9ms
2991 timing metavuln:calculate:security-advisory:fastify-error-page:GCj7wAVwXmpdpHsZ3FBltk4ddq703nJZceXkq77o3f+gaNLubEhWMdGOuTbsQUIPAj4PXvzoyIJlnaLab4wWyA== Completed in 304ms
2992 timing metavuln:cache:get:security-advisory:npm-check-updates:TQft10aWX7/FW5wxcCn/ZtY3sEvHs4StbLTngtrXdnjEE4IA1QY13JGrTJQC1MPi1i/FGnCVxebHCc+mHLCS5Q== Completed in 0ms
2993 timing metavuln:load:security-advisory:npm-check-updates:HwK9Osim5eGF5I34v/XFoJLQ75UbhxXLcdhboc/sdf7kBSFhxIzy/iVH3ATsQhK3y2oS/JpMEfg7ow2FLkXtPw== Completed in 8ms
2994 timing metavuln:cache:put:security-advisory:npm-check-updates:TQft10aWX7/FW5wxcCn/ZtY3sEvHs4StbLTngtrXdnjEE4IA1QY13JGrTJQC1MPi1i/FGnCVxebHCc+mHLCS5Q== Completed in 8ms
2995 timing metavuln:calculate:security-advisory:npm-check-updates:HwK9Osim5eGF5I34v/XFoJLQ75UbhxXLcdhboc/sdf7kBSFhxIzy/iVH3ATsQhK3y2oS/JpMEfg7ow2FLkXtPw== Completed in 18ms
2996 timing metavuln:cache:get:security-advisory:sqlite3:/EyvdRGvNSmIfPvDagXmxhNg0I3IVs11DoQPmZbPhEN8VqxbrAo8DVoBrE8H0mBolYmeaGyEYJxfj/d4+SoOrA== Completed in 1ms
2997 timing metavuln:load:security-advisory:sqlite3:l/WeQkAPWJ0/mHENc58u9JNvnzqgqXWhnfEbUs8zhmL1UmoofkwGw4482B1GnFfApFQ5hXpUDaLf7UIPw6jpww== Completed in 1ms
2998 timing metavuln:cache:get:security-advisory:@npmcli/run-script:iGTtwNhtzJqD6NRQrZd/d/zEGMzgSqpgcRI1vjqHKnRzGZno56l+gHAbYs0XRY+CB7swkVDTEWOkDAMckkToXA== Completed in 2ms
2999 timing metavuln:cache:put:security-advisory:sqlite3:/EyvdRGvNSmIfPvDagXmxhNg0I3IVs11DoQPmZbPhEN8VqxbrAo8DVoBrE8H0mBolYmeaGyEYJxfj/d4+SoOrA== Completed in 8ms
3000 timing metavuln:calculate:security-advisory:sqlite3:l/WeQkAPWJ0/mHENc58u9JNvnzqgqXWhnfEbUs8zhmL1UmoofkwGw4482B1GnFfApFQ5hXpUDaLf7UIPw6jpww== Completed in 10ms
3001 http fetch GET 200 https://registry.npmjs.org/@npmcli%2frun-script 191ms (cache miss)
3002 timing metavuln:packument:@npmcli/run-script Completed in 192ms
3003 timing metavuln:load:security-advisory:@npmcli/run-script:l/WeQkAPWJ0/mHENc58u9JNvnzqgqXWhnfEbUs8zhmL1UmoofkwGw4482B1GnFfApFQ5hXpUDaLf7UIPw6jpww== Completed in 1ms
3004 timing metavuln:cache:put:security-advisory:@npmcli/run-script:iGTtwNhtzJqD6NRQrZd/d/zEGMzgSqpgcRI1vjqHKnRzGZno56l+gHAbYs0XRY+CB7swkVDTEWOkDAMckkToXA== Completed in 9ms
3005 timing metavuln:calculate:security-advisory:@npmcli/run-script:l/WeQkAPWJ0/mHENc58u9JNvnzqgqXWhnfEbUs8zhmL1UmoofkwGw4482B1GnFfApFQ5hXpUDaLf7UIPw6jpww== Completed in 202ms
3006 timing metavuln:cache:get:security-advisory:make-fetch-happen:i9EWLQURMjAySZXCi5WtA8NzwiONkym6qMEPsUX+uPSg1yz1bg479ufVR/tOdZWMzNzCglMBtyw+v486D3ACDQ== Completed in 1ms
3007 timing metavuln:load:security-advisory:make-fetch-happen:xvJIWB5/FY/DmZpxvmgqyq49qJv5ggEb6QVj3OY5ousoMlm27iLo5bVkFK9lSFNIWe3eU5heX0nWjs8DbT01mg== Completed in 2ms
3008 timing metavuln:cache:get:security-advisory:pacote:OtnJdJ42a1bInL8GrqOWym4puwNQ7oh2bGqAOg0E5uptu0OSRW4gjuYFOkEEYOvjetc1WkglEEM0U0Bgv6+wAw== Completed in 3ms
3009 timing metavuln:load:security-advisory:pacote:xvJIWB5/FY/DmZpxvmgqyq49qJv5ggEb6QVj3OY5ousoMlm27iLo5bVkFK9lSFNIWe3eU5heX0nWjs8DbT01mg== Completed in 2ms
3010 timing metavuln:cache:put:security-advisory:make-fetch-happen:i9EWLQURMjAySZXCi5WtA8NzwiONkym6qMEPsUX+uPSg1yz1bg479ufVR/tOdZWMzNzCglMBtyw+v486D3ACDQ== Completed in 10ms
3011 timing metavuln:calculate:security-advisory:make-fetch-happen:xvJIWB5/FY/DmZpxvmgqyq49qJv5ggEb6QVj3OY5ousoMlm27iLo5bVkFK9lSFNIWe3eU5heX0nWjs8DbT01mg== Completed in 13ms
3012 timing metavuln:cache:put:security-advisory:pacote:OtnJdJ42a1bInL8GrqOWym4puwNQ7oh2bGqAOg0E5uptu0OSRW4gjuYFOkEEYOvjetc1WkglEEM0U0Bgv6+wAw== Completed in 9ms
3013 timing metavuln:calculate:security-advisory:pacote:xvJIWB5/FY/DmZpxvmgqyq49qJv5ggEb6QVj3OY5ousoMlm27iLo5bVkFK9lSFNIWe3eU5heX0nWjs8DbT01mg== Completed in 14ms
3014 timing metavuln:cache:get:security-advisory:node-gyp:oIdp0jgUYGRrX8miYN6X1c4k9a7NYfC9fX6QVIPIFbtokGgy4jHd/cPUUTxrldhKuQdzzPT73V4Yt+BcbbxZtA== Completed in 2ms
3015 timing metavuln:load:security-advisory:node-gyp:gaTnfO+WYeXu2geuOhR3ibMOUg+yrRKeQuHeBpv3XykfZx9BLv6XY6eJg1pUKO4R3hqIlQu3aj+/JM1PlmKnZQ== Completed in 1ms
3016 timing metavuln:cache:put:security-advisory:node-gyp:oIdp0jgUYGRrX8miYN6X1c4k9a7NYfC9fX6QVIPIFbtokGgy4jHd/cPUUTxrldhKuQdzzPT73V4Yt+BcbbxZtA== Completed in 8ms
3017 timing metavuln:calculate:security-advisory:node-gyp:gaTnfO+WYeXu2geuOhR3ibMOUg+yrRKeQuHeBpv3XykfZx9BLv6XY6eJg1pUKO4R3hqIlQu3aj+/JM1PlmKnZQ== Completed in 12ms
3018 timing metavuln:cache:get:security-advisory:pacote:MS+9ca68tdxeElO9akLXw7yb5VApoczfnQKLx1EukwgWla9k04iPl4Po3r/HJQy/+Wzz5cv0LVQSH7FloSCQcg== Completed in 1ms
3019 timing metavuln:load:security-advisory:pacote:iGTtwNhtzJqD6NRQrZd/d/zEGMzgSqpgcRI1vjqHKnRzGZno56l+gHAbYs0XRY+CB7swkVDTEWOkDAMckkToXA== Completed in 1ms
3020 timing metavuln:cache:put:security-advisory:pacote:MS+9ca68tdxeElO9akLXw7yb5VApoczfnQKLx1EukwgWla9k04iPl4Po3r/HJQy/+Wzz5cv0LVQSH7FloSCQcg== Completed in 9ms
3021 timing metavuln:calculate:security-advisory:pacote:iGTtwNhtzJqD6NRQrZd/d/zEGMzgSqpgcRI1vjqHKnRzGZno56l+gHAbYs0XRY+CB7swkVDTEWOkDAMckkToXA== Completed in 12ms
3022 timing metavuln:cache:get:security-advisory:@sigstore/sign:xAQpQb2iXZhl1nU/ZmXt3hEWmSEXEdDAuGuotFPoutVkCLsxXJ2KeWceYYYf6uDbgLvZnVD+wMIhqMIAbURhYQ== Completed in 2ms
3023 timing metavuln:cache:get:security-advisory:npm-check-updates:SShrC7HtrpudR2dc7tTbwUr+VoJzKbbzV6EbuFGYnuwb07JKyzwDCRqIY7/1bJeh6y0hnMBlPbC8moJXu1FsiA== Completed in 2ms
3024 timing metavuln:load:security-advisory:npm-check-updates:i9EWLQURMjAySZXCi5WtA8NzwiONkym6qMEPsUX+uPSg1yz1bg479ufVR/tOdZWMzNzCglMBtyw+v486D3ACDQ== Completed in 3ms
3025 timing metavuln:cache:get:security-advisory:npm-registry-fetch:rjVJvvzG/kvWq1Yf47CMERV+po9QTpLRv+Pvpq6OBeMvjXsZIVfM5QpZX6I81DfIzkTUvvS3sdoQsPoTOZ8CKw== Completed in 6ms
3026 timing metavuln:cache:get:security-advisory:sigstore:Jk5V/VF98ptrfnlVgm0+AEj/a8JiAQ60nLpypMaJOXFJY4ZCsn5Yrbqieal2gFb3p2y/Zls866qsUTTiP42tHg== Completed in 5ms
3027 timing metavuln:load:security-advisory:sigstore:i9EWLQURMjAySZXCi5WtA8NzwiONkym6qMEPsUX+uPSg1yz1bg479ufVR/tOdZWMzNzCglMBtyw+v486D3ACDQ== Completed in 0ms
3028 timing metavuln:cache:get:security-advisory:tuf-js:1bfdavDfy7z7MQy8zQanmlTDiLzsUKXbc/9GatO7NIBygxbO0Kv2ViKCGRr41ZkUPOzvXMUES7j3phQjx1x7lQ== Completed in 5ms
3029 timing metavuln:cache:get:security-advisory:node-gyp:/dQskvN7GJIjJQ5FlrPIh5nhxsucrkuttZ1cU2Czc+EO0cu2rlyIjRRPkTgwutIB29OQPM7hwrxqEXexjMb+Sg== Completed in 5ms
3030 timing metavuln:load:security-advisory:node-gyp:i9EWLQURMjAySZXCi5WtA8NzwiONkym6qMEPsUX+uPSg1yz1bg479ufVR/tOdZWMzNzCglMBtyw+v486D3ACDQ== Completed in 2ms
3031 timing metavuln:cache:put:security-advisory:npm-check-updates:SShrC7HtrpudR2dc7tTbwUr+VoJzKbbzV6EbuFGYnuwb07JKyzwDCRqIY7/1bJeh6y0hnMBlPbC8moJXu1FsiA== Completed in 13ms
3032 timing metavuln:calculate:security-advisory:npm-check-updates:i9EWLQURMjAySZXCi5WtA8NzwiONkym6qMEPsUX+uPSg1yz1bg479ufVR/tOdZWMzNzCglMBtyw+v486D3ACDQ== Completed in 18ms
3033 timing metavuln:cache:put:security-advisory:sigstore:Jk5V/VF98ptrfnlVgm0+AEj/a8JiAQ60nLpypMaJOXFJY4ZCsn5Yrbqieal2gFb3p2y/Zls866qsUTTiP42tHg== Completed in 13ms
3034 timing metavuln:calculate:security-advisory:sigstore:i9EWLQURMjAySZXCi5WtA8NzwiONkym6qMEPsUX+uPSg1yz1bg479ufVR/tOdZWMzNzCglMBtyw+v486D3ACDQ== Completed in 18ms
3035 timing metavuln:cache:put:security-advisory:node-gyp:/dQskvN7GJIjJQ5FlrPIh5nhxsucrkuttZ1cU2Czc+EO0cu2rlyIjRRPkTgwutIB29OQPM7hwrxqEXexjMb+Sg== Completed in 11ms
3036 timing metavuln:calculate:security-advisory:node-gyp:i9EWLQURMjAySZXCi5WtA8NzwiONkym6qMEPsUX+uPSg1yz1bg479ufVR/tOdZWMzNzCglMBtyw+v486D3ACDQ== Completed in 18ms
3037 http fetch GET 200 https://registry.npmjs.org/@sigstore%2fsign 107ms (cache miss)
3038 timing metavuln:packument:@sigstore/sign Completed in 107ms
3039 timing metavuln:load:security-advisory:@sigstore/sign:i9EWLQURMjAySZXCi5WtA8NzwiONkym6qMEPsUX+uPSg1yz1bg479ufVR/tOdZWMzNzCglMBtyw+v486D3ACDQ== Completed in 1ms
3040 timing metavuln:cache:put:security-advisory:@sigstore/sign:xAQpQb2iXZhl1nU/ZmXt3hEWmSEXEdDAuGuotFPoutVkCLsxXJ2KeWceYYYf6uDbgLvZnVD+wMIhqMIAbURhYQ== Completed in 10ms
3041 timing metavuln:calculate:security-advisory:@sigstore/sign:i9EWLQURMjAySZXCi5WtA8NzwiONkym6qMEPsUX+uPSg1yz1bg479ufVR/tOdZWMzNzCglMBtyw+v486D3ACDQ== Completed in 118ms
3042 http fetch GET 200 https://registry.npmjs.org/tuf-js 127ms (cache miss)
3043 timing metavuln:packument:tuf-js Completed in 127ms
3044 timing metavuln:load:security-advisory:tuf-js:i9EWLQURMjAySZXCi5WtA8NzwiONkym6qMEPsUX+uPSg1yz1bg479ufVR/tOdZWMzNzCglMBtyw+v486D3ACDQ== Completed in 1ms
3045 timing metavuln:cache:put:security-advisory:tuf-js:1bfdavDfy7z7MQy8zQanmlTDiLzsUKXbc/9GatO7NIBygxbO0Kv2ViKCGRr41ZkUPOzvXMUES7j3phQjx1x7lQ== Completed in 8ms
3046 timing metavuln:calculate:security-advisory:tuf-js:i9EWLQURMjAySZXCi5WtA8NzwiONkym6qMEPsUX+uPSg1yz1bg479ufVR/tOdZWMzNzCglMBtyw+v486D3ACDQ== Completed in 136ms
3047 http fetch GET 200 https://registry.npmjs.org/npm-registry-fetch 143ms (cache miss)
3048 timing metavuln:packument:npm-registry-fetch Completed in 145ms
3049 timing metavuln:load:security-advisory:npm-registry-fetch:i9EWLQURMjAySZXCi5WtA8NzwiONkym6qMEPsUX+uPSg1yz1bg479ufVR/tOdZWMzNzCglMBtyw+v486D3ACDQ== Completed in 2ms
3050 timing metavuln:cache:put:security-advisory:npm-registry-fetch:rjVJvvzG/kvWq1Yf47CMERV+po9QTpLRv+Pvpq6OBeMvjXsZIVfM5QpZX6I81DfIzkTUvvS3sdoQsPoTOZ8CKw== Completed in 8ms
3051 timing metavuln:calculate:security-advisory:npm-registry-fetch:i9EWLQURMjAySZXCi5WtA8NzwiONkym6qMEPsUX+uPSg1yz1bg479ufVR/tOdZWMzNzCglMBtyw+v486D3ACDQ== Completed in 155ms
3052 timing metavuln:cache:get:security-advisory:sigstore:cZTAKPvFRJmLeZjsJl94k7WhArtuKGb/dPSpjJvl2yb5uRacYoJ4I3A5GcQFF354jp1koW3bpU965i5eKT21/w== Completed in 1ms
3053 timing metavuln:load:security-advisory:sigstore:xAQpQb2iXZhl1nU/ZmXt3hEWmSEXEdDAuGuotFPoutVkCLsxXJ2KeWceYYYf6uDbgLvZnVD+wMIhqMIAbURhYQ== Completed in 0ms
3054 timing metavuln:cache:put:security-advisory:sigstore:cZTAKPvFRJmLeZjsJl94k7WhArtuKGb/dPSpjJvl2yb5uRacYoJ4I3A5GcQFF354jp1koW3bpU965i5eKT21/w== Completed in 9ms
3055 timing metavuln:calculate:security-advisory:sigstore:xAQpQb2iXZhl1nU/ZmXt3hEWmSEXEdDAuGuotFPoutVkCLsxXJ2KeWceYYYf6uDbgLvZnVD+wMIhqMIAbURhYQ== Completed in 10ms
3056 timing metavuln:cache:get:security-advisory:@sigstore/tuf:WuTLTM0bDpnnsd1qBrCrKN/jR6tX/P498eMan70iDSRkcw8nhcWZgx72Q5FsgnIrZ0IEIAzNewQuH68qzBWIXQ== Completed in 1ms
3057 http fetch GET 200 https://registry.npmjs.org/date-fns/-/date-fns-2.30.0.tgz 10109ms (cache miss)
3058 timing reifyNode:node_modules/date-fns Completed in 10484ms
3059 http fetch GET 200 https://registry.npmjs.org/@sigstore%2ftuf 115ms (cache miss)
3060 timing metavuln:packument:@sigstore/tuf Completed in 116ms
3061 timing metavuln:load:security-advisory:@sigstore/tuf:1bfdavDfy7z7MQy8zQanmlTDiLzsUKXbc/9GatO7NIBygxbO0Kv2ViKCGRr41ZkUPOzvXMUES7j3phQjx1x7lQ== Completed in 0ms
3062 timing metavuln:cache:put:security-advisory:@sigstore/tuf:WuTLTM0bDpnnsd1qBrCrKN/jR6tX/P498eMan70iDSRkcw8nhcWZgx72Q5FsgnIrZ0IEIAzNewQuH68qzBWIXQ== Completed in 2ms
3063 timing metavuln:calculate:security-advisory:@sigstore/tuf:1bfdavDfy7z7MQy8zQanmlTDiLzsUKXbc/9GatO7NIBygxbO0Kv2ViKCGRr41ZkUPOzvXMUES7j3phQjx1x7lQ== Completed in 118ms
3064 timing metavuln:cache:get:security-advisory:pacote:Fmv5VGROg0pCk6mJGDt+acX0ZmP+feQYtT29M7q8IwA6ffPv/qMnp9yN9IZsz98EzQDh7Dd9fdO3QMlmwU2oFA== Completed in 0ms
3065 timing metavuln:load:security-advisory:pacote:rjVJvvzG/kvWq1Yf47CMERV+po9QTpLRv+Pvpq6OBeMvjXsZIVfM5QpZX6I81DfIzkTUvvS3sdoQsPoTOZ8CKw== Completed in 3ms
3066 timing metavuln:cache:put:security-advisory:pacote:Fmv5VGROg0pCk6mJGDt+acX0ZmP+feQYtT29M7q8IwA6ffPv/qMnp9yN9IZsz98EzQDh7Dd9fdO3QMlmwU2oFA== Completed in 2ms
3067 timing metavuln:calculate:security-advisory:pacote:rjVJvvzG/kvWq1Yf47CMERV+po9QTpLRv+Pvpq6OBeMvjXsZIVfM5QpZX6I81DfIzkTUvvS3sdoQsPoTOZ8CKw== Completed in 5ms
3068 timing metavuln:cache:get:security-advisory:sigstore:ueDakCxq1v8prZVcTKj7OCAkjzwhnkhDv/BWQk9LiovC7Fw6WDV+tORtvj+n4IJVAYRzrrf12+fMwe3t6a7ASg== Completed in 1ms
3069 timing metavuln:load:security-advisory:sigstore:WuTLTM0bDpnnsd1qBrCrKN/jR6tX/P498eMan70iDSRkcw8nhcWZgx72Q5FsgnIrZ0IEIAzNewQuH68qzBWIXQ== Completed in 0ms
3070 timing metavuln:cache:put:security-advisory:sigstore:ueDakCxq1v8prZVcTKj7OCAkjzwhnkhDv/BWQk9LiovC7Fw6WDV+tORtvj+n4IJVAYRzrrf12+fMwe3t6a7ASg== Completed in 2ms
3071 timing metavuln:calculate:security-advisory:sigstore:WuTLTM0bDpnnsd1qBrCrKN/jR6tX/P498eMan70iDSRkcw8nhcWZgx72Q5FsgnIrZ0IEIAzNewQuH68qzBWIXQ== Completed in 3ms
3072 timing auditReport:init Completed in 8595ms
3073 timing reify:audit Completed in 10597ms
3074 http fetch GET 200 https://registry.npmjs.org/@biomejs/cli-linux-arm64-musl/-/cli-linux-arm64-musl-2.4.16.tgz 10977ms (cache miss)
3075 timing reifyNode:node_modules/@biomejs/cli-linux-arm64-musl Completed in 11419ms
3076 timing reify:unpack Completed in 11448ms
3077 timing reify:unretire Completed in 0ms
3078 timing build:queue Completed in 18ms
3079 timing build:link:node_modules/@babel/parser Completed in 29ms
3080 timing build:link:node_modules/@npmcli/git/node_modules/which Completed in 31ms
3081 timing build:link:node_modules/@npmcli/move-file/node_modules/rimraf Completed in 31ms
3082 timing build:link:node_modules/@npmcli/run-script/node_modules/which Completed in 32ms
3083 timing build:link:node_modules/js-beautify/node_modules/nopt Completed in 32ms
3084 timing build:link:node_modules/@npmcli/promise-spawn/node_modules/which Completed in 32ms
3085 timing build:link:node_modules/fastify-objectionjs/node_modules/knex Completed in 32ms
3086 timing build:link:node_modules/node-gyp/node_modules/rimraf Completed in 32ms
3087 timing build:link:node_modules/sqlite3/node_modules/node-gyp Completed in 32ms
3088 timing build:link:node_modules/webpack/node_modules/acorn Completed in 32ms
3089 timing build:link:node_modules/terser/node_modules/acorn Completed in 33ms
3090 timing build:link:node_modules/acorn Completed in 33ms
3091 timing build:link:node_modules/editorconfig Completed in 33ms
3092 timing build:link:node_modules/envinfo Completed in 33ms
3093 timing build:link:node_modules/flat Completed in 33ms
3094 timing build:link:node_modules/@biomejs/biome Completed in 33ms
3095 timing build:link:node_modules/fastify-cli Completed in 33ms
3096 timing build:link:node_modules/generify Completed in 33ms
3097 timing build:link:node_modules/glob Completed in 33ms
3098 timing build:link:node_modules/import-local Completed in 33ms
3099 timing build:link:node_modules/is-docker Completed in 33ms
3100 timing build:link:node_modules/json5 Completed in 33ms
3101 timing build:link:node_modules/js-yaml Completed in 34ms
3102 timing build:link:node_modules/knex Completed in 34ms
3103 timing build:link:node_modules/js-beautify Completed in 34ms
3104 timing build:link:node_modules/markdown-it Completed in 34ms
3105 timing build:link:node_modules/baseline-browser-mapping Completed in 34ms
3106 timing build:link:node_modules/mustache Completed in 34ms
3107 timing build:link:node_modules/mkdirp Completed in 34ms
3108 timing build:link:node_modules/nanoid Completed in 34ms
3109 timing build:link:node_modules/pacote Completed in 34ms
3110 timing build:link:node_modules/nopt Completed in 34ms
3111 timing build:link:node_modules/node-gyp Completed in 34ms
3112 timing build:link:node_modules/npm-check-updates Completed in 34ms
3113 timing build:link:node_modules/pino Completed in 34ms
3114 timing build:link:node_modules/pino-pretty Completed in 34ms
3115 timing build:link:node_modules/resolve Completed in 34ms
3116 timing build:link:node_modules/concurrently Completed in 34ms
3117 timing build:link:node_modules/rolldown Completed in 34ms
3118 timing build:link:node_modules/prebuild-install Completed in 34ms
3119 timing build:link:node_modules/rimraf Completed in 34ms
3120 timing build:link:node_modules/semver Completed in 34ms
3121 timing build:link:node_modules/cssesc Completed in 34ms
3122 timing build:link:node_modules/rc Completed in 34ms
3123 timing build:link:node_modules/sigstore Completed in 34ms
3124 timing build:link:node_modules/tree-kill Completed in 34ms
3125 timing build:link:node_modules/vitest Completed in 34ms
3126 timing build:link:node_modules/update-browserslist-db Completed in 34ms
3127 timing build:link:node_modules/browserslist Completed in 34ms
3128 timing build:link:node_modules/terser Completed in 34ms
3129 timing build:link:node_modules/uuid Completed in 34ms
3130 timing build:link:node_modules/vite Completed in 34ms
3131 timing build:link:node_modules/webpack-cli Completed in 34ms
3132 timing build:link:node_modules/webpack Completed in 34ms
3133 timing build:link:node_modules/why-is-node-running Completed in 34ms
3134 timing build:link:node_modules/@npmcli/installed-package-contents Completed in 34ms
3135 timing build:link:node_modules/which Completed in 34ms
3136 timing build:link:node_modules/color-support Completed in 34ms
3137 timing build:link:node_modules/@fastify/secure-session Completed in 34ms
3138 timing build:link:node_modules/mime Completed in 34ms
3139 timing build:link:node_modules/is-ci Completed in 34ms
3140 timing build:link:node_modules/sequelize-cli Completed in 34ms
3141 timing build:link:node_modules/parse-github-url Completed in 34ms
3142 timing build:link:node_modules/sqlite3/node_modules/nopt Completed in 34ms
3143 timing build:link:node_modules/sqlite3/node_modules/rimraf Completed in 35ms
3144 timing build:link Completed in 36ms
3145 info run @vscode/sqlite3@5.1.2 install node_modules/@vscode/sqlite3 node-gyp rebuild
3146 info run better-sqlite3@12.10.0 install node_modules/better-sqlite3 prebuild-install || node-gyp rebuild --release
3147 info run sqlite3@5.1.7 install node_modules/sqlite3 prebuild-install -r napi || node-gyp rebuild
3148 info run sqlite3@5.1.7 install { code: 0, signal: null }
3149 timing build:run:install:node_modules/sqlite3 Completed in 2124ms
3150 info run @vscode/sqlite3@5.1.2 install { code: 0, signal: null }
3151 timing build:run:install:node_modules/@vscode/sqlite3 Completed in 37448ms
3152 info run better-sqlite3@12.10.0 install { code: 0, signal: null }
3153 timing build:run:install:node_modules/better-sqlite3 Completed in 39345ms
3154 timing build:run:install Completed in 39348ms
3155 timing build:deps Completed in 39402ms
3156 timing build Completed in 39402ms
3157 timing reify:build Completed in 39403ms
3158 timing reify:trash Completed in 23ms
3159 timing reify:save Completed in 79ms
3160 timing reify Completed in 51390ms
3161 silly ADD node_modules/youch
3162 silly ADD node_modules/youch/node_modules/cookie
3163 silly ADD node_modules/yocto-queue
3164 silly ADD node_modules/yargs-parser
3165 silly ADD node_modules/yargs
3166 silly ADD node_modules/yargs/node_modules/strip-ansi
3167 silly ADD node_modules/yargs/node_modules/string-width
3168 silly ADD node_modules/yargs/node_modules/emoji-regex
3169 silly ADD node_modules/yargs/node_modules/ansi-regex
3170 silly ADD node_modules/yallist
3171 silly ADD node_modules/y18n
3172 silly ADD node_modules/xtend
3173 silly ADD node_modules/xdg-basedir
3174 silly ADD node_modules/write-file-atomic
3175 silly ADD node_modules/write-file-atomic/node_modules/signal-exit
3176 silly ADD node_modules/wrappy
3177 silly ADD node_modules/wrap-ansi-cjs
3178 silly ADD node_modules/wrap-ansi-cjs/node_modules/strip-ansi
3179 silly ADD node_modules/wrap-ansi-cjs/node_modules/string-width
3180 silly ADD node_modules/wrap-ansi-cjs/node_modules/emoji-regex
3181 silly ADD node_modules/wrap-ansi-cjs/node_modules/ansi-regex
3182 silly ADD node_modules/wrap-ansi
3183 silly ADD node_modules/wrap-ansi/node_modules/ansi-styles
3184 silly ADD node_modules/wkx
3185 silly ADD node_modules/with
3186 silly ADD node_modules/wildcard
3187 silly ADD node_modules/widest-line
3188 silly ADD node_modules/wide-align
3189 silly ADD node_modules/wide-align/node_modules/strip-ansi
3190 silly ADD node_modules/wide-align/node_modules/string-width
3191 silly ADD node_modules/wide-align/node_modules/emoji-regex
3192 silly ADD node_modules/wide-align/node_modules/ansi-regex
3193 silly ADD node_modules/why-is-node-running
3194 silly ADD node_modules/which
3195 silly ADD node_modules/webpack-sources
3196 silly ADD node_modules/webpack-merge
3197 silly ADD node_modules/webpack-cli
3198 silly ADD node_modules/webpack-cli/node_modules/interpret
3199 silly ADD node_modules/webpack
3200 silly ADD node_modules/webpack/node_modules/mime-db
3201 silly ADD node_modules/webpack/node_modules/acorn-import-phases
3202 silly ADD node_modules/webpack/node_modules/acorn
3203 silly ADD node_modules/watchpack
3204 silly ADD node_modules/walker
3205 silly ADD node_modules/void-elements
3206 silly ADD node_modules/vitest
3207 silly ADD node_modules/vitest/node_modules/picomatch
3208 silly ADD node_modules/vite
3209 silly ADD node_modules/vite/node_modules/picomatch
3210 silly ADD node_modules/vary
3211 silly ADD node_modules/validator
3212 silly ADD node_modules/validate-npm-package-name
3213 silly ADD node_modules/validate-npm-package-license
3214 silly ADD node_modules/uuid
3215 silly ADD node_modules/util-deprecate
3216 silly ADD node_modules/update-notifier
3217 silly ADD node_modules/update-notifier/node_modules/chalk
3218 silly ADD node_modules/update-browserslist-db
3219 silly ADD node_modules/untildify
3220 silly ADD node_modules/universalify
3221 silly ADD node_modules/unique-string
3222 silly ADD node_modules/unique-slug
3223 silly ADD node_modules/unique-filename
3224 silly ADD node_modules/undici-types
3225 silly ADD node_modules/umzug
3226 silly ADD node_modules/uc.micro
3227 silly ADD node_modules/typedarray-to-buffer
3228 silly ADD node_modules/type-is
3229 silly ADD node_modules/type-fest
3230 silly ADD node_modules/tunnel-agent
3231 silly ADD node_modules/tuf-js
3232 silly ADD node_modules/tslib
3233 silly ADD node_modules/tree-kill
3234 silly ADD node_modules/toposort-class
3235 silly ADD node_modules/token-stream
3236 silly ADD node_modules/toidentifier
3237 silly ADD node_modules/toad-cache
3238 silly ADD node_modules/to-regex-range
3239 silly ADD node_modules/tmpl
3240 silly ADD node_modules/tinyrainbow
3241 silly ADD node_modules/tinyglobby
3242 silly ADD node_modules/tinyglobby/node_modules/picomatch
3243 silly ADD node_modules/tinyglobby/node_modules/fdir
3244 silly ADD node_modules/tinyexec
3245 silly ADD node_modules/tinybench
3246 silly ADD node_modules/tildify
3247 silly ADD node_modules/thread-stream
3248 silly ADD node_modules/terser-webpack-plugin
3249 silly ADD node_modules/terser
3250 silly ADD node_modules/terser/node_modules/commander
3251 silly ADD node_modules/terser/node_modules/acorn
3252 silly ADD node_modules/tarn
3253 silly ADD node_modules/tar-stream
3254 silly ADD node_modules/tar-fs
3255 silly ADD node_modules/tar-fs/node_modules/chownr
3256 silly ADD node_modules/tar
3257 silly ADD node_modules/tar/node_modules/minipass
3258 silly ADD node_modules/tar/node_modules/fs-minipass
3259 silly ADD node_modules/tar/node_modules/fs-minipass/node_modules/minipass
3260 silly ADD node_modules/tapable
3261 silly ADD node_modules/supports-preserve-symlinks-flag
3262 silly ADD node_modules/supports-color
3263 silly ADD node_modules/style-loader
3264 silly ADD node_modules/strip-json-comments
3265 silly ADD node_modules/strip-ansi-cjs
3266 silly ADD node_modules/strip-ansi-cjs/node_modules/ansi-regex
3267 silly ADD node_modules/strip-ansi
3268 silly ADD node_modules/string-width-cjs
3269 silly ADD node_modules/string-width-cjs/node_modules/strip-ansi
3270 silly ADD node_modules/string-width-cjs/node_modules/emoji-regex
3271 silly ADD node_modules/string-width-cjs/node_modules/ansi-regex
3272 silly ADD node_modules/string-width
3273 silly ADD node_modules/string_decoder
3274 silly ADD node_modules/std-env
3275 silly ADD node_modules/statuses
3276 silly ADD node_modules/stackback
3277 silly ADD node_modules/stack-trace
3278 silly ADD node_modules/ssri
3279 silly ADD node_modules/sqlite3
3280 silly ADD node_modules/sqlite3/node_modules/unique-slug
3281 silly ADD node_modules/sqlite3/node_modules/unique-filename
3282 silly ADD node_modules/sqlite3/node_modules/ssri
3283 silly ADD node_modules/sqlite3/node_modules/socks-proxy-agent
3284 silly ADD node_modules/sqlite3/node_modules/rimraf
3285 silly ADD node_modules/sqlite3/node_modules/nopt
3286 silly ADD node_modules/sqlite3/node_modules/node-gyp
3287 silly ADD node_modules/sqlite3/node_modules/node-addon-api
3288 silly ADD node_modules/sqlite3/node_modules/minipass-fetch
3289 silly ADD node_modules/sqlite3/node_modules/minipass
3290 silly ADD node_modules/sqlite3/node_modules/minimatch
3291 silly ADD node_modules/sqlite3/node_modules/make-fetch-happen
3292 silly ADD node_modules/sqlite3/node_modules/lru-cache
3293 silly ADD node_modules/sqlite3/node_modules/http-proxy-agent
3294 silly ADD node_modules/sqlite3/node_modules/glob
3295 silly ADD node_modules/sqlite3/node_modules/fs-minipass
3296 silly ADD node_modules/sqlite3/node_modules/cacache
3297 silly ADD node_modules/sqlite3/node_modules/brace-expansion
3298 silly ADD node_modules/sqlite3/node_modules/@tootallnate/once
3299 silly ADD node_modules/sqlite3/node_modules/@npmcli/move-file
3300 silly ADD node_modules/sqlite3/node_modules/@npmcli/fs
3301 silly ADD node_modules/split2
3302 silly ADD node_modules/spdx-license-ids
3303 silly ADD node_modules/spdx-expression-parse
3304 silly ADD node_modules/spdx-exceptions
3305 silly ADD node_modules/spdx-correct
3306 silly ADD node_modules/spawn-please
3307 silly ADD node_modules/spawn-command
3308 silly ADD node_modules/source-map-support
3309 silly ADD node_modules/source-map-js
3310 silly ADD node_modules/source-map
3311 silly ADD node_modules/sonic-boom
3312 silly ADD node_modules/sodium-native
3313 silly ADD node_modules/socks-proxy-agent
3314 silly ADD node_modules/socks
3315 silly ADD node_modules/smart-buffer
3316 silly ADD node_modules/slash
3317 silly ADD node_modules/sisteransi
3318 silly ADD node_modules/simple-get
3319 silly ADD node_modules/simple-concat
3320 silly ADD node_modules/sigstore
3321 silly ADD node_modules/signal-exit
3322 silly ADD node_modules/siginfo
3323 silly ADD node_modules/side-channel-weakmap
3324 silly ADD node_modules/side-channel-map
3325 silly ADD node_modules/side-channel-list
3326 silly ADD node_modules/side-channel
3327 silly ADD node_modules/shell-quote
3328 silly ADD node_modules/shebang-regex
3329 silly ADD node_modules/shebang-command
3330 silly ADD node_modules/shallow-clone
3331 silly ADD node_modules/setprototypeof
3332 silly ADD node_modules/set-cookie-parser
3333 silly ADD node_modules/set-blocking
3334 silly ADD node_modules/sequelize-pool
3335 silly ADD node_modules/sequelize-cli
3336 silly ADD node_modules/sequelize-cli/node_modules/yargs-parser
3337 silly ADD node_modules/sequelize-cli/node_modules/yargs
3338 silly ADD node_modules/sequelize-cli/node_modules/wrap-ansi
3339 silly ADD node_modules/sequelize-cli/node_modules/strip-ansi
3340 silly ADD node_modules/sequelize-cli/node_modules/string-width
3341 silly ADD node_modules/sequelize-cli/node_modules/emoji-regex
3342 silly ADD node_modules/sequelize-cli/node_modules/cliui
3343 silly ADD node_modules/sequelize-cli/node_modules/ansi-regex
3344 silly ADD node_modules/sequelize
3345 silly ADD node_modules/semver-utils
3346 silly ADD node_modules/semver-diff
3347 silly ADD node_modules/semver
3348 silly ADD node_modules/secure-json-parse
3349 silly ADD node_modules/schema-utils
3350 silly ADD node_modules/safer-buffer
3351 silly ADD node_modules/safe-stable-stringify
3352 silly ADD node_modules/safe-regex2
3353 silly ADD node_modules/safe-buffer
3354 silly ADD node_modules/rxjs
3355 silly ADD node_modules/run-parallel
3356 silly ADD node_modules/rolldown
3357 silly ADD node_modules/rimraf
3358 silly ADD node_modules/rfdc
3359 silly ADD node_modules/reusify
3360 silly ADD node_modules/retry-as-promised
3361 silly ADD node_modules/retry
3362 silly ADD node_modules/ret
3363 silly ADD node_modules/responselike
3364 silly ADD node_modules/resolve-from
3365 silly ADD node_modules/resolve-cwd
3366 silly ADD node_modules/resolve-alpn
3367 silly ADD node_modules/resolve
3368 silly ADD node_modules/require-from-string
3369 silly ADD node_modules/require-directory
3370 silly ADD node_modules/require-addon
3371 silly ADD node_modules/remote-git-tags
3372 silly ADD node_modules/registry-url
3373 silly ADD node_modules/registry-auth-token
3374 silly ADD node_modules/rechoir
3375 silly ADD node_modules/real-require
3376 silly ADD node_modules/readdirp
3377 silly ADD node_modules/readable-stream
3378 silly ADD node_modules/read-package-json-fast
3379 silly ADD node_modules/read-package-json
3380 silly ADD node_modules/rc-config-loader
3381 silly ADD node_modules/rc-config-loader/node_modules/ms
3382 silly ADD node_modules/rc-config-loader/node_modules/debug
3383 silly ADD node_modules/rc
3384 silly ADD node_modules/rc/node_modules/strip-json-comments
3385 silly ADD node_modules/rc/node_modules/ini
3386 silly ADD node_modules/quick-lru
3387 silly ADD node_modules/quick-format-unescaped
3388 silly ADD node_modules/queue-microtask
3389 silly ADD node_modules/qs
3390 silly ADD node_modules/pupa
3391 silly ADD node_modules/pump
3392 silly ADD node_modules/pug-walk
3393 silly ADD node_modules/pug-strip-comments
3394 silly ADD node_modules/pug-runtime
3395 silly ADD node_modules/pug-parser
3396 silly ADD node_modules/pug-load
3397 silly ADD node_modules/pug-linker
3398 silly ADD node_modules/pug-lexer
3399 silly ADD node_modules/pug-filters
3400 silly ADD node_modules/pug-error
3401 silly ADD node_modules/pug-code-gen
3402 silly ADD node_modules/pug-attrs
3403 silly ADD node_modules/pug
3404 silly ADD node_modules/proxy-addr
3405 silly ADD node_modules/proto-list
3406 silly ADD node_modules/prompts-ncu
3407 silly ADD node_modules/promise-retry
3408 silly ADD node_modules/promise-inflight
3409 silly ADD node_modules/promise
3410 silly ADD node_modules/progress
3411 silly ADD node_modules/process-warning
3412 silly ADD node_modules/process
3413 silly ADD node_modules/proc-log
3414 silly ADD node_modules/prebuild-install
3415 silly ADD node_modules/postgres-interval
3416 silly ADD node_modules/postgres-date
3417 silly ADD node_modules/postgres-bytea
3418 silly ADD node_modules/postgres-array
3419 silly ADD node_modules/postcss-value-parser
3420 silly ADD node_modules/postcss-selector-parser
3421 silly ADD node_modules/postcss-modules-values
3422 silly ADD node_modules/postcss-modules-scope
3423 silly ADD node_modules/postcss-modules-local-by-default
3424 silly ADD node_modules/postcss-modules-extract-imports
3425 silly ADD node_modules/postcss
3426 silly ADD node_modules/pkg-up
3427 silly ADD node_modules/pkg-up/node_modules/path-exists
3428 silly ADD node_modules/pkg-up/node_modules/p-locate
3429 silly ADD node_modules/pkg-up/node_modules/p-limit
3430 silly ADD node_modules/pkg-up/node_modules/locate-path
3431 silly ADD node_modules/pkg-up/node_modules/find-up
3432 silly ADD node_modules/pkg-dir
3433 silly ADD node_modules/pkg-dir/node_modules/p-locate
3434 silly ADD node_modules/pkg-dir/node_modules/p-limit
3435 silly ADD node_modules/pkg-dir/node_modules/locate-path
3436 silly ADD node_modules/pkg-dir/node_modules/find-up
3437 silly ADD node_modules/pino-std-serializers
3438 silly ADD node_modules/pino-pretty
3439 silly ADD node_modules/pino-pretty/node_modules/strip-json-comments
3440 silly ADD node_modules/pino-pretty/node_modules/readable-stream
3441 silly ADD node_modules/pino-pretty/node_modules/help-me
3442 silly ADD node_modules/pino-pretty/node_modules/buffer
3443 silly ADD node_modules/pino-abstract-transport
3444 silly ADD node_modules/pino-abstract-transport/node_modules/split2
3445 silly ADD node_modules/pino
3446 silly ADD node_modules/pino/node_modules/process-warning
3447 silly ADD node_modules/picomatch
3448 silly ADD node_modules/picocolors
3449 silly ADD node_modules/pgpass
3450 silly ADD node_modules/pgpass/node_modules/split2
3451 silly ADD node_modules/pg-types
3452 silly ADD node_modules/pg-protocol
3453 silly ADD node_modules/pg-pool
3454 silly ADD node_modules/pg-int8
3455 silly ADD node_modules/pg-connection-string
3456 silly ADD node_modules/pg-cloudflare
3457 silly ADD node_modules/pg
3458 silly ADD node_modules/pg/node_modules/pg-connection-string
3459 silly ADD node_modules/pathe
3460 silly ADD node_modules/path-type
3461 silly ADD node_modules/path-to-regexp
3462 silly ADD node_modules/path-scurry
3463 silly ADD node_modules/path-scurry/node_modules/lru-cache
3464 silly ADD node_modules/path-parse
3465 silly ADD node_modules/path-key
3466 silly ADD node_modules/path-is-absolute
3467 silly ADD node_modules/path-exists
3468 silly ADD node_modules/parse-github-url
3469 silly ADD node_modules/pacote
3470 silly ADD node_modules/pacote/node_modules/minipass
3471 silly ADD node_modules/package-json-from-dist
3472 silly ADD node_modules/package-json
3473 silly ADD node_modules/p-try
3474 silly ADD node_modules/p-map
3475 silly ADD node_modules/p-locate
3476 silly ADD node_modules/p-limit
3477 silly ADD node_modules/p-cancelable
3478 silly ADD node_modules/once
3479 silly ADD node_modules/on-exit-leak-free
3480 silly ADD node_modules/obug
3481 silly ADD node_modules/objection-unique
3482 silly ADD node_modules/objection
3483 silly ADD node_modules/object-inspect
3484 silly ADD node_modules/object-assign
3485 silly ADD node_modules/npmlog
3486 silly ADD node_modules/npm-registry-fetch
3487 silly ADD node_modules/npm-registry-fetch/node_modules/minipass
3488 silly ADD node_modules/npm-pick-manifest
3489 silly ADD node_modules/npm-packlist
3490 silly ADD node_modules/npm-package-arg
3491 silly ADD node_modules/npm-package-arg/node_modules/hosted-git-info
3492 silly ADD node_modules/npm-normalize-package-bin
3493 silly ADD node_modules/npm-install-checks
3494 silly ADD node_modules/npm-check-updates
3495 silly ADD node_modules/npm-check-updates/node_modules/chalk
3496 silly ADD node_modules/npm-bundled
3497 silly ADD node_modules/normalize-url
3498 silly ADD node_modules/normalize-path
3499 silly ADD node_modules/normalize-package-data
3500 silly ADD node_modules/normalize-package-data/node_modules/hosted-git-info
3501 silly ADD node_modules/nopt
3502 silly ADD node_modules/node-releases
3503 silly ADD node_modules/node-gyp
3504 silly ADD node_modules/node-gyp/node_modules/unique-slug
3505 silly ADD node_modules/node-gyp/node_modules/unique-filename
3506 silly ADD node_modules/node-gyp/node_modules/ssri
3507 silly ADD node_modules/node-gyp/node_modules/rimraf
3508 silly ADD node_modules/node-gyp/node_modules/minipass-fetch
3509 silly ADD node_modules/node-gyp/node_modules/minipass
3510 silly ADD node_modules/node-gyp/node_modules/minimatch
3511 silly ADD node_modules/node-gyp/node_modules/make-fetch-happen
3512 silly ADD node_modules/node-gyp/node_modules/glob
3513 silly ADD node_modules/node-gyp/node_modules/fs-minipass
3514 silly ADD node_modules/node-gyp/node_modules/cacache
3515 silly ADD node_modules/node-gyp/node_modules/cacache/node_modules/minimatch
3516 silly ADD node_modules/node-gyp/node_modules/cacache/node_modules/glob
3517 silly ADD node_modules/node-gyp/node_modules/cacache/node_modules/brace-expansion
3518 silly ADD node_modules/node-gyp/node_modules/brace-expansion
3519 silly ADD node_modules/node-gyp/node_modules/@npmcli/fs
3520 silly ADD node_modules/node-addon-api
3521 silly ADD node_modules/node-abi
3522 silly ADD node_modules/neo-async
3523 silly ADD node_modules/negotiator
3524 silly ADD node_modules/napi-build-utils
3525 silly ADD node_modules/nanoid
3526 silly ADD node_modules/mustache
3527 silly ADD node_modules/ms
3528 silly ADD node_modules/moment-timezone
3529 silly ADD node_modules/moment
3530 silly ADD node_modules/mkdirp-classic
3531 silly ADD node_modules/mkdirp
3532 silly ADD node_modules/minizlib
3533 silly ADD node_modules/minizlib/node_modules/minipass
3534 silly ADD node_modules/minipass-sized
3535 silly ADD node_modules/minipass-sized/node_modules/minipass
3536 silly ADD node_modules/minipass-pipeline
3537 silly ADD node_modules/minipass-pipeline/node_modules/minipass
3538 silly ADD node_modules/minipass-json-stream
3539 silly ADD node_modules/minipass-json-stream/node_modules/minipass
3540 silly ADD node_modules/minipass-flush
3541 silly ADD node_modules/minipass-flush/node_modules/minipass
3542 silly ADD node_modules/minipass-fetch
3543 silly ADD node_modules/minipass-collect
3544 silly ADD node_modules/minipass-collect/node_modules/minipass
3545 silly ADD node_modules/minipass
3546 silly ADD node_modules/minimist
3547 silly ADD node_modules/minimatch
3548 silly ADD node_modules/mini-css-extract-plugin
3549 silly ADD node_modules/mimic-response
3550 silly ADD node_modules/mime-types
3551 silly ADD node_modules/mime-db
3552 silly ADD node_modules/mime
3553 silly ADD node_modules/micromatch
3554 silly ADD node_modules/merge2
3555 silly ADD node_modules/merge-stream
3556 silly ADD node_modules/media-typer
3557 silly ADD node_modules/mdurl
3558 silly ADD node_modules/math-intrinsics
3559 silly ADD node_modules/markdown-it
3560 silly ADD node_modules/makeerror
3561 silly ADD node_modules/make-fetch-happen
3562 silly ADD node_modules/make-fetch-happen/node_modules/minipass
3563 silly ADD node_modules/magic-string
3564 silly ADD node_modules/lru-cache
3565 silly ADD node_modules/lowercase-keys
3566 silly ADD node_modules/lodash.isempty
3567 silly ADD node_modules/lodash.compact
3568 silly ADD node_modules/lodash.castarray
3569 silly ADD node_modules/lodash
3570 silly ADD node_modules/locate-path
3571 silly ADD node_modules/loader-runner
3572 silly ADD node_modules/linkify-it
3573 silly ADD
3574 silly ADD
3575 silly ADD
3576 silly ADD
3577 silly ADD node_modules/lightningcss-linux-arm64-musl
3578 silly ADD node_modules/lightningcss-linux-arm64-gnu
3579 silly ADD
3580 silly ADD
3581 silly ADD
3582 silly ADD
3583 silly ADD
3584 silly ADD node_modules/lightningcss
3585 silly ADD node_modules/light-my-request
3586 silly ADD node_modules/latest-version
3587 silly ADD node_modules/knex
3588 silly ADD node_modules/kleur
3589 silly ADD node_modules/kind-of
3590 silly ADD node_modules/keyv
3591 silly ADD node_modules/jstransformer-markdown-it
3592 silly ADD node_modules/jstransformer
3593 silly ADD node_modules/jsonparse
3594 silly ADD node_modules/jsonlines
3595 silly ADD node_modules/jsonfile
3596 silly ADD node_modules/json5
3597 silly ADD node_modules/json-schema-traverse
3598 silly ADD node_modules/json-schema-ref-resolver
3599 silly ADD node_modules/json-parse-helpfulerror
3600 silly ADD node_modules/json-parse-even-better-errors
3601 silly ADD node_modules/json-buffer
3602 silly ADD node_modules/js-yaml
3603 silly ADD node_modules/js-stringify
3604 silly ADD node_modules/js-cookie
3605 silly ADD node_modules/js-beautify
3606 silly ADD node_modules/js-beautify/node_modules/nopt
3607 silly ADD node_modules/js-beautify/node_modules/abbrev
3608 silly ADD node_modules/jquery
3609 silly ADD node_modules/joycon
3610 silly ADD node_modules/jju
3611 silly ADD node_modules/jest-worker
3612 silly ADD node_modules/jackspeak
3613 silly ADD node_modules/isobject
3614 silly ADD node_modules/isexe
3615 silly ADD node_modules/isbinaryfile
3616 silly ADD node_modules/is-yarn-global
3617 silly ADD node_modules/is-typedarray
3618 silly ADD node_modules/is-regex
3619 silly ADD node_modules/is-promise
3620 silly ADD node_modules/is-plain-object
3621 silly ADD node_modules/is-path-inside
3622 silly ADD node_modules/is-obj
3623 silly ADD node_modules/is-number
3624 silly ADD node_modules/is-npm
3625 silly ADD node_modules/is-lambda
3626 silly ADD node_modules/is-installed-globally
3627 silly ADD node_modules/is-glob
3628 silly ADD node_modules/is-fullwidth-code-point
3629 silly ADD node_modules/is-extglob
3630 silly ADD node_modules/is-expression
3631 silly ADD node_modules/is-docker
3632 silly ADD node_modules/is-core-module
3633 silly ADD node_modules/is-ci
3634 silly ADD node_modules/is-binary-path
3635 silly ADD node_modules/ipaddr.js
3636 silly ADD node_modules/ip-address
3637 silly ADD node_modules/interpret
3638 silly ADD node_modules/ini
3639 silly ADD node_modules/inherits
3640 silly ADD node_modules/inflight
3641 silly ADD node_modules/inflection
3642 silly ADD node_modules/infer-owner
3643 silly ADD node_modules/indent-string
3644 silly ADD node_modules/imurmurhash
3645 silly ADD node_modules/import-local
3646 silly ADD node_modules/import-lazy
3647 silly ADD node_modules/ignore-walk
3648 silly ADD node_modules/ignore
3649 silly ADD node_modules/ieee754
3650 silly ADD node_modules/icss-utils
3651 silly ADD node_modules/iconv-lite
3652 silly ADD node_modules/i18next
3653 silly ADD node_modules/humanize-ms
3654 silly ADD node_modules/https-proxy-agent
3655 silly ADD node_modules/http2-wrapper
3656 silly ADD node_modules/http-proxy-agent
3657 silly ADD node_modules/http-errors
3658 silly ADD node_modules/http-cache-semantics
3659 silly ADD node_modules/hosted-git-info
3660 silly ADD node_modules/help-me
3661 silly ADD node_modules/help-me/node_modules/minimatch
3662 silly ADD node_modules/help-me/node_modules/glob
3663 silly ADD node_modules/hasown
3664 silly ADD node_modules/has-yarn
3665 silly ADD node_modules/has-unicode
3666 silly ADD node_modules/has-tostringtag
3667 silly ADD node_modules/has-symbols
3668 silly ADD node_modules/has-flag
3669 silly ADD node_modules/graceful-fs
3670 silly ADD node_modules/got
3671 silly ADD node_modules/gopd
3672 silly ADD node_modules/globby
3673 silly ADD node_modules/global-dirs
3674 silly ADD node_modules/global-dirs/node_modules/ini
3675 silly ADD node_modules/glob-to-regexp
3676 silly ADD node_modules/glob-parent
3677 silly ADD node_modules/glob
3678 silly ADD node_modules/github-from-package
3679 silly ADD node_modules/getopts
3680 silly ADD node_modules/get-stream
3681 silly ADD node_modules/get-stdin
3682 silly ADD node_modules/get-proto
3683 silly ADD node_modules/get-package-type
3684 silly ADD node_modules/get-intrinsic
3685 silly ADD node_modules/get-caller-file
3686 silly ADD node_modules/generify
3687 silly ADD node_modules/gauge
3688 silly ADD node_modules/gauge/node_modules/strip-ansi
3689 silly ADD node_modules/gauge/node_modules/string-width
3690 silly ADD node_modules/gauge/node_modules/signal-exit
3691 silly ADD node_modules/gauge/node_modules/emoji-regex
3692 silly ADD node_modules/gauge/node_modules/ansi-regex
3693 silly ADD node_modules/function-bind
3694 silly ADD
3695 silly ADD node_modules/fs.realpath
3696 silly ADD node_modules/fs-minipass
3697 silly ADD node_modules/fs-extra
3698 silly ADD node_modules/fs-constants
3699 silly ADD node_modules/fp-and-or
3700 silly ADD node_modules/forwarded
3701 silly ADD node_modules/form-data-encoder
3702 silly ADD node_modules/foreground-child
3703 silly ADD node_modules/flat
3704 silly ADD node_modules/find-up
3705 silly ADD node_modules/find-my-way
3706 silly ADD node_modules/fill-range
3707 silly ADD node_modules/file-uri-to-path
3708 silly ADD node_modules/fastq
3709 silly ADD node_modules/fastify-reverse-routes
3710 silly ADD node_modules/fastify-reverse-routes/node_modules/fastify-plugin
3711 silly ADD node_modules/fastify-plugin
3712 silly ADD node_modules/fastify-objectionjs
3713 silly ADD node_modules/fastify-objectionjs/node_modules/pg-connection-string
3714 silly ADD node_modules/fastify-objectionjs/node_modules/knex
3715 silly ADD node_modules/fastify-method-override
3716 silly ADD node_modules/fastify-error-page
3717 silly ADD node_modules/fastify-error-page/node_modules/fastify-plugin
3718 silly ADD node_modules/fastify-cli
3719 silly ADD node_modules/fastify
3720 silly ADD node_modules/fastest-levenshtein
3721 silly ADD node_modules/fast-uri
3722 silly ADD node_modules/fast-safe-stringify
3723 silly ADD node_modules/fast-querystring
3724 silly ADD node_modules/fast-memoize
3725 silly ADD node_modules/fast-json-stringify
3726 silly ADD node_modules/fast-json-stringify/node_modules/ajv-formats
3727 silly ADD node_modules/fast-glob
3728 silly ADD node_modules/fast-deep-equal
3729 silly ADD node_modules/fast-decode-uri-component
3730 silly ADD node_modules/fast-copy
3731 silly ADD node_modules/fast-content-type-parse
3732 silly ADD node_modules/exponential-backoff
3733 silly ADD node_modules/expect-type
3734 silly ADD node_modules/expand-template
3735 silly ADD node_modules/events
3736 silly ADD node_modules/event-target-shim
3737 silly ADD node_modules/estree-walker
3738 silly ADD node_modules/estraverse
3739 silly ADD node_modules/esrecurse
3740 silly ADD node_modules/esrecurse/node_modules/estraverse
3741 silly ADD node_modules/esm
3742 silly ADD node_modules/eslint-scope
3743 silly ADD node_modules/escape-html
3744 silly ADD node_modules/escape-goat
3745 silly ADD node_modules/escalade
3746 silly ADD node_modules/es-object-atoms
3747 silly ADD node_modules/es-module-lexer
3748 silly ADD node_modules/es-errors
3749 silly ADD node_modules/es-define-property
3750 silly ADD node_modules/err-code
3751 silly ADD node_modules/envinfo
3752 silly ADD node_modules/env-paths
3753 silly ADD node_modules/entities
3754 silly ADD node_modules/enhanced-resolve
3755 silly ADD node_modules/end-of-stream
3756 silly ADD node_modules/encoding
3757 silly ADD node_modules/emoji-regex
3758 silly ADD node_modules/electron-to-chromium
3759 silly ADD node_modules/editorconfig
3760 silly ADD node_modules/eastasianwidth
3761 silly ADD node_modules/dunder-proto
3762 silly ADD node_modules/dottie
3763 silly ADD node_modules/dotenv
3764 silly ADD node_modules/dot-prop
3765 silly ADD node_modules/doctypes
3766 silly ADD node_modules/dir-glob
3767 silly ADD node_modules/detect-libc
3768 silly ADD node_modules/depd
3769 silly ADD node_modules/delegates
3770 silly ADD node_modules/defer-to-connect
3771 silly ADD node_modules/deep-extend
3772 silly ADD node_modules/decompress-response
3773 silly ADD node_modules/debug
3774 silly ADD node_modules/db-errors
3775 silly ADD node_modules/dateformat
3776 silly ADD node_modules/date-fns
3777 silly ADD node_modules/cssesc
3778 silly ADD node_modules/css-loader
3779 silly ADD node_modules/crypto-random-string
3780 silly ADD node_modules/crypto-random-string/node_modules/type-fest
3781 silly ADD node_modules/cross-spawn
3782 silly ADD node_modules/cookie-signature
3783 silly ADD node_modules/cookie
3784 silly ADD node_modules/convert-source-map
3785 silly ADD node_modules/content-disposition
3786 silly ADD node_modules/constantinople
3787 silly ADD node_modules/console-control-strings
3788 silly ADD node_modules/configstore
3789 silly ADD node_modules/config-chain
3790 silly ADD node_modules/config-chain/node_modules/ini
3791 silly ADD node_modules/concurrently
3792 silly ADD node_modules/concat-map
3793 silly ADD node_modules/commist
3794 silly ADD node_modules/commander
3795 silly ADD node_modules/colorette
3796 silly ADD node_modules/color-support
3797 silly ADD node_modules/color-name
3798 silly ADD node_modules/color-convert
3799 silly ADD node_modules/close-with-grace
3800 silly ADD node_modules/clone-deep
3801 silly ADD node_modules/cliui
3802 silly ADD node_modules/cliui/node_modules/wrap-ansi
3803 silly ADD node_modules/cliui/node_modules/strip-ansi
3804 silly ADD node_modules/cliui/node_modules/string-width
3805 silly ADD node_modules/cliui/node_modules/emoji-regex
3806 silly ADD node_modules/cliui/node_modules/ansi-regex
3807 silly ADD node_modules/cli-table3
3808 silly ADD node_modules/cli-table3/node_modules/strip-ansi
3809 silly ADD node_modules/cli-table3/node_modules/string-width
3810 silly ADD node_modules/cli-table3/node_modules/emoji-regex
3811 silly ADD node_modules/cli-table3/node_modules/ansi-regex
3812 silly ADD node_modules/cli-boxes
3813 silly ADD node_modules/clean-stack
3814 silly ADD node_modules/ci-info
3815 silly ADD node_modules/chrome-trace-event
3816 silly ADD node_modules/chownr
3817 silly ADD node_modules/chokidar
3818 silly ADD node_modules/character-parser
3819 silly ADD node_modules/chalk
3820 silly ADD node_modules/chalk/node_modules/supports-color
3821 silly ADD node_modules/chai
3822 silly ADD node_modules/caniuse-lite
3823 silly ADD node_modules/camelcase
3824 silly ADD node_modules/call-bound
3825 silly ADD node_modules/call-bind-apply-helpers
3826 silly ADD node_modules/cacheable-request
3827 silly ADD node_modules/cacheable-request/node_modules/mimic-response
3828 silly ADD node_modules/cacheable-lookup
3829 silly ADD node_modules/cacache
3830 silly ADD node_modules/buffer-from
3831 silly ADD node_modules/buffer
3832 silly ADD node_modules/browserslist
3833 silly ADD node_modules/braces
3834 silly ADD node_modules/brace-expansion
3835 silly ADD node_modules/boxen
3836 silly ADD node_modules/boxen/node_modules/chalk
3837 silly ADD node_modules/bootstrap
3838 silly ADD node_modules/bluebird
3839 silly ADD node_modules/bl
3840 silly ADD node_modules/bindings
3841 silly ADD node_modules/binary-extensions
3842 silly ADD node_modules/better-sqlite3
3843 silly ADD node_modules/baseline-browser-mapping
3844 silly ADD node_modules/base64-js
3845 silly ADD node_modules/bare-semver
3846 silly ADD node_modules/bare-module-resolve
3847 silly ADD node_modules/bare-addon-resolve
3848 silly ADD node_modules/balanced-match
3849 silly ADD node_modules/babel-walk
3850 silly ADD node_modules/avvio
3851 silly ADD node_modules/atomic-sleep
3852 silly ADD node_modules/at-least-node
3853 silly ADD node_modules/assertion-error
3854 silly ADD node_modules/assert-never
3855 silly ADD node_modules/asap
3856 silly ADD node_modules/array-union
3857 silly ADD node_modules/argparse
3858 silly ADD node_modules/are-we-there-yet
3859 silly ADD node_modules/aproba
3860 silly ADD node_modules/anymatch
3861 silly ADD node_modules/ansi-styles
3862 silly ADD node_modules/ansi-regex
3863 silly ADD node_modules/ansi-align
3864 silly ADD node_modules/ansi-align/node_modules/strip-ansi
3865 silly ADD node_modules/ansi-align/node_modules/string-width
3866 silly ADD node_modules/ansi-align/node_modules/emoji-regex
3867 silly ADD node_modules/ansi-align/node_modules/ansi-regex
3868 silly ADD node_modules/ajv-keywords
3869 silly ADD node_modules/ajv-formats
3870 silly ADD node_modules/ajv
3871 silly ADD node_modules/ajv/node_modules/fast-uri
3872 silly ADD node_modules/aggregate-error
3873 silly ADD node_modules/agentkeepalive
3874 silly ADD node_modules/agent-base
3875 silly ADD node_modules/acorn
3876 silly ADD node_modules/abstract-logging
3877 silly ADD node_modules/abort-controller
3878 silly ADD node_modules/abbrev
3879 silly ADD node_modules/@xtuc/long
3880 silly ADD node_modules/@xtuc/ieee754
3881 silly ADD node_modules/@webpack-cli/serve
3882 silly ADD node_modules/@webpack-cli/info
3883 silly ADD node_modules/@webpack-cli/configtest
3884 silly ADD node_modules/@webassemblyjs/wast-printer
3885 silly ADD node_modules/@webassemblyjs/wasm-parser
3886 silly ADD node_modules/@webassemblyjs/wasm-opt
3887 silly ADD node_modules/@webassemblyjs/wasm-gen
3888 silly ADD node_modules/@webassemblyjs/wasm-edit
3889 silly ADD node_modules/@webassemblyjs/utf8
3890 silly ADD node_modules/@webassemblyjs/leb128
3891 silly ADD node_modules/@webassemblyjs/ieee754
3892 silly ADD node_modules/@webassemblyjs/helper-wasm-section
3893 silly ADD node_modules/@webassemblyjs/helper-wasm-bytecode
3894 silly ADD node_modules/@webassemblyjs/helper-numbers
3895 silly ADD node_modules/@webassemblyjs/helper-buffer
3896 silly ADD node_modules/@webassemblyjs/helper-api-error
3897 silly ADD node_modules/@webassemblyjs/floating-point-hex-parser
3898 silly ADD node_modules/@webassemblyjs/ast
3899 silly ADD node_modules/@vscode/sqlite3
3900 silly ADD node_modules/@vitest/utils
3901 silly ADD node_modules/@vitest/spy
3902 silly ADD node_modules/@vitest/snapshot
3903 silly ADD node_modules/@vitest/runner
3904 silly ADD node_modules/@vitest/pretty-format
3905 silly ADD node_modules/@vitest/mocker
3906 silly ADD node_modules/@vitest/expect
3907 silly ADD node_modules/@types/validator
3908 silly ADD node_modules/@types/stack-trace
3909 silly ADD node_modules/@types/semver-utils
3910 silly ADD node_modules/@types/node
3911 silly ADD node_modules/@types/ms
3912 silly ADD node_modules/@types/json-schema
3913 silly ADD node_modules/@types/http-cache-semantics
3914 silly ADD node_modules/@types/estree
3915 silly ADD node_modules/@types/deep-eql
3916 silly ADD node_modules/@types/debug
3917 silly ADD node_modules/@types/chai
3918 silly ADD
3919 silly ADD node_modules/@tufjs/models
3920 silly ADD node_modules/@tufjs/canonical-json
3921 silly ADD node_modules/@tootallnate/once
3922 silly ADD node_modules/@szmarczak/http-timer
3923 silly ADD node_modules/@standard-schema/spec
3924 silly ADD node_modules/@sindresorhus/is
3925 silly ADD node_modules/@sigstore/tuf
3926 silly ADD node_modules/@sigstore/sign
3927 silly ADD node_modules/@sigstore/protobuf-specs
3928 silly ADD node_modules/@sigstore/bundle
3929 silly ADD node_modules/@rolldown/pluginutils
3930 silly ADD
3931 silly ADD
3932 silly ADD
3933 silly ADD
3934 silly ADD
3935 silly ADD
3936 silly ADD
3937 silly ADD
3938 silly ADD
3939 silly ADD
3940 silly ADD
3941 silly ADD
3942 silly ADD
3943 silly ADD
3944 silly ADD
3945 silly ADD node_modules/@rails/ujs
3946 silly ADD node_modules/@popperjs/core
3947 silly ADD node_modules/@pnpm/npm-conf
3948 silly ADD node_modules/@pnpm/network.ca-file
3949 silly ADD node_modules/@pnpm/network.ca-file/node_modules/graceful-fs
3950 silly ADD node_modules/@pnpm/config.env-replace
3951 silly ADD node_modules/@pkgjs/parseargs
3952 silly ADD node_modules/@pinojs/redact
3953 silly ADD node_modules/@oxc-project/types
3954 silly ADD node_modules/@one-ini/wasm
3955 silly ADD node_modules/@npmcli/run-script
3956 silly ADD node_modules/@npmcli/run-script/node_modules/which
3957 silly ADD node_modules/@npmcli/promise-spawn
3958 silly ADD node_modules/@npmcli/promise-spawn/node_modules/which
3959 silly ADD node_modules/@npmcli/node-gyp
3960 silly ADD node_modules/@npmcli/move-file
3961 silly ADD node_modules/@npmcli/move-file/node_modules/rimraf
3962 silly ADD node_modules/@npmcli/move-file/node_modules/minimatch
3963 silly ADD node_modules/@npmcli/move-file/node_modules/glob
3964 silly ADD node_modules/@npmcli/move-file/node_modules/brace-expansion
3965 silly ADD node_modules/@npmcli/installed-package-contents
3966 silly ADD node_modules/@npmcli/git
3967 silly ADD node_modules/@npmcli/git/node_modules/which
3968 silly ADD node_modules/@npmcli/fs
3969 silly ADD node_modules/@nodelib/fs.walk
3970 silly ADD node_modules/@nodelib/fs.stat
3971 silly ADD node_modules/@nodelib/fs.scandir
3972 silly ADD
3973 silly ADD node_modules/@lukeed/ms
3974 silly ADD node_modules/@jridgewell/trace-mapping
3975 silly ADD node_modules/@jridgewell/sourcemap-codec
3976 silly ADD node_modules/@jridgewell/source-map
3977 silly ADD node_modules/@jridgewell/resolve-uri
3978 silly ADD node_modules/@jridgewell/gen-mapping
3979 silly ADD node_modules/@isaacs/cliui
3980 silly ADD node_modules/@gar/promisify
3981 silly ADD node_modules/@fastify/view
3982 silly ADD node_modules/@fastify/static
3983 silly ADD node_modules/@fastify/sensible
3984 silly ADD node_modules/@fastify/send
3985 silly ADD node_modules/@fastify/send/node_modules/statuses
3986 silly ADD node_modules/@fastify/send/node_modules/http-errors
3987 silly ADD node_modules/@fastify/secure-session
3988 silly ADD node_modules/@fastify/merge-json-schemas
3989 silly ADD node_modules/@fastify/formbody
3990 silly ADD node_modules/@fastify/flash
3991 silly ADD node_modules/@fastify/fast-json-stringify-compiler
3992 silly ADD node_modules/@fastify/error
3993 silly ADD node_modules/@fastify/deepmerge
3994 silly ADD node_modules/@fastify/cookie
3995 silly ADD node_modules/@fastify/ajv-compiler
3996 silly ADD node_modules/@fastify/accept-negotiator
3997 silly ADD
3998 silly ADD
3999 silly ADD
4000 silly ADD node_modules/@discoveryjs/json-ext
4001 silly ADD node_modules/@colors/colors
4002 silly ADD
4003 silly ADD
4004 silly ADD
4005 silly ADD
4006 silly ADD node_modules/@biomejs/cli-linux-arm64-musl
4007 silly ADD node_modules/@biomejs/cli-linux-arm64
4008 silly ADD
4009 silly ADD
4010 silly ADD node_modules/@biomejs/biome
4011 silly ADD node_modules/@babel/types
4012 silly ADD node_modules/@babel/runtime
4013 silly ADD node_modules/@babel/parser
4014 silly ADD node_modules/@babel/helper-validator-identifier
4015 silly ADD node_modules/@babel/helper-string-parser
4016 timing command:install Completed in 51429ms
4017 notice
4017 notice New [31mmajor[39m version of npm available! [31m10.5.0[39m -> [32m12.0.2[39m
4017 notice Changelog: [36mhttps://github.com/npm/cli/releases/tag/v12.0.2[39m
4017 notice Run [32mnpm install -g npm@12.0.2[39m to update!
4017 notice
4018 verbose exit 0
4019 timing npm Completed in 51535ms
4020 info ok
