0 verbose cli /usr/local/bin/node /usr/local/bin/npm
1 info using npm@10.5.0
2 info using node@v20.12.2
3 timing npm:load:whichnode Completed in 0ms
4 timing config:load:defaults Completed in 1ms
5 timing config:load:file:/usr/local/lib/node_modules/npm/npmrc Completed in 0ms
6 timing config:load:builtin Completed in 0ms
7 timing config:load:cli Completed in 1ms
8 timing config:load:env Completed in 0ms
9 timing config:load:project Completed in 3ms
10 timing config:load:file:/root/.npmrc Completed in 1ms
11 timing config:load:user Completed in 1ms
12 timing config:load:file:/usr/local/etc/npmrc Completed in 0ms
13 timing config:load:global Completed in 0ms
14 timing config:load:setEnvs Completed in 0ms
15 timing config:load Completed in 6ms
16 timing npm:load:configload Completed in 6ms
17 timing config:load:flatten Completed in 1ms
18 timing npm:load:mkdirpcache Completed in 0ms
19 timing npm:load:mkdirplogs Completed in 0ms
20 verbose title npm install @rolldown/binding-linux-arm64-gnu
21 verbose argv "install" "@rolldown/binding-linux-arm64-gnu"
22 timing npm:load:setTitle Completed in 0ms
23 timing npm:load:display Completed in 0ms
24 verbose logfile logs-max:10 dir:/root/.npm/_logs/2026-07-31T14_43_49_842Z-
25 verbose logfile /root/.npm/_logs/2026-07-31T14_43_49_842Z-debug-0.log
26 timing npm:load:logFile Completed in 4ms
27 timing npm:load:timers Completed in 0ms
28 timing npm:load:configScope Completed in 0ms
29 timing npm:load Completed in 18ms
30 timing arborist:ctor Completed in 0ms
31 silly logfile done cleaning log files
32 timing idealTree:init Completed in 122ms
33 timing idealTree:userRequests Completed in 0ms
34 silly idealTree buildDeps
35 silly fetch manifest @rolldown/binding-linux-arm64-gnu@*
36 http fetch GET 200 https://registry.npmjs.org/@rolldown%2fbinding-linux-arm64-gnu 261ms (cache revalidated)
37 silly placeDep ROOT @rolldown/binding-linux-arm64-gnu@1.2.1 OK for: javascript-fastify-blog@0.1.0 want: *
38 timing idealTree:#root Completed in 271ms
39 timing idealTree:node_modules/@rolldown/binding-linux-arm64-gnu Completed in 0ms
40 timing idealTree:buildDeps Completed in 273ms
41 timing idealTree:fixDepFlags Completed in 5ms
42 warn EBADENGINE Unsupported engine {
42 warn EBADENGINE   package: 'javascript-fastify-blog@0.1.0',
42 warn EBADENGINE   required: { node: '>=26.0' },
42 warn EBADENGINE   current: { node: 'v20.12.2', npm: '10.5.0' }
42 warn EBADENGINE }
43 warn EBADENGINE Unsupported engine {
43 warn EBADENGINE   package: '@napi-rs/wasm-runtime@1.2.2',
43 warn EBADENGINE   required: { node: '^20.19.0 || ^22.13.0 || >=23.5.0' },
43 warn EBADENGINE   current: { node: 'v20.12.2', npm: '10.5.0' }
43 warn EBADENGINE }
44 warn EBADENGINE Unsupported engine {
44 warn EBADENGINE   package: '@rolldown/binding-wasm32-wasi@1.2.1',
44 warn EBADENGINE   required: { node: '^20.19.0 || ^22.13.0 || >=23.5.0' },
44 warn EBADENGINE   current: { node: 'v20.12.2', npm: '10.5.0' }
44 warn EBADENGINE }
45 warn EBADENGINE Unsupported engine {
45 warn EBADENGINE   package: 'rolldown@1.0.3',
45 warn EBADENGINE   required: { node: '^20.19.0 || >=22.12.0' },
45 warn EBADENGINE   current: { node: 'v20.12.2', npm: '10.5.0' }
45 warn EBADENGINE }
46 warn EBADENGINE Unsupported engine {
46 warn EBADENGINE   package: 'vite@8.0.16',
46 warn EBADENGINE   required: { node: '^20.19.0 || >=22.12.0' },
46 warn EBADENGINE   current: { node: 'v20.12.2', npm: '10.5.0' }
46 warn EBADENGINE }
47 warn EBADENGINE Unsupported engine {
47 warn EBADENGINE   package: '@rolldown/binding-linux-arm64-gnu@1.2.1',
47 warn EBADENGINE   required: { node: '^20.19.0 || >=22.12.0' },
47 warn EBADENGINE   current: { node: 'v20.12.2', npm: '10.5.0' }
47 warn EBADENGINE }
48 timing idealTree Completed in 531ms
49 timing reify:loadTrees Completed in 532ms
50 timing reify:diffTrees Completed in 6ms
51 silly reify moves {}
52 timing reify:retireShallow Completed in 0ms
53 timing reify:createSparse Completed in 253ms
54 timing reify:loadBundles Completed in 0ms
55 silly audit bulk request {
55 silly audit   '@babel/helper-string-parser': [ '7.29.7' ],
55 silly audit   '@babel/helper-validator-identifier': [ '7.29.7' ],
55 silly audit   '@babel/parser': [ '7.29.7' ],
55 silly audit   '@babel/runtime': [ '7.29.7' ],
55 silly audit   '@babel/types': [ '7.29.7' ],
55 silly audit   '@biomejs/biome': [ '2.4.16' ],
55 silly audit   '@biomejs/cli-darwin-arm64': [ '2.4.16' ],
55 silly audit   '@biomejs/cli-darwin-x64': [ '2.4.16' ],
55 silly audit   '@biomejs/cli-linux-arm64': [ '2.4.16' ],
55 silly audit   '@biomejs/cli-linux-arm64-musl': [ '2.4.16' ],
55 silly audit   '@biomejs/cli-linux-x64': [ '2.4.16' ],
55 silly audit   '@biomejs/cli-linux-x64-musl': [ '2.4.16' ],
55 silly audit   '@biomejs/cli-win32-arm64': [ '2.4.16' ],
55 silly audit   '@biomejs/cli-win32-x64': [ '2.4.16' ],
55 silly audit   '@colors/colors': [ '1.5.0' ],
55 silly audit   '@discoveryjs/json-ext': [ '0.5.7' ],
55 silly audit   '@emnapi/core': [ '2.0.0-alpha.3', '1.10.0' ],
55 silly audit   '@emnapi/runtime': [ '2.0.0-alpha.3', '1.10.0' ],
55 silly audit   '@emnapi/wasi-threads': [ '2.0.1', '1.2.1' ],
55 silly audit   '@fastify/accept-negotiator': [ '1.1.0' ],
55 silly audit   '@fastify/ajv-compiler': [ '3.6.0' ],
55 silly audit   '@fastify/cookie': [ '9.4.0' ],
55 silly audit   '@fastify/deepmerge': [ '2.0.2' ],
55 silly audit   '@fastify/error': [ '3.4.1' ],
55 silly audit   '@fastify/fast-json-stringify-compiler': [ '4.3.0' ],
55 silly audit   '@fastify/flash': [ '5.2.0' ],
55 silly audit   '@fastify/formbody': [ '7.4.0' ],
55 silly audit   '@fastify/merge-json-schemas': [ '0.1.1' ],
55 silly audit   '@fastify/secure-session': [ '7.5.1' ],
55 silly audit   '@fastify/send': [ '2.1.0' ],
55 silly audit   'http-errors': [ '2.0.0', '2.0.1' ],
55 silly audit   statuses: [ '2.0.1', '2.0.2' ],
55 silly audit   '@fastify/sensible': [ '5.6.0' ],
55 silly audit   '@fastify/static': [ '7.0.4' ],
55 silly audit   '@fastify/view': [ '9.1.0' ],
55 silly audit   '@gar/promisify': [ '1.1.3' ],
55 silly audit   '@isaacs/cliui': [ '8.0.2' ],
55 silly audit   '@jridgewell/gen-mapping': [ '0.3.13' ],
55 silly audit   '@jridgewell/resolve-uri': [ '3.1.2' ],
55 silly audit   '@jridgewell/source-map': [ '0.3.11' ],
55 silly audit   '@jridgewell/sourcemap-codec': [ '1.5.5' ],
55 silly audit   '@jridgewell/trace-mapping': [ '0.3.31' ],
55 silly audit   '@lukeed/ms': [ '2.0.2' ],
55 silly audit   '@napi-rs/wasm-runtime': [ '1.2.2' ],
55 silly audit   '@nodelib/fs.scandir': [ '2.1.5' ],
55 silly audit   '@nodelib/fs.stat': [ '2.0.5' ],
55 silly audit   '@nodelib/fs.walk': [ '1.2.8' ],
55 silly audit   '@npmcli/fs': [ '3.1.1', '2.1.2', '1.1.1' ],
55 silly audit   '@npmcli/git': [ '4.1.0' ],
55 silly audit   which: [ '3.0.1', '2.0.2' ],
55 silly audit   '@npmcli/installed-package-contents': [ '2.1.0' ],
55 silly audit   '@npmcli/move-file': [ '2.0.1', '1.1.2' ],
55 silly audit   'brace-expansion': [ '1.1.15', '2.1.1' ],
55 silly audit   glob: [ '7.2.3', '10.5.0', '8.1.0' ],
55 silly audit   minimatch: [ '3.1.5', '5.1.9', '9.0.9' ],
55 silly audit   rimraf: [ '3.0.2', '5.0.10' ],
55 silly audit   '@npmcli/node-gyp': [ '3.0.0' ],
55 silly audit   '@npmcli/promise-spawn': [ '6.0.2' ],
55 silly audit   '@npmcli/run-script': [ '6.0.2' ],
55 silly audit   '@one-ini/wasm': [ '0.1.1' ],
55 silly audit   '@oxc-project/types': [ '0.133.0' ],
55 silly audit   '@pinojs/redact': [ '0.4.0' ],
55 silly audit   '@pkgjs/parseargs': [ '0.11.0' ],
55 silly audit   '@pnpm/config.env-replace': [ '1.1.0' ],
55 silly audit   '@pnpm/network.ca-file': [ '1.0.2' ],
55 silly audit   'graceful-fs': [ '4.2.10', '4.2.11' ],
55 silly audit   '@pnpm/npm-conf': [ '3.0.2' ],
55 silly audit   '@popperjs/core': [ '2.11.8' ],
55 silly audit   '@rails/ujs': [ '7.1.3-4' ],
55 silly audit   '@rolldown/binding-android-arm64': [ '1.0.3' ],
55 silly audit   '@rolldown/binding-darwin-arm64': [ '1.0.3' ],
55 silly audit   '@rolldown/binding-darwin-x64': [ '1.0.3' ],
55 silly audit   '@rolldown/binding-freebsd-x64': [ '1.0.3' ],
55 silly audit   '@rolldown/binding-linux-arm-gnueabihf': [ '1.0.3' ],
55 silly audit   '@rolldown/binding-linux-arm64-musl': [ '1.0.3' ],
55 silly audit   '@rolldown/binding-linux-ppc64-gnu': [ '1.0.3' ],
55 silly audit   '@rolldown/binding-linux-s390x-gnu': [ '1.0.3' ],
55 silly audit   '@rolldown/binding-linux-x64-gnu': [ '1.0.3' ],
55 silly audit   '@rolldown/binding-linux-x64-musl': [ '1.0.3' ],
55 silly audit   '@rolldown/binding-openharmony-arm64': [ '1.0.3' ],
55 silly audit   '@rolldown/binding-wasm32-wasi': [ '1.2.1', '1.0.3' ],
55 silly audit   '@rolldown/binding-win32-arm64-msvc': [ '1.0.3' ],
55 silly audit   '@rolldown/binding-win32-x64-msvc': [ '1.0.3' ],
55 silly audit   '@rolldown/pluginutils': [ '1.0.1' ],
55 silly audit   '@sigstore/bundle': [ '1.1.0' ],
55 silly audit   '@sigstore/protobuf-specs': [ '0.2.1' ],
55 silly audit   '@sigstore/sign': [ '1.0.0' ],
55 silly audit   '@sigstore/tuf': [ '1.0.3' ],
55 silly audit   '@sindresorhus/is': [ '5.6.0' ],
55 silly audit   '@standard-schema/spec': [ '1.1.0' ],
55 silly audit   '@szmarczak/http-timer': [ '5.0.1' ],
55 silly audit   '@tootallnate/once': [ '2.0.1', '1.1.2' ],
55 silly audit   '@tufjs/canonical-json': [ '1.0.0' ],
55 silly audit   '@tufjs/models': [ '1.0.4' ],
55 silly audit   '@tybys/wasm-util': [ '0.10.3' ],
55 silly audit   '@types/chai': [ '5.2.3' ],
55 silly audit   '@types/debug': [ '4.1.13' ],
55 silly audit   '@types/deep-eql': [ '4.0.2' ],
55 silly audit   '@types/estree': [ '1.0.9' ],
55 silly audit   '@types/http-cache-semantics': [ '4.2.0' ],
55 silly audit   '@types/json-schema': [ '7.0.15' ],
55 silly audit   '@types/ms': [ '2.1.0' ],
55 silly audit   '@types/node': [ '20.19.41' ],
55 silly audit   '@types/semver-utils': [ '1.1.3' ],
55 silly audit   '@types/stack-trace': [ '0.0.29' ],
55 silly audit   '@types/validator': [ '13.15.10' ],
55 silly audit   '@vitest/expect': [ '4.1.8' ],
55 silly audit   '@vitest/mocker': [ '4.1.8' ],
55 silly audit   '@vitest/pretty-format': [ '4.1.8' ],
55 silly audit   '@vitest/runner': [ '4.1.8' ],
55 silly audit   '@vitest/snapshot': [ '4.1.8' ],
55 silly audit   '@vitest/spy': [ '4.1.8' ],
55 silly audit   '@vitest/utils': [ '4.1.8' ],
55 silly audit   '@vscode/sqlite3': [ '5.1.2' ],
55 silly audit   '@webassemblyjs/ast': [ '1.14.1' ],
55 silly audit   '@webassemblyjs/floating-point-hex-parser': [ '1.13.2' ],
55 silly audit   '@webassemblyjs/helper-api-error': [ '1.13.2' ],
55 silly audit   '@webassemblyjs/helper-buffer': [ '1.14.1' ],
55 silly audit   '@webassemblyjs/helper-numbers': [ '1.13.2' ],
55 silly audit   '@webassemblyjs/helper-wasm-bytecode': [ '1.13.2' ],
55 silly audit   '@webassemblyjs/helper-wasm-section': [ '1.14.1' ],
55 silly audit   '@webassemblyjs/ieee754': [ '1.13.2' ],
55 silly audit   '@webassemblyjs/leb128': [ '1.13.2' ],
55 silly audit   '@webassemblyjs/utf8': [ '1.13.2' ],
55 silly audit   '@webassemblyjs/wasm-edit': [ '1.14.1' ],
55 silly audit   '@webassemblyjs/wasm-gen': [ '1.14.1' ],
55 silly audit   '@webassemblyjs/wasm-opt': [ '1.14.1' ],
55 silly audit   '@webassemblyjs/wasm-parser': [ '1.14.1' ],
55 silly audit   '@webassemblyjs/wast-printer': [ '1.14.1' ],
55 silly audit   '@webpack-cli/configtest': [ '2.1.1' ],
55 silly audit   '@webpack-cli/info': [ '2.0.2' ],
55 silly audit   '@webpack-cli/serve': [ '2.0.5' ],
55 silly audit   '@xtuc/ieee754': [ '1.2.0' ],
55 silly audit   '@xtuc/long': [ '4.2.2' ],
55 silly audit   abbrev: [ '1.1.1', '2.0.0' ],
55 silly audit   'abort-controller': [ '3.0.0' ],
55 silly audit   'abstract-logging': [ '2.0.1' ],
55 silly audit   acorn: [ '7.4.1', '8.16.0' ],
55 silly audit   'agent-base': [ '6.0.2' ],
55 silly audit   agentkeepalive: [ '4.6.0' ],
55 silly audit   'aggregate-error': [ '3.1.0' ],
55 silly audit   ajv: [ '8.20.0' ],
55 silly audit   'ajv-formats': [ '2.1.1', '3.0.1' ],
55 silly audit   'ajv-keywords': [ '5.1.0' ],
55 silly audit   'fast-uri': [ '3.1.2', '2.4.0' ],
55 silly audit   'ansi-align': [ '3.0.1' ],
55 silly audit   'ansi-regex': [ '5.0.1', '6.2.2' ],
55 silly audit   'emoji-regex': [ '8.0.0', '9.2.2' ],
55 silly audit   'string-width': [ '4.2.3', '5.1.2' ],
55 silly audit   'strip-ansi': [ '6.0.1', '7.2.0' ],
55 silly audit   'ansi-styles': [ '4.3.0', '6.2.3' ],
55 silly audit   anymatch: [ '3.1.3' ],
55 silly audit   aproba: [ '2.1.0' ],
55 silly audit   'are-we-there-yet': [ '3.0.1' ],
55 silly audit   argparse: [ '2.0.1' ],
55 silly audit   'array-union': [ '2.1.0' ],
55 silly audit   asap: [ '2.0.6' ],
55 silly audit   'assert-never': [ '1.4.0' ],
55 silly audit   'assertion-error': [ '2.0.1' ],
55 silly audit   'at-least-node': [ '1.0.0' ],
55 silly audit   'atomic-sleep': [ '1.0.0' ],
55 silly audit   avvio: [ '8.4.0' ],
55 silly audit   'babel-walk': [ '3.0.0-canary-5' ],
55 silly audit   'balanced-match': [ '1.0.2' ],
55 silly audit   'bare-addon-resolve': [ '1.10.0' ],
55 silly audit   'bare-module-resolve': [ '1.12.2' ],
55 silly audit   'bare-semver': [ '1.0.3' ],
55 silly audit   'base64-js': [ '1.5.1' ],
55 silly audit   'baseline-browser-mapping': [ '2.10.33' ],
55 silly audit   'better-sqlite3': [ '12.10.0' ],
55 silly audit   'binary-extensions': [ '2.3.0' ],
55 silly audit   bindings: [ '1.5.0' ],
55 silly audit   bl: [ '4.1.0' ],
55 silly audit   bluebird: [ '3.7.2' ],
55 silly audit   bootstrap: [ '5.3.8' ],
55 silly audit   boxen: [ '7.1.1' ],
55 silly audit   chalk: [ '5.6.2', '4.1.2' ],
55 silly audit   braces: [ '3.0.3' ],
55 silly audit   browserslist: [ '4.28.2' ],
55 silly audit   buffer: [ '5.7.1', '6.0.3' ],
55 silly audit   'buffer-from': [ '1.1.2' ],
55 silly audit   cacache: [ '17.1.4', '16.1.3', '15.3.0' ],
55 silly audit   'cacheable-lookup': [ '7.0.0' ],
55 silly audit   'cacheable-request': [ '10.2.14' ],
55 silly audit   'mimic-response': [ '4.0.0', '3.1.0' ],
55 silly audit   'call-bind-apply-helpers': [ '1.0.2' ],
55 silly audit   'call-bound': [ '1.0.4' ],
55 silly audit   camelcase: [ '7.0.1' ],
55 silly audit   'caniuse-lite': [ '1.0.30001793' ],
55 silly audit   chai: [ '6.2.2' ],
55 silly audit   'supports-color': [ '7.2.0', '8.1.1' ],
55 silly audit   'character-parser': [ '2.2.0' ],
55 silly audit   chokidar: [ '3.6.0' ],
55 silly audit   chownr: [ '2.0.0', '1.1.4' ],
55 silly audit   'chrome-trace-event': [ '1.0.4' ],
55 silly audit   'ci-info': [ '3.9.0' ],
55 silly audit   'clean-stack': [ '2.2.0' ],
55 silly audit   'cli-boxes': [ '3.0.0' ],
55 silly audit   'cli-table3': [ '0.6.5' ],
55 silly audit   cliui: [ '8.0.1', '7.0.4' ],
55 silly audit   'wrap-ansi': [ '7.0.0', '8.1.0' ],
55 silly audit   'clone-deep': [ '4.0.1' ],
55 silly audit   'close-with-grace': [ '1.3.0' ],
55 silly audit   'color-convert': [ '2.0.1' ],
55 silly audit   'color-name': [ '1.1.4' ],
55 silly audit   'color-support': [ '1.1.3' ],
55 silly audit   colorette: [ '2.0.19' ],
55 silly audit   commander: [ '10.0.1', '2.20.3' ],
55 silly audit   commist: [ '3.2.0' ],
55 silly audit   'concat-map': [ '0.0.1' ],
55 silly audit   concurrently: [ '8.2.2' ],
55 silly audit   'config-chain': [ '1.1.13' ],
55 silly audit   ini: [ '1.3.8', '2.0.0', '4.1.3' ],
55 silly audit   configstore: [ '6.0.0' ],
55 silly audit   'console-control-strings': [ '1.1.0' ],
55 silly audit   constantinople: [ '4.0.1' ],
55 silly audit   'content-disposition': [ '0.5.4' ],
55 silly audit   'convert-source-map': [ '2.0.0' ],
55 silly audit   cookie: [ '0.7.2', '0.4.2' ],
55 silly audit   'cookie-signature': [ '1.2.2' ],
55 silly audit   'cross-spawn': [ '7.0.6' ],
55 silly audit   'crypto-random-string': [ '4.0.0' ],
55 silly audit   'type-fest': [ '1.4.0', '2.19.0' ],
55 silly audit   'css-loader': [ '7.1.4' ],
55 silly audit   cssesc: [ '3.0.0' ],
55 silly audit   'date-fns': [ '2.30.0' ],
55 silly audit   dateformat: [ '4.6.3' ],
55 silly audit   'db-errors': [ '0.2.3' ],
55 silly audit   debug: [ '4.3.4', '4.4.3' ],
55 silly audit   'decompress-response': [ '6.0.0' ],
55 silly audit   'deep-extend': [ '0.6.0' ],
55 silly audit   'defer-to-connect': [ '2.0.1' ],
55 silly audit   delegates: [ '1.0.0' ],
55 silly audit   depd: [ '2.0.0' ],
55 silly audit   'detect-libc': [ '2.1.2' ],
55 silly audit   'dir-glob': [ '3.0.1' ],
55 silly audit   doctypes: [ '1.1.0' ],
55 silly audit   'dot-prop': [ '6.0.1' ],
55 silly audit   dotenv: [ '16.6.1' ],
55 silly audit   dottie: [ '2.0.7' ],
55 silly audit   'dunder-proto': [ '1.0.1' ],
55 silly audit   eastasianwidth: [ '0.2.0' ],
55 silly audit   editorconfig: [ '1.0.7' ],
55 silly audit   'electron-to-chromium': [ '1.5.364' ],
55 silly audit   encoding: [ '0.1.13' ],
55 silly audit   'end-of-stream': [ '1.4.5' ],
55 silly audit   'enhanced-resolve': [ '5.22.1' ],
55 silly audit   entities: [ '3.0.1' ],
55 silly audit   'env-paths': [ '2.2.1' ],
55 silly audit   envinfo: [ '7.21.0' ],
55 silly audit   'err-code': [ '2.0.3' ],
55 silly audit   'es-define-property': [ '1.0.1' ],
55 silly audit   'es-errors': [ '1.3.0' ],
55 silly audit   'es-module-lexer': [ '2.1.0' ],
55 silly audit   'es-object-atoms': [ '1.1.2' ],
55 silly audit   escalade: [ '3.2.0' ],
55 silly audit   'escape-goat': [ '4.0.0' ],
55 silly audit   'escape-html': [ '1.0.3' ],
55 silly audit   'eslint-scope': [ '5.1.1' ],
55 silly audit   esm: [ '3.2.25' ],
55 silly audit   esrecurse: [ '4.3.0' ],
55 silly audit   estraverse: [ '5.3.0', '4.3.0' ],
55 silly audit   'estree-walker': [ '3.0.3' ],
55 silly audit   'event-target-shim': [ '5.0.1' ],
55 silly audit   events: [ '3.3.0' ],
55 silly audit   'expand-template': [ '2.0.3' ],
55 silly audit   'expect-type': [ '1.3.0' ],
55 silly audit   'exponential-backoff': [ '3.1.3' ],
55 silly audit   'fast-content-type-parse': [ '1.1.0' ],
55 silly audit   'fast-copy': [ '3.0.2' ],
55 silly audit   'fast-decode-uri-component': [ '1.0.1' ],
55 silly audit   'fast-deep-equal': [ '3.1.3' ],
55 silly audit   'fast-glob': [ '3.3.3' ],
55 silly audit   'fast-json-stringify': [ '5.16.1' ],
55 silly audit   'fast-memoize': [ '2.5.2' ],
55 silly audit   'fast-querystring': [ '1.1.2' ],
55 silly audit   'fast-safe-stringify': [ '2.1.1' ],
55 silly audit   'fastest-levenshtein': [ '1.0.16' ],
55 silly audit   fastify: [ '4.29.1' ],
55 silly audit   'fastify-cli': [ '6.3.0' ],
55 silly audit   'fastify-error-page': [ '4.0.0' ],
55 silly audit   'fastify-plugin': [ '2.3.4', '4.5.1', '3.0.1' ],
55 silly audit   'fastify-method-override': [ '1.5.10' ],
55 silly audit   'fastify-objectionjs': [ '2.0.1' ],
55 silly audit   knex: [ '2.5.1', '3.2.10' ],
55 silly audit   'pg-connection-string': [ '2.6.1', '2.6.2', '2.13.0' ],
55 silly audit   'fastify-reverse-routes': [ '3.0.0' ],
55 silly audit   fastq: [ '1.20.1' ],
55 silly audit   'file-uri-to-path': [ '1.0.0' ],
55 silly audit   'fill-range': [ '7.1.1' ],
55 silly audit   'find-my-way': [ '8.2.2' ],
55 silly audit   'find-up': [ '5.0.0', '4.1.0', '3.0.0' ],
55 silly audit   flat: [ '5.0.2' ],
55 silly audit   'foreground-child': [ '3.3.1' ],
55 silly audit   'form-data-encoder': [ '2.1.4' ],
55 silly audit   forwarded: [ '0.2.0' ],
55 silly audit   'fp-and-or': [ '0.1.4' ],
55 silly audit   'fs-constants': [ '1.0.0' ],
55 silly audit   'fs-extra': [ '9.1.0' ],
55 silly audit   'fs-minipass': [ '3.0.3', '2.1.0' ],
55 silly audit   'fs.realpath': [ '1.0.0' ],
55 silly audit   fsevents: [ '2.3.3' ],
55 silly audit   'function-bind': [ '1.1.2' ],
55 silly audit   gauge: [ '4.0.4' ],
55 silly audit   'signal-exit': [ '3.0.7', '4.1.0' ],
55 silly audit   generify: [ '4.2.0' ],
55 silly audit   'get-caller-file': [ '2.0.5' ],
55 silly audit   'get-intrinsic': [ '1.3.0' ],
55 silly audit   'get-package-type': [ '0.1.0' ],
55 silly audit   'get-proto': [ '1.0.1' ],
55 silly audit   'get-stdin': [ '8.0.0' ],
55 silly audit   'get-stream': [ '6.0.1' ],
55 silly audit   getopts: [ '2.3.0' ],
55 silly audit   'github-from-package': [ '0.0.0' ],
55 silly audit   'glob-parent': [ '5.1.2' ],
55 silly audit   'glob-to-regexp': [ '0.4.1' ],
55 silly audit   'global-dirs': [ '3.0.1' ],
55 silly audit   globby: [ '11.1.0' ],
55 silly audit   gopd: [ '1.2.0' ],
55 silly audit   got: [ '12.6.1' ],
55 silly audit   'has-flag': [ '4.0.0' ],
55 silly audit   'has-symbols': [ '1.1.0' ],
55 silly audit   'has-tostringtag': [ '1.0.2' ],
55 silly audit   'has-unicode': [ '2.0.1' ],
55 silly audit   'has-yarn': [ '3.0.0' ],
55 silly audit   hasown: [ '2.0.4' ],
55 silly audit   'help-me': [ '4.2.0', '5.0.0' ],
55 silly audit   'hosted-git-info': [ '5.2.1', '6.1.3' ],
55 silly audit   'http-cache-semantics': [ '4.2.0' ],
55 silly audit   'http-proxy-agent': [ '5.0.0', '4.0.1' ],
55 silly audit   'http2-wrapper': [ '2.2.1' ],
55 silly audit   'https-proxy-agent': [ '5.0.1' ],
55 silly audit   'humanize-ms': [ '1.2.1' ],
55 silly audit   i18next: [ '23.16.8' ],
55 silly audit   'iconv-lite': [ '0.6.3' ],
55 silly audit   'icss-utils': [ '5.1.0' ],
55 silly audit   ieee754: [ '1.2.1' ],
55 silly audit   ignore: [ '5.3.2' ],
55 silly audit   'ignore-walk': [ '6.0.5' ],
55 silly audit   'import-lazy': [ '4.0.0' ],
55 silly audit   'import-local': [ '3.2.0' ],
55 silly audit   imurmurhash: [ '0.1.4' ],
55 silly audit   'indent-string': [ '4.0.0' ],
55 silly audit   'infer-owner': [ '1.0.4' ],
55 silly audit   inflection: [ '1.13.4' ],
55 silly audit   inflight: [ '1.0.6' ],
55 silly audit   inherits: [ '2.0.4' ],
55 silly audit   interpret: [ '2.2.0', '3.1.1' ],
55 silly audit   'ip-address': [ '10.2.0' ],
55 silly audit   'ipaddr.js': [ '1.9.1' ],
55 silly audit   'is-binary-path': [ '2.1.0' ],
55 silly audit   'is-ci': [ '3.0.1' ],
55 silly audit   'is-core-module': [ '2.16.2' ],
55 silly audit   'is-docker': [ '2.2.1' ],
55 silly audit   'is-expression': [ '4.0.0' ],
55 silly audit   'is-extglob': [ '2.1.1' ],
55 silly audit   'is-fullwidth-code-point': [ '3.0.0' ],
55 silly audit   'is-glob': [ '4.0.3' ],
55 silly audit   'is-installed-globally': [ '0.4.0' ],
55 silly audit   'is-lambda': [ '1.0.1' ],
55 silly audit   'is-npm': [ '6.1.0' ],
55 silly audit   'is-number': [ '7.0.0' ],
55 silly audit   'is-obj': [ '2.0.0' ],
55 silly audit   'is-path-inside': [ '3.0.3' ],
55 silly audit   'is-plain-object': [ '2.0.4' ],
55 silly audit   'is-promise': [ '2.2.2' ],
55 silly audit   'is-regex': [ '1.2.1' ],
55 silly audit   'is-typedarray': [ '1.0.0' ],
55 silly audit   'is-yarn-global': [ '0.4.1' ],
55 silly audit   isbinaryfile: [ '4.0.10' ],
55 silly audit   isexe: [ '2.0.0' ],
55 silly audit   isobject: [ '3.0.1' ],
55 silly audit   jackspeak: [ '3.4.3' ],
55 silly audit   'jest-worker': [ '27.5.1' ],
55 silly audit   jju: [ '1.4.0' ],
55 silly audit   joycon: [ '3.1.1' ],
55 silly audit   jquery: [ '3.7.1' ],
55 silly audit   'js-beautify': [ '1.15.4' ],
55 silly audit   nopt: [ '7.2.1', '6.0.0', '5.0.0' ],
55 silly audit   'js-cookie': [ '3.0.8' ],
55 silly audit   'js-stringify': [ '1.0.2' ],
55 silly audit   'js-yaml': [ '4.2.0' ],
55 silly audit   'json-buffer': [ '3.0.1' ],
55 silly audit   'json-parse-even-better-errors': [ '3.0.2' ],
55 silly audit   'json-parse-helpfulerror': [ '1.0.3' ],
55 silly audit   'json-schema-ref-resolver': [ '1.0.1' ],
55 silly audit   'json-schema-traverse': [ '1.0.0' ],
55 silly audit   json5: [ '2.2.3' ],
55 silly audit   jsonfile: [ '6.2.1' ],
55 silly audit   jsonlines: [ '0.1.1' ],
55 silly audit   jsonparse: [ '1.3.1' ],
55 silly audit   jstransformer: [ '1.0.0' ],
55 silly audit   'jstransformer-markdown-it': [ '3.0.0' ],
55 silly audit   keyv: [ '4.5.4' ],
55 silly audit   'kind-of': [ '6.0.3' ],
55 silly audit   kleur: [ '4.1.5' ],
55 silly audit   'latest-version': [ '7.0.0' ],
55 silly audit   'light-my-request': [ '5.14.0' ],
55 silly audit   lightningcss: [ '1.32.0' ],
55 silly audit   'lightningcss-android-arm64': [ '1.32.0' ],
55 silly audit   'lightningcss-darwin-arm64': [ '1.32.0' ],
55 silly audit   'lightningcss-darwin-x64': [ '1.32.0' ],
55 silly audit   'lightningcss-freebsd-x64': [ '1.32.0' ],
55 silly audit   'lightningcss-linux-arm-gnueabihf': [ '1.32.0' ],
55 silly audit   'lightningcss-linux-arm64-gnu': [ '1.32.0' ],
55 silly audit   'lightningcss-linux-arm64-musl': [ '1.32.0' ],
55 silly audit   'lightningcss-linux-x64-gnu': [ '1.32.0' ],
55 silly audit   'lightningcss-linux-x64-musl': [ '1.32.0' ],
55 silly audit   'lightningcss-win32-arm64-msvc': [ '1.32.0' ],
55 silly audit   'lightningcss-win32-x64-msvc': [ '1.32.0' ],
55 silly audit   'linkify-it': [ '4.0.1' ],
55 silly audit   'loader-runner': [ '4.3.2' ],
55 silly audit   'locate-path': [ '6.0.0', '5.0.0', '3.0.0' ],
55 silly audit   lodash: [ '4.18.1' ],
55 silly audit   'lodash.castarray': [ '4.4.0' ],
55 silly audit   'lodash.compact': [ '3.0.1' ],
55 silly audit   'lodash.isempty': [ '4.4.0' ],
55 silly audit   'lowercase-keys': [ '3.0.0' ],
55 silly audit   'lru-cache': [ '7.18.3', '10.4.3', '6.0.0' ],
55 silly audit   'magic-string': [ '0.30.21' ],
55 silly audit   'make-fetch-happen': [ '11.1.1', '10.2.1', '9.1.0' ],
55 silly audit   minipass: [ '5.0.0', '7.1.3', '3.3.6' ],
55 silly audit   makeerror: [ '1.0.12' ],
55 silly audit   'markdown-it': [ '13.0.2' ],
55 silly audit   'math-intrinsics': [ '1.1.0' ],
55 silly audit   mdurl: [ '1.0.1' ],
55 silly audit   'media-typer': [ '0.3.0' ],
55 silly audit   'merge-stream': [ '2.0.0' ],
55 silly audit   merge2: [ '1.4.1' ],
55 silly audit   micromatch: [ '4.0.8' ],
55 silly audit   mime: [ '3.0.0' ],
55 silly audit   'mime-db': [ '1.52.0', '1.54.0' ],
55 silly audit   'mime-types': [ '2.1.35' ],
55 silly audit   'mini-css-extract-plugin': [ '2.10.2' ],
55 silly audit   minimist: [ '1.2.8' ],
55 silly audit   'minipass-collect': [ '1.0.2' ],
55 silly audit   'minipass-fetch': [ '3.0.5', '2.1.2', '1.4.1' ],
55 silly audit   'minipass-flush': [ '1.0.7' ],
55 silly audit   'minipass-json-stream': [ '1.0.2' ],
55 silly audit   'minipass-pipeline': [ '1.2.4' ],
55 silly audit   'minipass-sized': [ '1.0.3' ],
55 silly audit   minizlib: [ '2.1.2' ],
55 silly audit   mkdirp: [ '1.0.4' ],
55 silly audit   'mkdirp-classic': [ '0.5.3' ],
55 silly audit   moment: [ '2.30.1' ],
55 silly audit   'moment-timezone': [ '0.5.48' ],
55 silly audit   ms: [ '2.1.2', '2.1.3' ],
55 silly audit   mustache: [ '4.2.0' ],
55 silly audit   nanoid: [ '3.3.12' ],
55 silly audit   'napi-build-utils': [ '2.0.0' ],
55 silly audit   negotiator: [ '0.6.4' ],
55 silly audit   'neo-async': [ '2.6.2' ],
55 silly audit   'node-abi': [ '3.92.0' ],
55 silly audit   'node-addon-api': [ '4.3.0', '7.1.1' ],
55 silly audit   'node-gyp': [ '9.4.1', '8.4.1' ],
55 silly audit   ssri: [ '9.0.1', '8.0.1', '10.0.6' ],
55 silly audit   'unique-filename': [ '2.0.1', '1.1.1', '3.0.0' ],
55 silly audit   'unique-slug': [ '3.0.0', '2.0.2', '4.0.0' ],
55 silly audit   'node-releases': [ '2.0.46' ],
55 silly audit   'normalize-package-data': [ '5.0.0' ],
55 silly audit   'normalize-path': [ '3.0.0' ],
55 silly audit   'normalize-url': [ '8.1.1' ],
55 silly audit   'npm-bundled': [ '3.0.1' ],
55 silly audit   'npm-check-updates': [ '16.14.20' ],
55 silly audit   'npm-install-checks': [ '6.3.0' ],
55 silly audit   'npm-normalize-package-bin': [ '3.0.1' ],
55 silly audit   'npm-package-arg': [ '10.1.0' ],
55 silly audit   'npm-packlist': [ '7.0.4' ],
55 silly audit   'npm-pick-manifest': [ '8.0.2' ],
55 silly audit   'npm-registry-fetch': [ '14.0.5' ],
55 silly audit   npmlog: [ '6.0.2' ],
55 silly audit   'object-assign': [ '4.1.1' ],
55 silly audit   'object-inspect': [ '1.13.4' ],
55 silly audit   objection: [ '3.1.5' ],
55 silly audit   'objection-unique': [ '1.2.2' ],
55 silly audit   obug: [ '2.1.1' ],
55 silly audit   'on-exit-leak-free': [ '2.1.2' ],
55 silly audit   once: [ '1.4.0' ],
55 silly audit   'p-cancelable': [ '3.0.0' ],
55 silly audit   'p-limit': [ '3.1.0', '2.3.0' ],
55 silly audit   'p-locate': [ '5.0.0', '4.1.0', '3.0.0' ],
55 silly audit   'p-map': [ '4.0.0' ],
55 silly audit   'p-try': [ '2.2.0' ],
55 silly audit   'package-json': [ '8.1.1' ],
55 silly audit   'package-json-from-dist': [ '1.0.1' ],
55 silly audit   pacote: [ '15.2.0' ],
55 silly audit   'parse-github-url': [ '1.0.4' ],
55 silly audit   'path-exists': [ '4.0.0', '3.0.0' ],
55 silly audit   'path-is-absolute': [ '1.0.1' ],
55 silly audit   'path-key': [ '3.1.1' ],
55 silly audit   'path-parse': [ '1.0.7' ],
55 silly audit   'path-scurry': [ '1.11.1' ],
55 silly audit   'path-to-regexp': [ '6.3.0' ],
55 silly audit   'path-type': [ '4.0.0' ],
55 silly audit   pathe: [ '2.0.3' ],
55 silly audit   pg: [ '8.21.0' ],
55 silly audit   'pg-cloudflare': [ '1.4.0' ],
55 silly audit   'pg-int8': [ '1.0.1' ],
55 silly audit   'pg-pool': [ '3.14.0' ],
55 silly audit   'pg-protocol': [ '1.14.0' ],
55 silly audit   'pg-types': [ '2.2.0' ],
55 silly audit   pgpass: [ '1.0.5' ],
55 silly audit   split2: [ '4.2.0', '3.2.2' ],
55 silly audit   picocolors: [ '1.1.1' ],
55 silly audit   picomatch: [ '2.3.2', '4.0.4' ],
55 silly audit   pino: [ '9.14.0' ],
55 silly audit   'pino-abstract-transport': [ '2.0.0' ],
55 silly audit   'pino-pretty': [ '11.3.0' ],
55 silly audit   'readable-stream': [ '4.7.0', '3.6.2' ],
55 silly audit   'strip-json-comments': [ '3.1.1', '2.0.1', '5.0.3' ],
55 silly audit   'pino-std-serializers': [ '7.1.0' ],
55 silly audit   'process-warning': [ '5.0.0', '3.0.0' ],
55 silly audit   'pkg-dir': [ '4.2.0' ],
55 silly audit   'pkg-up': [ '3.1.0' ],
55 silly audit   postcss: [ '8.5.15' ],
55 silly audit   'postcss-modules-extract-imports': [ '3.1.0' ],
55 silly audit   'postcss-modules-local-by-default': [ '4.2.0' ],
55 silly audit   'postcss-modules-scope': [ '3.2.1' ],
55 silly audit   'postcss-modules-values': [ '4.0.0' ],
55 silly audit   'postcss-selector-parser': [ '7.1.1' ],
55 silly audit   'postcss-value-parser': [ '4.2.0' ],
55 silly audit   'postgres-array': [ '2.0.0' ],
55 silly audit   'postgres-bytea': [ '1.0.1' ],
55 silly audit   'postgres-date': [ '1.0.7' ],
55 silly audit   'postgres-interval': [ '1.2.0' ],
55 silly audit   'prebuild-install': [ '7.1.3' ],
55 silly audit   'proc-log': [ '3.0.0' ],
55 silly audit   process: [ '0.11.10' ],
55 silly audit   progress: [ '2.0.3' ],
55 silly audit   promise: [ '7.3.1' ],
55 silly audit   'promise-inflight': [ '1.0.1' ],
55 silly audit   'promise-retry': [ '2.0.1' ],
55 silly audit   'prompts-ncu': [ '3.0.2' ],
55 silly audit   'proto-list': [ '1.2.4' ],
55 silly audit   'proxy-addr': [ '2.0.7' ],
55 silly audit   pug: [ '3.0.4' ],
55 silly audit   'pug-attrs': [ '3.0.0' ],
55 silly audit   'pug-code-gen': [ '3.0.4' ],
55 silly audit   'pug-error': [ '2.1.0' ],
55 silly audit   'pug-filters': [ '4.0.0' ],
55 silly audit   'pug-lexer': [ '5.0.1' ],
55 silly audit   'pug-linker': [ '4.0.0' ],
55 silly audit   'pug-load': [ '3.0.0' ],
55 silly audit   'pug-parser': [ '6.0.0' ],
55 silly audit   'pug-runtime': [ '3.0.1' ],
55 silly audit   'pug-strip-comments': [ '2.0.0' ],
55 silly audit   'pug-walk': [ '2.0.0' ],
55 silly audit   pump: [ '3.0.4' ],
55 silly audit   pupa: [ '3.3.0' ],
55 silly audit   qs: [ '6.15.2' ],
55 silly audit   'queue-microtask': [ '1.2.3' ],
55 silly audit   'quick-format-unescaped': [ '4.0.4' ],
55 silly audit   'quick-lru': [ '5.1.1' ],
55 silly audit   rc: [ '1.2.8' ],
55 silly audit   'rc-config-loader': [ '4.1.4' ],
55 silly audit   'read-package-json': [ '6.0.4' ],
55 silly audit   'read-package-json-fast': [ '3.0.2' ],
55 silly audit   readdirp: [ '3.6.0' ],
55 silly audit   'real-require': [ '0.2.0' ],
55 silly audit   rechoir: [ '0.8.0' ],
55 silly audit   'registry-auth-token': [ '5.1.1' ],
55 silly audit   'registry-url': [ '6.0.1' ],
55 silly audit   'remote-git-tags': [ '3.0.0' ],
55 silly audit   'require-addon': [ '1.2.0' ],
55 silly audit   'require-directory': [ '2.1.1' ],
55 silly audit   'require-from-string': [ '2.0.2' ],
55 silly audit   resolve: [ '1.22.12' ],
55 silly audit   'resolve-alpn': [ '1.2.1' ],
55 silly audit   'resolve-cwd': [ '3.0.0' ],
55 silly audit   'resolve-from': [ '5.0.0' ],
55 silly audit   responselike: [ '3.0.0' ],
55 silly audit   ret: [ '0.4.3' ],
55 silly audit   retry: [ '0.12.0' ],
55 silly audit   'retry-as-promised': [ '7.1.1' ],
55 silly audit   reusify: [ '1.1.0' ],
55 silly audit   rfdc: [ '1.4.1' ],
55 silly audit   rolldown: [ '1.0.3' ],
55 silly audit   '@rolldown/binding-linux-arm64-gnu': [ '1.0.3', '1.2.1' ],
55 silly audit   'run-parallel': [ '1.2.0' ],
55 silly audit   rxjs: [ '7.8.2' ],
55 silly audit   'safe-buffer': [ '5.2.1' ],
55 silly audit   'safe-regex2': [ '3.1.0' ],
55 silly audit   'safe-stable-stringify': [ '2.5.0' ],
55 silly audit   'safer-buffer': [ '2.1.2' ],
55 silly audit   'schema-utils': [ '4.3.3' ],
55 silly audit   'secure-json-parse': [ '2.7.0' ],
55 silly audit   semver: [ '7.8.1' ],
55 silly audit   'semver-diff': [ '4.0.0' ],
55 silly audit   'semver-utils': [ '1.1.4' ],
55 silly audit   sequelize: [ '6.37.8' ],
55 silly audit   'sequelize-cli': [ '6.6.5' ],
55 silly audit   yargs: [ '16.2.0', '17.7.2' ],
55 silly audit   'yargs-parser': [ '20.2.9', '21.1.1' ],
55 silly audit   'sequelize-pool': [ '7.1.0' ],
55 silly audit   'set-blocking': [ '2.0.0' ],
55 silly audit   'set-cookie-parser': [ '2.7.2' ],
55 silly audit   setprototypeof: [ '1.2.0' ],
55 silly audit   'shallow-clone': [ '3.0.1' ],
55 silly audit   'shebang-command': [ '2.0.0' ],
55 silly audit   'shebang-regex': [ '3.0.0' ],
55 silly audit   'shell-quote': [ '1.8.4' ],
55 silly audit   'side-channel': [ '1.1.0' ],
55 silly audit   'side-channel-list': [ '1.0.1' ],
55 silly audit   'side-channel-map': [ '1.0.1' ],
55 silly audit   'side-channel-weakmap': [ '1.0.2' ],
55 silly audit   siginfo: [ '2.0.0' ],
55 silly audit   sigstore: [ '1.9.0' ],
55 silly audit   'simple-concat': [ '1.0.1' ],
55 silly audit   'simple-get': [ '4.0.1' ],
55 silly audit   sisteransi: [ '1.0.5' ],
55 silly audit   slash: [ '3.0.0' ],
55 silly audit   'smart-buffer': [ '4.2.0' ],
55 silly audit   socks: [ '2.8.9' ],
55 silly audit   'socks-proxy-agent': [ '7.0.0', '6.2.1' ],
55 silly audit   'sodium-native': [ '4.3.3' ],
55 silly audit   'sonic-boom': [ '4.2.1' ],
55 silly audit   'source-map': [ '0.6.1' ],
55 silly audit   'source-map-js': [ '1.2.1' ],
55 silly audit   'source-map-support': [ '0.5.21' ],
55 silly audit   'spawn-command': [ '0.0.2' ],
55 silly audit   'spawn-please': [ '2.0.2' ],
55 silly audit   'spdx-correct': [ '3.2.0' ],
55 silly audit   'spdx-exceptions': [ '2.5.0' ],
55 silly audit   'spdx-expression-parse': [ '3.0.1' ],
55 silly audit   'spdx-license-ids': [ '3.0.23' ],
55 silly audit   sqlite3: [ '5.1.7' ],
55 silly audit   'stack-trace': [ '0.0.10' ],
55 silly audit   stackback: [ '0.0.2' ],
55 silly audit   'std-env': [ '4.1.0' ],
55 silly audit   string_decoder: [ '1.3.0' ],
55 silly audit   'style-loader': [ '4.0.0' ],
55 silly audit   'supports-preserve-symlinks-flag': [ '1.0.0' ],
55 silly audit   tapable: [ '2.3.3' ],
55 silly audit   tar: [ '6.2.1' ],
55 silly audit   'tar-fs': [ '2.1.4' ],
55 silly audit   'tar-stream': [ '2.2.0' ],
55 silly audit   tarn: [ '3.0.2' ],
55 silly audit   terser: [ '5.48.0' ],
55 silly audit   'terser-webpack-plugin': [ '5.6.1' ],
55 silly audit   'thread-stream': [ '3.1.0' ],
55 silly audit   tildify: [ '2.0.0' ],
55 silly audit   tinybench: [ '2.9.0' ],
55 silly audit   tinyexec: [ '1.2.4' ],
55 silly audit   tinyglobby: [ '0.2.17' ],
55 silly audit   fdir: [ '6.5.0' ],
55 silly audit   tinyrainbow: [ '3.1.0' ],
55 silly audit   tmpl: [ '1.0.5' ],
55 silly audit   'to-regex-range': [ '5.0.1' ],
55 silly audit   'toad-cache': [ '3.7.1' ],
55 silly audit   toidentifier: [ '1.0.1' ],
55 silly audit   'token-stream': [ '1.0.0' ],
55 silly audit   'toposort-class': [ '1.0.1' ],
55 silly audit   'tree-kill': [ '1.2.2' ],
55 silly audit   tslib: [ '2.8.1' ],
55 silly audit   'tuf-js': [ '1.1.7' ],
55 silly audit   'tunnel-agent': [ '0.6.0' ],
55 silly audit   'type-is': [ '1.6.18' ],
55 silly audit   'typedarray-to-buffer': [ '3.1.5' ],
55 silly audit   'uc.micro': [ '1.0.6' ],
55 silly audit   umzug: [ '2.3.0' ],
55 silly audit   'undici-types': [ '6.21.0' ],
55 silly audit   'unique-string': [ '3.0.0' ],
55 silly audit   universalify: [ '2.0.1' ],
55 silly audit   untildify: [ '4.0.0' ],
55 silly audit   'update-browserslist-db': [ '1.2.3' ],
55 silly audit   'update-notifier': [ '6.0.2' ],
55 silly audit   'util-deprecate': [ '1.0.2' ],
55 silly audit   uuid: [ '8.3.2' ],
55 silly audit   'validate-npm-package-license': [ '3.0.4' ],
55 silly audit   'validate-npm-package-name': [ '5.0.1' ],
55 silly audit   validator: [ '13.15.35' ],
55 silly audit   vary: [ '1.1.2' ],
55 silly audit   vite: [ '8.0.16' ],
55 silly audit   vitest: [ '4.1.8' ],
55 silly audit   'void-elements': [ '3.1.0' ],
55 silly audit   walker: [ '1.0.8' ],
55 silly audit   watchpack: [ '2.5.1' ],
55 silly audit   webpack: [ '5.107.2' ],
55 silly audit   'webpack-cli': [ '5.1.4' ],
55 silly audit   'webpack-merge': [ '5.10.0' ],
55 silly audit   'webpack-sources': [ '3.5.0' ],
55 silly audit   'acorn-import-phases': [ '1.0.4' ],
55 silly audit   'why-is-node-running': [ '2.3.0' ],
55 silly audit   'wide-align': [ '1.1.5' ],
55 silly audit   'widest-line': [ '4.0.1' ],
55 silly audit   wildcard: [ '2.0.1' ],
55 silly audit   with: [ '7.0.2' ],
55 silly audit   wkx: [ '0.5.0' ],
55 silly audit   wrappy: [ '1.0.2' ],
55 silly audit   'write-file-atomic': [ '3.0.3' ],
55 silly audit   'xdg-basedir': [ '5.1.0' ],
55 silly audit   xtend: [ '4.0.2' ],
55 silly audit   y18n: [ '5.0.8' ],
55 silly audit   yallist: [ '4.0.0' ],
55 silly audit   'yocto-queue': [ '0.1.0' ],
55 silly audit   youch: [ '2.2.2' ]
55 silly audit }
56 verbose reify failed optional dependency /root/node_modules/rolldown/node_modules/@rolldown/binding-wasm32-wasi
57 silly reify mark deleted [
57 silly reify   '/root/node_modules/rolldown/node_modules/@rolldown/binding-wasm32-wasi'
57 silly reify ]
58 verbose reify failed optional dependency /root/node_modules/rolldown/node_modules/@emnapi/core
59 silly reify mark deleted [ '/root/node_modules/rolldown/node_modules/@emnapi/core' ]
60 verbose reify failed optional dependency /root/node_modules/rolldown/node_modules/@emnapi/runtime
61 silly reify mark deleted [ '/root/node_modules/rolldown/node_modules/@emnapi/runtime' ]
62 verbose reify failed optional dependency /root/node_modules/rolldown/node_modules/@emnapi/wasi-threads
63 silly reify mark deleted [ '/root/node_modules/rolldown/node_modules/@emnapi/wasi-threads' ]
64 verbose reify failed optional dependency /root/node_modules/rolldown/node_modules/@rolldown/binding-linux-arm64-gnu
65 silly reify mark deleted [
65 silly reify   '/root/node_modules/rolldown/node_modules/@rolldown/binding-linux-arm64-gnu'
65 silly reify ]
66 verbose reify failed optional dependency /root/node_modules/lightningcss-win32-x64-msvc
67 silly reify mark deleted [ '/root/node_modules/lightningcss-win32-x64-msvc' ]
68 verbose reify failed optional dependency /root/node_modules/lightningcss-win32-arm64-msvc
69 silly reify mark deleted [ '/root/node_modules/lightningcss-win32-arm64-msvc' ]
70 verbose reify failed optional dependency /root/node_modules/lightningcss-linux-x64-musl
71 silly reify mark deleted [ '/root/node_modules/lightningcss-linux-x64-musl' ]
72 verbose reify failed optional dependency /root/node_modules/lightningcss-linux-x64-gnu
73 silly reify mark deleted [ '/root/node_modules/lightningcss-linux-x64-gnu' ]
74 verbose reify failed optional dependency /root/node_modules/lightningcss-linux-arm-gnueabihf
75 silly reify mark deleted [ '/root/node_modules/lightningcss-linux-arm-gnueabihf' ]
76 verbose reify failed optional dependency /root/node_modules/lightningcss-freebsd-x64
77 silly reify mark deleted [ '/root/node_modules/lightningcss-freebsd-x64' ]
78 verbose reify failed optional dependency /root/node_modules/lightningcss-darwin-x64
79 silly reify mark deleted [ '/root/node_modules/lightningcss-darwin-x64' ]
80 verbose reify failed optional dependency /root/node_modules/lightningcss-darwin-arm64
81 silly reify mark deleted [ '/root/node_modules/lightningcss-darwin-arm64' ]
82 verbose reify failed optional dependency /root/node_modules/lightningcss-android-arm64
83 silly reify mark deleted [ '/root/node_modules/lightningcss-android-arm64' ]
84 verbose reify failed optional dependency /root/node_modules/fsevents
85 silly reify mark deleted [ '/root/node_modules/fsevents' ]
86 verbose reify failed optional dependency /root/node_modules/@rolldown/binding-win32-x64-msvc
87 silly reify mark deleted [ '/root/node_modules/@rolldown/binding-win32-x64-msvc' ]
88 verbose reify failed optional dependency /root/node_modules/@rolldown/binding-win32-arm64-msvc
89 silly reify mark deleted [ '/root/node_modules/@rolldown/binding-win32-arm64-msvc' ]
90 verbose reify failed optional dependency /root/node_modules/@rolldown/binding-openharmony-arm64
91 silly reify mark deleted [ '/root/node_modules/@rolldown/binding-openharmony-arm64' ]
92 verbose reify failed optional dependency /root/node_modules/@rolldown/binding-linux-x64-musl
93 silly reify mark deleted [ '/root/node_modules/@rolldown/binding-linux-x64-musl' ]
94 verbose reify failed optional dependency /root/node_modules/@rolldown/binding-linux-x64-gnu
95 silly reify mark deleted [ '/root/node_modules/@rolldown/binding-linux-x64-gnu' ]
96 verbose reify failed optional dependency /root/node_modules/@rolldown/binding-linux-s390x-gnu
97 silly reify mark deleted [ '/root/node_modules/@rolldown/binding-linux-s390x-gnu' ]
98 verbose reify failed optional dependency /root/node_modules/@rolldown/binding-linux-ppc64-gnu
99 silly reify mark deleted [ '/root/node_modules/@rolldown/binding-linux-ppc64-gnu' ]
100 verbose reify failed optional dependency /root/node_modules/@rolldown/binding-linux-arm64-musl
101 silly reify mark deleted [ '/root/node_modules/@rolldown/binding-linux-arm64-musl' ]
102 verbose reify failed optional dependency /root/node_modules/@rolldown/binding-linux-arm-gnueabihf
103 silly reify mark deleted [ '/root/node_modules/@rolldown/binding-linux-arm-gnueabihf' ]
104 verbose reify failed optional dependency /root/node_modules/@rolldown/binding-freebsd-x64
105 silly reify mark deleted [ '/root/node_modules/@rolldown/binding-freebsd-x64' ]
106 verbose reify failed optional dependency /root/node_modules/@rolldown/binding-darwin-x64
107 silly reify mark deleted [ '/root/node_modules/@rolldown/binding-darwin-x64' ]
108 verbose reify failed optional dependency /root/node_modules/@rolldown/binding-darwin-arm64
109 silly reify mark deleted [ '/root/node_modules/@rolldown/binding-darwin-arm64' ]
110 verbose reify failed optional dependency /root/node_modules/@rolldown/binding-android-arm64
111 silly reify mark deleted [ '/root/node_modules/@rolldown/binding-android-arm64' ]
112 verbose reify failed optional dependency /root/node_modules/@biomejs/cli-win32-x64
113 silly reify mark deleted [ '/root/node_modules/@biomejs/cli-win32-x64' ]
114 verbose reify failed optional dependency /root/node_modules/@biomejs/cli-win32-arm64
115 silly reify mark deleted [ '/root/node_modules/@biomejs/cli-win32-arm64' ]
116 verbose reify failed optional dependency /root/node_modules/@biomejs/cli-linux-x64-musl
117 silly reify mark deleted [ '/root/node_modules/@biomejs/cli-linux-x64-musl' ]
118 verbose reify failed optional dependency /root/node_modules/@biomejs/cli-linux-x64
119 silly reify mark deleted [ '/root/node_modules/@biomejs/cli-linux-x64' ]
120 verbose reify failed optional dependency /root/node_modules/@biomejs/cli-darwin-x64
121 silly reify mark deleted [ '/root/node_modules/@biomejs/cli-darwin-x64' ]
122 verbose reify failed optional dependency /root/node_modules/@biomejs/cli-darwin-arm64
123 silly reify mark deleted [ '/root/node_modules/@biomejs/cli-darwin-arm64' ]
124 timing reifyNode:node_modules/rolldown/node_modules/@rolldown/binding-wasm32-wasi Completed in 66ms
125 timing reifyNode:node_modules/rolldown/node_modules/@rolldown/binding-linux-arm64-gnu Completed in 66ms
126 timing reifyNode:node_modules/lightningcss-win32-x64-msvc Completed in 59ms
127 timing reifyNode:node_modules/lightningcss-win32-arm64-msvc Completed in 59ms
128 timing reifyNode:node_modules/lightningcss-linux-x64-musl Completed in 59ms
129 timing reifyNode:node_modules/lightningcss-linux-x64-gnu Completed in 60ms
130 timing reifyNode:node_modules/lightningcss-linux-arm-gnueabihf Completed in 60ms
131 timing reifyNode:node_modules/lightningcss-freebsd-x64 Completed in 60ms
132 timing reifyNode:node_modules/lightningcss-darwin-x64 Completed in 60ms
133 timing reifyNode:node_modules/lightningcss-darwin-arm64 Completed in 60ms
134 timing reifyNode:node_modules/lightningcss-android-arm64 Completed in 60ms
135 timing reifyNode:node_modules/fsevents Completed in 56ms
136 timing reifyNode:node_modules/@rolldown/binding-win32-x64-msvc Completed in 48ms
137 timing reifyNode:node_modules/@rolldown/binding-win32-arm64-msvc Completed in 48ms
138 timing reifyNode:node_modules/@rolldown/binding-openharmony-arm64 Completed in 49ms
139 timing reifyNode:node_modules/@rolldown/binding-linux-x64-musl Completed in 49ms
140 timing reifyNode:node_modules/@rolldown/binding-linux-x64-gnu Completed in 49ms
141 timing reifyNode:node_modules/@rolldown/binding-linux-s390x-gnu Completed in 49ms
142 timing reifyNode:node_modules/@rolldown/binding-linux-ppc64-gnu Completed in 49ms
143 timing reifyNode:node_modules/@rolldown/binding-linux-arm64-musl Completed in 49ms
144 timing reifyNode:node_modules/@rolldown/binding-linux-arm-gnueabihf Completed in 49ms
145 timing reifyNode:node_modules/@rolldown/binding-freebsd-x64 Completed in 49ms
146 timing reifyNode:node_modules/@rolldown/binding-darwin-x64 Completed in 49ms
147 timing reifyNode:node_modules/@rolldown/binding-darwin-arm64 Completed in 49ms
148 timing reifyNode:node_modules/@rolldown/binding-android-arm64 Completed in 50ms
149 timing reifyNode:node_modules/@biomejs/cli-win32-x64 Completed in 48ms
150 timing reifyNode:node_modules/@biomejs/cli-win32-arm64 Completed in 48ms
151 timing reifyNode:node_modules/@biomejs/cli-linux-x64-musl Completed in 48ms
152 timing reifyNode:node_modules/@biomejs/cli-linux-x64 Completed in 48ms
153 timing reifyNode:node_modules/@biomejs/cli-darwin-x64 Completed in 48ms
154 timing reifyNode:node_modules/@biomejs/cli-darwin-arm64 Completed in 48ms
155 silly tarball no local data for @tybys/wasm-util@https://registry.npmjs.org/@tybys/wasm-util/-/wasm-util-0.10.3.tgz. Extracting by manifest.
156 silly tarball no local data for @rolldown/binding-wasm32-wasi@https://registry.npmjs.org/@rolldown/binding-wasm32-wasi/-/binding-wasm32-wasi-1.2.1.tgz. Extracting by manifest.
157 silly tarball no local data for @napi-rs/wasm-runtime@https://registry.npmjs.org/@napi-rs/wasm-runtime/-/wasm-runtime-1.2.2.tgz. Extracting by manifest.
158 silly tarball no local data for @emnapi/wasi-threads@https://registry.npmjs.org/@emnapi/wasi-threads/-/wasi-threads-2.0.1.tgz. Extracting by manifest.
159 silly tarball no local data for @emnapi/runtime@https://registry.npmjs.org/@emnapi/runtime/-/runtime-2.0.0-alpha.3.tgz. Extracting by manifest.
160 silly tarball no local data for @emnapi/core@https://registry.npmjs.org/@emnapi/core/-/core-2.0.0-alpha.3.tgz. Extracting by manifest.
161 http fetch POST 200 https://registry.npmjs.org/-/npm/v1/security/advisories/bulk 1522ms
162 timing auditReport:getReport Completed in 1526ms
163 silly audit report {
163 silly audit report   '@fastify/static': [
163 silly audit report     {
163 silly audit report       id: 1124285,
163 silly audit report       url: 'https://github.com/advisories/GHSA-8pvw-jcv7-9cmj',
163 silly audit report       title: '@fastify/static vulnerable to Authorization Bypass via Non-Canonical URL Paths',
163 silly audit report       severity: 'moderate',
163 silly audit report       vulnerable_versions: '<=10.1.1',
163 silly audit report       cwe: [Array],
163 silly audit report       cvss: [Object]
163 silly audit report     },
163 silly audit report     {
163 silly audit report       id: 1124286,
163 silly audit report       url: 'https://github.com/advisories/GHSA-83w8-p2f5-377r',
163 silly audit report       title: '@fastify/static vulnerable to route guard bypass via path traversal',
163 silly audit report       severity: 'high',
163 silly audit report       vulnerable_versions: '<=10.1.0',
163 silly audit report       cwe: [Array],
163 silly audit report       cvss: [Object]
163 silly audit report     }
163 silly audit report   ],
163 silly audit report   'brace-expansion': [
163 silly audit report     {
163 silly audit report       id: 1123896,
163 silly audit report       url: 'https://github.com/advisories/GHSA-3jxr-9vmj-r5cp',
163 silly audit report       title: 'brace-expansion: DoS via exponential-time expansion of consecutive non-expanding {} groups',
163 silly audit report       severity: 'high',
163 silly audit report       vulnerable_versions: '>=2.0.0 <2.1.2',
163 silly audit report       cwe: [Array],
163 silly audit report       cvss: [Object]
163 silly audit report     },
163 silly audit report     {
163 silly audit report       id: 1123897,
163 silly audit report       url: 'https://github.com/advisories/GHSA-3jxr-9vmj-r5cp',
163 silly audit report       title: 'brace-expansion: DoS via exponential-time expansion of consecutive non-expanding {} groups',
163 silly audit report       severity: 'high',
163 silly audit report       vulnerable_versions: '<1.1.16',
163 silly audit report       cwe: [Array],
163 silly audit report       cvss: [Object]
163 silly audit report     },
163 silly audit report     {
163 silly audit report       id: 1124334,
163 silly audit report       url: 'https://github.com/advisories/GHSA-mh99-v99m-4gvg',
163 silly audit report       title: 'brace-expansion: DoS via unbounded expansion length causing an out-of-memory process crash',
163 silly audit report       severity: 'high',
163 silly audit report       vulnerable_versions: '<=5.0.7',
163 silly audit report       cwe: [Array],
163 silly audit report       cvss: [Object]
163 silly audit report     }
163 silly audit report   ],
163 silly audit report   '@tootallnate/once': [
163 silly audit report     {
163 silly audit report       id: 1119438,
163 silly audit report       url: 'https://github.com/advisories/GHSA-vpq2-c234-7xj6',
163 silly audit report       title: '@tootallnate/once vulnerable to Incorrect Control Flow Scoping',
163 silly audit report       severity: 'low',
163 silly audit report       vulnerable_versions: '<2.0.1',
163 silly audit report       cwe: [Array],
163 silly audit report       cvss: [Object]
163 silly audit report     }
163 silly audit report   ],
163 silly audit report   'fast-uri': [
163 silly audit report     {
163 silly audit report       id: 1130177,
163 silly audit report       url: 'https://github.com/advisories/GHSA-4c8g-83qw-93j6',
163 silly audit report       title: 'fast-uri vulnerable to host confusion via failed IDN canonicalization',
163 silly audit report       severity: 'high',
163 silly audit report       vulnerable_versions: '>=2.3.1 <2.4.2',
163 silly audit report       cwe: [Array],
163 silly audit report       cvss: [Object]
163 silly audit report     },
163 silly audit report     {
163 silly audit report       id: 1130178,
163 silly audit report       url: 'https://github.com/advisories/GHSA-4c8g-83qw-93j6',
163 silly audit report       title: 'fast-uri vulnerable to host confusion via failed IDN canonicalization',
163 silly audit report       severity: 'high',
163 silly audit report       vulnerable_versions: '>=3.0.0 <3.1.3',
163 silly audit report       cwe: [Array],
163 silly audit report       cvss: [Object]
163 silly audit report     },
163 silly audit report     {
163 silly audit report       id: 1117884,
163 silly audit report       url: 'https://github.com/advisories/GHSA-v39h-62p7-jpjc',
163 silly audit report       title: 'fast-uri vulnerable to host confusion via percent-encoded authority delimiters',
163 silly audit report       severity: 'high',
163 silly audit report       vulnerable_versions: '<=3.1.1',
163 silly audit report       cwe: [Array],
163 silly audit report       cvss: [Object]
163 silly audit report     },
163 silly audit report     {
163 silly audit report       id: 1117870,
163 silly audit report       url: 'https://github.com/advisories/GHSA-q3j6-qgpj-74h6',
163 silly audit report       title: 'fast-uri vulnerable to path traversal via percent-encoded dot segments',
163 silly audit report       severity: 'high',
163 silly audit report       vulnerable_versions: '<=3.1.0',
163 silly audit report       cwe: [Array],
163 silly audit report       cvss: [Object]
163 silly audit report     },
163 silly audit report     {
163 silly audit report       id: 1124064,
163 silly audit report       url: 'https://github.com/advisories/GHSA-v2hh-gcrm-f6hx',
163 silly audit report       title: 'fast-uri vulnerable to host confusion via literal backslash authority delimiter',
163 silly audit report       severity: 'high',
163 silly audit report       vulnerable_versions: '>=3.0.0 <=3.1.3',
163 silly audit report       cwe: [Array],
163 silly audit report       cvss: [Object]
163 silly audit report     },
163 silly audit report     {
163 silly audit report       id: 1124065,
163 silly audit report       url: 'https://github.com/advisories/GHSA-v2hh-gcrm-f6hx',
163 silly audit report       title: 'fast-uri vulnerable to host confusion via literal backslash authority delimiter',
163 silly audit report       severity: 'high',
163 silly audit report       vulnerable_versions: '>=2.3.1 <=2.4.2',
163 silly audit report       cwe: [Array],
163 silly audit report       cvss: [Object]
163 silly audit report     }
163 silly audit report   ],
163 silly audit report   cookie: [
163 silly audit report     {
163 silly audit report       id: 1103907,
163 silly audit report       url: 'https://github.com/advisories/GHSA-pxg6-pf52-xh8x',
163 silly audit report       title: 'cookie accepts cookie name, path, and domain with out of bounds characters',
163 silly audit report       severity: 'low',
163 silly audit report       vulnerable_versions: '<0.7.0',
163 silly audit report       cwe: [Array],
163 silly audit report       cvss: [Object]
163 silly audit report     }
163 silly audit report   ],
163 silly audit report   fastify: [
163 silly audit report     {
163 silly audit report       id: 1112876,
163 silly audit report       url: 'https://github.com/advisories/GHSA-mrq3-vjjr-p77c',
163 silly audit report       title: 'Fastify Vulnerable to DoS via Unbounded Memory Allocation in sendWebStream',
163 silly audit report       severity: 'low',
163 silly audit report       vulnerable_versions: '<=5.7.2',
163 silly audit report       cwe: [Array],
163 silly audit report       cvss: [Object]
163 silly audit report     },
163 silly audit report     {
163 silly audit report       id: 1112877,
163 silly audit report       url: 'https://github.com/advisories/GHSA-jx2c-rxcm-jvmq',
163 silly audit report       title: "Fastify's Content-Type header tab character allows body validation bypass",
163 silly audit report       severity: 'high',
163 silly audit report       vulnerable_versions: '<5.7.2',
163 silly audit report       cwe: [Array],
163 silly audit report       cvss: [Object]
163 silly audit report     },
163 silly audit report     {
163 silly audit report       id: 1115367,
163 silly audit report       url: 'https://github.com/advisories/GHSA-444r-cwp2-x5xf',
163 silly audit report       title: 'fastify: request.protocol and request.host Spoofable via X-Forwarded-Proto/Host from Untrusted Connections',
163 silly audit report       severity: 'moderate',
163 silly audit report       vulnerable_versions: '<=5.8.2',
163 silly audit report       cwe: [Array],
163 silly audit report       cvss: [Object]
163 silly audit report     }
163 silly audit report   ],
163 silly audit report   'find-my-way': [
163 silly audit report     {
163 silly audit report       id: 1124273,
163 silly audit report       url: 'https://github.com/advisories/GHSA-c96f-x56v-gq3h',
163 silly audit report       title: 'find-my-way: DDoS with HTTP2',
163 silly audit report       severity: 'high',
163 silly audit report       vulnerable_versions: '<=9.6.0',
163 silly audit report       cwe: [Array],
163 silly audit report       cvss: [Object]
163 silly audit report     }
163 silly audit report   ],
163 silly audit report   'js-yaml': [
163 silly audit report     {
163 silly audit report       id: 1123911,
163 silly audit report       url: 'https://github.com/advisories/GHSA-52cp-r559-cp3m',
163 silly audit report       title: 'js-yaml: YAML merge-key chains can force quadratic CPU consumption',
163 silly audit report       severity: 'high',
163 silly audit report       vulnerable_versions: '>=4.0.0 <4.3.0',
163 silly audit report       cwe: [Array],
163 silly audit report       cvss: [Object]
163 silly audit report     }
163 silly audit report   ],
163 silly audit report   'linkify-it': [
163 silly audit report     {
163 silly audit report       id: 1121797,
163 silly audit report       url: 'https://github.com/advisories/GHSA-22p9-wv53-3rq4',
163 silly audit report       title: 'LinkifyIt#match scan loop has quadratic algorithmic complexity',
163 silly audit report       severity: 'high',
163 silly audit report       vulnerable_versions: '<=5.0.0',
163 silly audit report       cwe: [Array],
163 silly audit report       cvss: [Object]
163 silly audit report     },
163 silly audit report     {
163 silly audit report       id: 1124012,
163 silly audit report       url: 'https://github.com/advisories/GHSA-v245-v573-v5vm',
163 silly audit report       title: 'linkify-it: Quadratic-complexity DoS via the `mailto:` validator scan-loop on attacker text',
163 silly audit report       severity: 'high',
163 silly audit report       vulnerable_versions: '<=5.0.1',
163 silly audit report       cwe: [Array],
163 silly audit report       cvss: [Object]
163 silly audit report     }
163 silly audit report   ],
163 silly audit report   'markdown-it': [
163 silly audit report     {
163 silly audit report       id: 1113190,
163 silly audit report       url: 'https://github.com/advisories/GHSA-38c4-r59v-3vqw',
163 silly audit report       title: 'markdown-it is has a Regular Expression Denial of Service (ReDoS)',
163 silly audit report       severity: 'moderate',
163 silly audit report       vulnerable_versions: '>=13.0.0 <14.1.1',
163 silly audit report       cwe: [Array],
163 silly audit report       cvss: [Object]
163 silly audit report     },
163 silly audit report     {
163 silly audit report       id: 1120820,
163 silly audit report       url: 'https://github.com/advisories/GHSA-6v5v-wf23-fmfq',
163 silly audit report       title: 'markdown-it: Quadratic complexity DoS in smartquotes rule via replaceAt string operations',
163 silly audit report       severity: 'moderate',
163 silly audit report       vulnerable_versions: '<=14.1.1',
163 silly audit report       cwe: [Array],
163 silly audit report       cvss: [Object]
163 silly audit report     }
163 silly audit report   ],
163 silly audit report   postcss: [
163 silly audit report     {
163 silly audit report       id: 1124288,
163 silly audit report       url: 'https://github.com/advisories/GHSA-r28c-9q8g-f849',
163 silly audit report       title: 'PostCSS: Path Traversal in Previous Source Map Auto-Loading (sourceMappingURL) leads to Arbitrary .map File Disclosure',
163 silly audit report       severity: 'high',
163 silly audit report       vulnerable_versions: '<=8.5.17',
163 silly audit report       cwe: [Array],
163 silly audit report       cvss: [Object]
163 silly audit report     }
163 silly audit report   ],
163 silly audit report   'shell-quote': [
163 silly audit report     {
163 silly audit report       id: 1123944,
163 silly audit report       url: 'https://github.com/advisories/GHSA-395f-4hp3-45gv',
163 silly audit report       title: 'shell-quote: Quadratic-complexity Denial of Service in `parse()` (CWE-407)',
163 silly audit report       severity: 'high',
163 silly audit report       vulnerable_versions: '<=1.8.4',
163 silly audit report       cwe: [Array],
163 silly audit report       cvss: [Object]
163 silly audit report     }
163 silly audit report   ],
163 silly audit report   sigstore: [
163 silly audit report     {
163 silly audit report       id: 1122163,
163 silly audit report       url: 'https://github.com/advisories/GHSA-52v5-jr5w-gjxr',
163 silly audit report       title: "sigstore's `certificateOIDs` verification constraints are silently dropped and never enforced",
163 silly audit report       severity: 'high',
163 silly audit report       vulnerable_versions: '<=4.1.0',
163 silly audit report       cwe: [Array],
163 silly audit report       cvss: [Object]
163 silly audit report     }
163 silly audit report   ],
163 silly audit report   tar: [
163 silly audit report     {
163 silly audit report       id: 1112659,
163 silly audit report       url: 'https://github.com/advisories/GHSA-34x7-hfp2-rc4v',
163 silly audit report       title: 'node-tar Vulnerable to Arbitrary File Creation/Overwrite via Hardlink Path Traversal',
163 silly audit report       severity: 'high',
163 silly audit report       vulnerable_versions: '<7.5.7',
163 silly audit report       cwe: [Array],
163 silly audit report       cvss: [Object]
163 silly audit report     },
163 silly audit report     {
163 silly audit report       id: 1113300,
163 silly audit report       url: 'https://github.com/advisories/GHSA-8qq5-rm4j-mr97',
163 silly audit report       title: 'node-tar is Vulnerable to Arbitrary File Overwrite and Symlink Poisoning via Insufficient Path Sanitization',
163 silly audit report       severity: 'high',
163 silly audit report       vulnerable_versions: '<=7.5.2',
163 silly audit report       cwe: [Array],
163 silly audit report       cvss: [Object]
163 silly audit report     },
163 silly audit report     {
163 silly audit report       id: 1113375,
163 silly audit report       url: 'https://github.com/advisories/GHSA-83g3-92jg-28cx',
163 silly audit report       title: 'Arbitrary File Read/Write via Hardlink Target Escape Through Symlink Chain in node-tar Extraction',
163 silly audit report       severity: 'high',
163 silly audit report       vulnerable_versions: '<7.5.8',
163 silly audit report       cwe: [Array],
163 silly audit report       cvss: [Object]
163 silly audit report     },
163 silly audit report     {
163 silly audit report       id: 1114200,
163 silly audit report       url: 'https://github.com/advisories/GHSA-qffp-2rhf-9h96',
163 silly audit report       title: 'tar has Hardlink Path Traversal via Drive-Relative Linkpath',
163 silly audit report       severity: 'high',
163 silly audit report       vulnerable_versions: '<=7.5.9',
163 silly audit report       cwe: [Array],
163 silly audit report       cvss: [Object]
163 silly audit report     },
163 silly audit report     {
163 silly audit report       id: 1114302,
163 silly audit report       url: 'https://github.com/advisories/GHSA-9ppj-qmqm-q256',
163 silly audit report       title: 'node-tar Symlink Path Traversal via Drive-Relative Linkpath',
163 silly audit report       severity: 'high',
163 silly audit report       vulnerable_versions: '<=7.5.10',
163 silly audit report       cwe: [Array],
163 silly audit report       cvss: [Object]
163 silly audit report     },
163 silly audit report     {
163 silly audit report       id: 1120782,
163 silly audit report       url: 'https://github.com/advisories/GHSA-vmf3-w455-68vh',
163 silly audit report       title: 'node-tar applies PAX size override to intermediary GNU long-name/long-link headers, causing tar parser interpretation differential (file smuggling)',
163 silly audit report       severity: 'moderate',
163 silly audit report       vulnerable_versions: '<=7.5.15',
163 silly audit report       cwe: [Array],
163 silly audit report       cvss: [Object]
163 silly audit report     },
163 silly audit report     {
163 silly audit report       id: 1114680,
163 silly audit report       url: 'https://github.com/advisories/GHSA-r6q2-hw4h-h46w',
163 silly audit report       title: 'Race Condition in node-tar Path Reservations via Unicode Ligature Collisions on macOS APFS',
163 silly audit report       severity: 'high',
163 silly audit report       vulnerable_versions: '<=7.5.3',
163 silly audit report       cwe: [Array],
163 silly audit report       cvss: [Object]
163 silly audit report     },
163 silly audit report     {
163 silly audit report       id: 1123939,
163 silly audit report       url: 'https://github.com/advisories/GHSA-w8wr-v893-vjvp',
163 silly audit report       title: 'node-tar: Process crash via PAX numeric path type confusion',
163 silly audit report       severity: 'moderate',
163 silly audit report       vulnerable_versions: '<=7.5.17',
163 silly audit report       cwe: [Array],
163 silly audit report       cvss: [Object]
163 silly audit report     },
163 silly audit report     {
163 silly audit report       id: 1123940,
163 silly audit report       url: 'https://github.com/advisories/GHSA-23hp-3jrh-7fpw',
163 silly audit report       title: 'node-tar: Decompression/parse DoS via unlimited input',
163 silly audit report       severity: 'critical',
163 silly audit report       vulnerable_versions: '<=7.5.18',
163 silly audit report       cwe: [Array],
163 silly audit report       cvss: [Object]
163 silly audit report     },
163 silly audit report     {
163 silly audit report       id: 1123941,
163 silly audit report       url: 'https://github.com/advisories/GHSA-8x88-c5mf-7j5w',
163 silly audit report       title: 'node-tar: Negative tar entry size causes infinite loop in archive replace',
163 silly audit report       severity: 'high',
163 silly audit report       vulnerable_versions: '<=7.5.17',
163 silly audit report       cwe: [Array],
163 silly audit report       cvss: [Object]
163 silly audit report     },
163 silly audit report     {
163 silly audit report       id: 1123942,
163 silly audit report       url: 'https://github.com/advisories/GHSA-gvwx-54wh-qm9j',
163 silly audit report       title: 'node-tar: Uncaught Exception DoS via NUL byte in PAX path/linkpath records',
163 silly audit report       severity: 'moderate',
163 silly audit report       vulnerable_versions: '<=7.5.16',
163 silly audit report       cwe: [Array],
163 silly audit report       cvss: [Object]
163 silly audit report     },
163 silly audit report     {
163 silly audit report       id: 1124287,
163 silly audit report       url: 'https://github.com/advisories/GHSA-r292-9mhp-454m',
163 silly audit report       title: 'node-tar: Uncontrolled recursion in mapHas/filesFilter allows uncatchable stack-overflow DoS via crafted long-path tar with member selection',
163 silly audit report       severity: 'moderate',
163 silly audit report       vulnerable_versions: '<=7.5.20',
163 silly audit report       cwe: [Array],
163 silly audit report       cvss: [Object]
163 silly audit report     }
163 silly audit report   ],
163 silly audit report   uuid: [
163 silly audit report     {
163 silly audit report       id: 1119441,
163 silly audit report       url: 'https://github.com/advisories/GHSA-w5hq-g745-h8pq',
163 silly audit report       title: 'uuid: Missing buffer bounds check in v3/v5/v6 when buf is provided',
163 silly audit report       severity: 'moderate',
163 silly audit report       vulnerable_versions: '<11.1.1',
163 silly audit report       cwe: [Array],
163 silly audit report       cvss: [Object]
163 silly audit report     }
163 silly audit report   ]
163 silly audit report }
164 timing reifyNode:node_modules/eastasianwidth Completed in 1983ms
165 timing reifyNode:node_modules/wrap-ansi-cjs Completed in 2048ms
166 timing reifyNode:node_modules/wrappy Completed in 2049ms
167 timing reifyNode:node_modules/wide-align Completed in 2048ms
168 timing reifyNode:node_modules/void-elements Completed in 2049ms
169 timing reifyNode:node_modules/validate-npm-package-license Completed in 2049ms
170 timing reifyNode:node_modules/universalify Completed in 2049ms
171 timing reifyNode:node_modules/spdx-exceptions Completed in 2052ms
172 timing reifyNode:node_modules/shallow-clone Completed in 2053ms
173 timing reifyNode:node_modules/shebang-command Completed in 2054ms
174 timing reifyNode:node_modules/run-parallel Completed in 2055ms
175 timing reifyNode:node_modules/require-from-string Completed in 2055ms
176 timing reifyNode:node_modules/remote-git-tags Completed in 2055ms
177 timing reifyNode:node_modules/resolve-alpn Completed in 2056ms
178 timing reifyNode:node_modules/pug-attrs Completed in 2058ms
179 timing reifyNode:node_modules/promise-inflight Completed in 2058ms
180 timing reifyNode:node_modules/postgres-date Completed in 2058ms
181 timing reifyNode:node_modules/postgres-bytea Completed in 2059ms
182 timing reifyNode:node_modules/pg-int8 Completed in 2060ms
183 timing reifyNode:node_modules/path-parse Completed in 2061ms
184 timing reifyNode:node_modules/path-is-absolute Completed in 2062ms
185 timing reifyNode:node_modules/once Completed in 2063ms
186 timing reifyNode:node_modules/normalize-path Completed in 2064ms
187 timing reifyNode:node_modules/ms Completed in 2064ms
188 timing reifyNode:node_modules/mkdirp-classic Completed in 2064ms
189 timing reifyNode:node_modules/minipass-pipeline Completed in 2065ms
190 timing reifyNode:node_modules/minipass-collect Completed in 2065ms
191 timing reifyNode:node_modules/minipass-flush Completed in 2065ms
192 timing reifyNode:node_modules/merge2 Completed in 2063ms
193 timing reifyNode:node_modules/object-assign Completed in 2067ms
194 timing reifyNode:node_modules/merge-stream Completed in 2064ms
195 timing reifyNode:node_modules/lodash.castarray Completed in 2065ms
196 timing reifyNode:node_modules/lodash.compact Completed in 2066ms
197 timing reifyNode:node_modules/jstransformer-markdown-it Completed in 2066ms
198 timing reifyNode:node_modules/is-number Completed in 2069ms
199 timing reifyNode:node_modules/is-extglob Completed in 2068ms
200 warn deprecated inflight@1.0.6: This module is not supported, and leaks memory. Do not use it. Check out lru-cache if you want a good and tested way to coalesce async requests by a key value, which is much more comprehensive and powerful.
201 timing reifyNode:node_modules/inflight Completed in 2069ms
202 timing reifyNode:node_modules/imurmurhash Completed in 2070ms
203 timing reifyNode:node_modules/infer-owner Completed in 2071ms
204 timing reifyNode:node_modules/has-unicode Completed in 2071ms
205 timing reifyNode:node_modules/escape-html Completed in 2078ms
206 timing reifyNode:node_modules/end-of-stream Completed in 2079ms
207 warn deprecated dottie@2.0.7: Package no longer supported. Contact Support at https://www.npmjs.com/support for more info.
208 timing reifyNode:node_modules/dottie Completed in 2080ms
209 timing reifyNode:node_modules/dir-glob Completed in 2080ms
210 timing reifyNode:node_modules/configstore Completed in 2082ms
211 timing reifyNode:node_modules/color-name Completed in 2082ms
212 timing reifyNode:node_modules/clone-deep Completed in 2083ms
213 timing reifyNode:node_modules/chownr Completed in 2082ms
214 timing reifyNode:node_modules/buffer-from Completed in 2082ms
215 timing reifyNode:node_modules/bindings Completed in 2083ms
216 timing reifyNode:node_modules/at-least-node Completed in 2085ms
217 timing reifyNode:node_modules/aproba Completed in 2084ms
218 timing reifyNode:node_modules/abstract-logging Completed in 2085ms
219 timing reifyNode:node_modules/abbrev Completed in 2086ms
220 timing reifyNode:node_modules/@types/stack-trace Completed in 2087ms
221 timing reifyNode:node_modules/@types/http-cache-semantics Completed in 2087ms
222 timing reifyNode:node_modules/@types/semver-utils Completed in 2087ms
223 timing reifyNode:node_modules/@types/deep-eql Completed in 2088ms
224 timing reifyNode:node_modules/@types/ms Completed in 2088ms
225 timing reifyNode:node_modules/@types/debug Completed in 2089ms
226 timing reifyNode:node_modules/@npmcli/node-gyp Completed in 2091ms
227 timing reifyNode:node_modules/@gar/promisify Completed in 2092ms
228 timing reifyNode:node_modules/tar-fs/node_modules/chownr Completed in 2124ms
229 timing reifyNode:node_modules/sqlite3/node_modules/brace-expansion Completed in 2122ms
230 timing reifyNode:node_modules/sequelize-cli/node_modules/wrap-ansi Completed in 2121ms
231 warn deprecated @npmcli/move-file@1.1.2: This functionality has been moved to @npmcli/fs
232 timing reifyNode:node_modules/sqlite3/node_modules/@npmcli/move-file Completed in 2123ms
233 timing reifyNode:node_modules/rc/node_modules/ini Completed in 2122ms
234 timing reifyNode:node_modules/rc/node_modules/strip-json-comments Completed in 2123ms
235 timing reifyNode:node_modules/pkg-up/node_modules/p-locate Completed in 2122ms
236 timing reifyNode:node_modules/pkg-up/node_modules/locate-path Completed in 2122ms
237 timing reifyNode:node_modules/rc-config-loader/node_modules/ms Completed in 2124ms
238 timing reifyNode:node_modules/pkg-up/node_modules/find-up Completed in 2123ms
239 timing reifyNode:node_modules/pkg-up/node_modules/path-exists Completed in 2123ms
240 timing reifyNode:node_modules/node-gyp/node_modules/brace-expansion Completed in 2122ms
241 timing reifyNode:node_modules/global-dirs/node_modules/ini Completed in 2118ms
242 timing reifyNode:node_modules/cliui/node_modules/wrap-ansi Completed in 2114ms
243 timing reifyNode:node_modules/config-chain/node_modules/ini Completed in 2116ms
244 timing reifyNode:node_modules/@npmcli/move-file/node_modules/brace-expansion Completed in 2113ms
245 timing reifyNode:node_modules/yocto-queue Completed in 2141ms
246 timing reifyNode:node_modules/xdg-basedir Completed in 2141ms
247 timing reifyNode:node_modules/wrap-ansi Completed in 2140ms
248 timing reifyNode:node_modules/widest-line Completed in 2141ms
249 timing reifyNode:node_modules/vary Completed in 2141ms
250 timing reifyNode:node_modules/validate-npm-package-name Completed in 2141ms
251 timing reifyNode:node_modules/unique-slug Completed in 2141ms
252 timing reifyNode:node_modules/untildify Completed in 2142ms
253 timing reifyNode:node_modules/unique-filename Completed in 2142ms
254 timing reifyNode:node_modules/unique-string Completed in 2142ms
255 timing reifyNode:node_modules/type-is Completed in 2142ms
256 timing reifyNode:node_modules/tunnel-agent Completed in 2143ms
257 timing reifyNode:node_modules/toidentifier Completed in 2143ms
258 timing reifyNode:node_modules/to-regex-range Completed in 2144ms
259 timing reifyNode:node_modules/tmpl Completed in 2144ms
260 timing reifyNode:node_modules/tildify Completed in 2144ms
261 timing reifyNode:node_modules/supports-color Completed in 2149ms
262 timing reifyNode:node_modules/strip-json-comments Completed in 2148ms
263 timing reifyNode:node_modules/strip-ansi Completed in 2149ms
264 timing reifyNode:node_modules/string-width Completed in 2149ms
265 timing reifyNode:node_modules/strip-ansi-cjs Completed in 2150ms
266 timing reifyNode:node_modules/spdx-license-ids Completed in 2148ms
267 timing reifyNode:node_modules/slash Completed in 2149ms
268 timing reifyNode:node_modules/shebang-regex Completed in 2150ms
269 timing reifyNode:node_modules/set-blocking Completed in 2151ms
270 timing reifyNode:node_modules/semver-diff Completed in 2151ms
271 timing reifyNode:node_modules/resolve-cwd Completed in 2151ms
272 timing reifyNode:node_modules/responselike Completed in 2152ms
273 timing reifyNode:node_modules/string-width-cjs Completed in 2156ms
274 timing reifyNode:node_modules/resolve-from Completed in 2152ms
275 timing reifyNode:node_modules/registry-url Completed in 2152ms
276 timing reifyNode:node_modules/read-package-json-fast Completed in 2152ms
277 timing reifyNode:node_modules/real-require Completed in 2153ms
278 warn deprecated read-package-json@6.0.4: This package is no longer supported. Please use @npmcli/package-json instead.
279 timing reifyNode:node_modules/read-package-json Completed in 2153ms
280 timing reifyNode:node_modules/quick-lru Completed in 2152ms
281 timing reifyNode:node_modules/queue-microtask Completed in 2153ms
282 timing reifyNode:node_modules/pug-walk Completed in 2153ms
283 timing reifyNode:node_modules/pupa Completed in 2153ms
284 timing reifyNode:node_modules/pug-load Completed in 2154ms
285 timing reifyNode:node_modules/pug-strip-comments Completed in 2154ms
286 timing reifyNode:node_modules/pug-linker Completed in 2155ms
287 timing reifyNode:node_modules/proc-log Completed in 2154ms
288 timing reifyNode:node_modules/postgres-interval Completed in 2154ms
289 timing reifyNode:node_modules/postgres-array Completed in 2155ms
290 timing reifyNode:node_modules/pkg-up Completed in 2156ms
291 timing reifyNode:node_modules/pkg-dir Completed in 2156ms
292 timing reifyNode:node_modules/pg-connection-string Completed in 2157ms
293 timing reifyNode:node_modules/pgpass Completed in 2157ms
294 timing reifyNode:node_modules/path-type Completed in 2158ms
295 timing reifyNode:node_modules/path-key Completed in 2158ms
296 timing reifyNode:node_modules/path-exists Completed in 2158ms
297 timing reifyNode:node_modules/p-locate Completed in 2159ms
298 timing reifyNode:node_modules/p-try Completed in 2159ms
299 timing reifyNode:node_modules/p-map Completed in 2159ms
300 timing reifyNode:node_modules/p-limit Completed in 2160ms
301 timing reifyNode:node_modules/npm-install-checks Completed in 2159ms
302 timing reifyNode:node_modules/npm-normalize-package-bin Completed in 2160ms
303 timing reifyNode:node_modules/npm-bundled Completed in 2160ms
304 timing reifyNode:node_modules/minipass-json-stream Completed in 2159ms
305 timing reifyNode:node_modules/mimic-response Completed in 2159ms
306 timing reifyNode:node_modules/media-typer Completed in 2158ms
307 timing reifyNode:node_modules/lowercase-keys Completed in 2159ms
308 timing reifyNode:node_modules/lodash.isempty Completed in 2159ms
309 timing reifyNode:node_modules/locate-path Completed in 2160ms
310 timing reifyNode:node_modules/latest-version Completed in 2160ms
311 timing reifyNode:node_modules/jsonfile Completed in 2159ms
312 timing reifyNode:node_modules/json-parse-even-better-errors Completed in 2160ms
313 timing reifyNode:node_modules/isobject Completed in 2161ms
314 timing reifyNode:node_modules/is-promise Completed in 2162ms
315 timing reifyNode:node_modules/is-typedarray Completed in 2162ms
316 timing reifyNode:node_modules/is-path-inside Completed in 2162ms
317 timing reifyNode:node_modules/is-glob Completed in 2161ms
318 timing reifyNode:node_modules/is-plain-object Completed in 2163ms
319 timing reifyNode:node_modules/is-obj Completed in 2163ms
320 timing reifyNode:node_modules/is-installed-globally Completed in 2162ms
321 timing reifyNode:node_modules/is-fullwidth-code-point Completed in 2163ms
322 timing reifyNode:node_modules/is-npm Completed in 2163ms
323 timing reifyNode:node_modules/is-expression Completed in 2163ms
324 timing reifyNode:node_modules/is-binary-path Completed in 2163ms
325 timing reifyNode:node_modules/ini Completed in 2164ms
326 timing reifyNode:node_modules/inherits Completed in 2164ms
327 timing reifyNode:node_modules/import-lazy Completed in 2164ms
328 timing reifyNode:node_modules/indent-string Completed in 2164ms
329 timing reifyNode:node_modules/humanize-ms Completed in 2165ms
330 timing reifyNode:node_modules/ieee754 Completed in 2165ms
331 timing reifyNode:node_modules/http-errors Completed in 2166ms
332 timing reifyNode:node_modules/has-yarn Completed in 2165ms
333 timing reifyNode:node_modules/has-flag Completed in 2166ms
334 timing reifyNode:node_modules/glob-parent Completed in 2169ms
335 timing reifyNode:node_modules/get-stdin Completed in 2169ms
336 timing reifyNode:node_modules/forwarded Completed in 2169ms
337 timing reifyNode:node_modules/fs-constants Completed in 2169ms
338 timing reifyNode:node_modules/find-up Completed in 2170ms
339 timing reifyNode:node_modules/fill-range Completed in 2170ms
340 timing reifyNode:node_modules/fastify-method-override Completed in 2170ms
341 timing reifyNode:node_modules/escape-goat Completed in 2170ms
342 timing reifyNode:node_modules/env-paths Completed in 2171ms
343 timing reifyNode:node_modules/dot-prop Completed in 2171ms
344 timing reifyNode:node_modules/decompress-response Completed in 2171ms
345 timing reifyNode:node_modules/cookie-signature Completed in 2172ms
346 timing reifyNode:node_modules/convert-source-map Completed in 2172ms
347 timing reifyNode:node_modules/console-control-strings Completed in 2172ms
348 timing reifyNode:node_modules/config-chain Completed in 2173ms
349 timing reifyNode:node_modules/clean-stack Completed in 2171ms
350 timing reifyNode:node_modules/character-parser Completed in 2172ms
351 timing reifyNode:node_modules/global-dirs Completed in 2177ms
352 timing reifyNode:node_modules/camelcase Completed in 2172ms
353 timing reifyNode:node_modules/boxen Completed in 2172ms
354 timing reifyNode:node_modules/assertion-error Completed in 2172ms
355 timing reifyNode:node_modules/anymatch Completed in 2172ms
356 timing reifyNode:node_modules/ansi-align Completed in 2173ms
357 timing reifyNode:node_modules/array-union Completed in 2174ms
358 timing reifyNode:node_modules/aggregate-error Completed in 2174ms
359 timing reifyNode:node_modules/ansi-regex Completed in 2175ms
360 warn deprecated @npmcli/move-file@2.0.1: This functionality has been moved to @npmcli/fs
361 timing reifyNode:node_modules/@npmcli/move-file Completed in 2180ms
362 timing reifyNode:node_modules/yargs/node_modules/strip-ansi Completed in 2210ms
363 timing reifyNode:node_modules/yargs/node_modules/string-width Completed in 2210ms
364 timing reifyNode:node_modules/wrap-ansi-cjs/node_modules/strip-ansi Completed in 2211ms
365 timing reifyNode:node_modules/wrap-ansi-cjs/node_modules/ansi-regex Completed in 2211ms
366 timing reifyNode:node_modules/yargs/node_modules/ansi-regex Completed in 2212ms
367 timing reifyNode:node_modules/wide-align/node_modules/ansi-regex Completed in 2211ms
368 timing reifyNode:node_modules/wide-align/node_modules/strip-ansi Completed in 2211ms
369 timing reifyNode:node_modules/wrap-ansi-cjs/node_modules/string-width Completed in 2213ms
370 timing reifyNode:node_modules/wide-align/node_modules/string-width Completed in 2213ms
371 timing reifyNode:node_modules/write-file-atomic/node_modules/signal-exit Completed in 2214ms
372 timing reifyNode:node_modules/string-width-cjs/node_modules/ansi-regex Completed in 2212ms
373 timing reifyNode:node_modules/strip-ansi-cjs/node_modules/ansi-regex Completed in 2212ms
374 timing reifyNode:node_modules/string-width-cjs/node_modules/strip-ansi Completed in 2213ms
375 timing reifyNode:node_modules/tar/node_modules/fs-minipass Completed in 2214ms
376 timing reifyNode:node_modules/sqlite3/node_modules/fs-minipass Completed in 2212ms
377 timing reifyNode:node_modules/sqlite3/node_modules/lru-cache Completed in 2215ms
378 timing reifyNode:node_modules/sqlite3/node_modules/@tootallnate/once Completed in 2213ms
379 timing reifyNode:node_modules/sequelize-cli/node_modules/ansi-regex Completed in 2213ms
380 timing reifyNode:node_modules/sequelize-cli/node_modules/strip-ansi Completed in 2213ms
381 timing reifyNode:node_modules/sequelize-cli/node_modules/string-width Completed in 2213ms
382 timing reifyNode:node_modules/pkg-up/node_modules/p-limit Completed in 2211ms
383 timing reifyNode:node_modules/pkg-dir/node_modules/p-locate Completed in 2211ms
384 timing reifyNode:node_modules/pkg-dir/node_modules/p-limit Completed in 2211ms
385 timing reifyNode:node_modules/pkg-dir/node_modules/find-up Completed in 2212ms
386 timing reifyNode:node_modules/pkg-dir/node_modules/locate-path Completed in 2212ms
387 timing reifyNode:node_modules/pino-pretty/node_modules/strip-json-comments Completed in 2213ms
388 timing reifyNode:node_modules/node-gyp/node_modules/unique-slug Completed in 2212ms
389 timing reifyNode:node_modules/node-gyp/node_modules/fs-minipass Completed in 2212ms
390 timing reifyNode:node_modules/node-gyp/node_modules/unique-filename Completed in 2213ms
391 timing reifyNode:node_modules/gauge/node_modules/string-width Completed in 2208ms
392 timing reifyNode:node_modules/gauge/node_modules/strip-ansi Completed in 2208ms
393 timing reifyNode:node_modules/gauge/node_modules/ansi-regex Completed in 2207ms
394 timing reifyNode:node_modules/gauge/node_modules/signal-exit Completed in 2209ms
395 timing reifyNode:node_modules/js-beautify/node_modules/abbrev Completed in 2212ms
396 timing reifyNode:node_modules/cliui/node_modules/string-width Completed in 2205ms
397 timing reifyNode:node_modules/cliui/node_modules/ansi-regex Completed in 2206ms
398 timing reifyNode:node_modules/cli-table3/node_modules/strip-ansi Completed in 2206ms
399 timing reifyNode:node_modules/cliui/node_modules/strip-ansi Completed in 2206ms
400 timing reifyNode:node_modules/ansi-align/node_modules/strip-ansi Completed in 2205ms
401 timing reifyNode:node_modules/fastify-objectionjs/node_modules/pg-connection-string Completed in 2211ms
402 timing reifyNode:node_modules/ansi-align/node_modules/string-width Completed in 2205ms
403 timing reifyNode:node_modules/cli-table3/node_modules/string-width Completed in 2207ms
404 timing reifyNode:node_modules/cli-table3/node_modules/ansi-regex Completed in 2208ms
405 timing reifyNode:node_modules/ansi-align/node_modules/ansi-regex Completed in 2206ms
406 timing reifyNode:node_modules/chalk/node_modules/supports-color Completed in 2209ms
407 timing reifyNode:node_modules/cacheable-request/node_modules/mimic-response Completed in 2208ms
408 timing reifyNode:node_modules/@fastify/send/node_modules/http-errors Completed in 2204ms
409 timing reifyNode:node_modules/write-file-atomic Completed in 2232ms
410 timing reifyNode:node_modules/yallist Completed in 2233ms
411 timing reifyNode:node_modules/util-deprecate Completed in 2232ms
412 timing reifyNode:node_modules/tree-kill Completed in 2232ms
413 timing reifyNode:node_modules/tinyrainbow Completed in 2232ms
414 timing reifyNode:node_modules/string_decoder Completed in 2232ms
415 timing reifyNode:node_modules/spdx-correct Completed in 2230ms
416 timing reifyNode:node_modules/sisteransi Completed in 2231ms
417 timing reifyNode:node_modules/siginfo Completed in 2231ms
418 timing reifyNode:node_modules/set-cookie-parser Completed in 2231ms
419 timing reifyNode:node_modules/walker Completed in 2237ms
420 timing reifyNode:node_modules/pug-code-gen Completed in 2231ms
421 timing reifyNode:node_modules/proxy-addr Completed in 2231ms
422 timing reifyNode:node_modules/pug Completed in 2232ms
423 timing reifyNode:node_modules/proto-list Completed in 2233ms
424 timing reifyNode:node_modules/postcss-modules-values Completed in 2235ms
425 timing reifyNode:node_modules/postcss-modules-extract-imports Completed in 2236ms
426 timing reifyNode:node_modules/package-json Completed in 2239ms
427 timing reifyNode:node_modules/p-cancelable Completed in 2239ms
428 warn deprecated npmlog@6.0.2: This package is no longer supported.
429 timing reifyNode:node_modules/npmlog Completed in 2239ms
430 timing reifyNode:node_modules/npm-pick-manifest Completed in 2240ms
431 timing reifyNode:node_modules/makeerror Completed in 2240ms
432 timing reifyNode:node_modules/kind-of Completed in 2241ms
433 timing reifyNode:node_modules/is-yarn-global Completed in 2243ms
434 timing reifyNode:node_modules/is-docker Completed in 2242ms
435 timing reifyNode:node_modules/is-ci Completed in 2243ms
436 timing reifyNode:node_modules/ignore-walk Completed in 2243ms
437 timing reifyNode:node_modules/glob-to-regexp Completed in 2245ms
438 timing reifyNode:node_modules/get-caller-file Completed in 2246ms
439 timing reifyNode:node_modules/fs-minipass Completed in 2245ms
440 timing reifyNode:node_modules/fs.realpath Completed in 2245ms
441 timing reifyNode:node_modules/expand-template Completed in 2248ms
442 timing reifyNode:node_modules/esrecurse Completed in 2249ms
443 timing reifyNode:node_modules/dateformat Completed in 2250ms
444 timing reifyNode:node_modules/crypto-random-string Completed in 2251ms
445 timing reifyNode:node_modules/color-support Completed in 2253ms
446 timing reifyNode:node_modules/cli-boxes Completed in 2252ms
447 timing reifyNode:node_modules/brace-expansion Completed in 2252ms
448 timing reifyNode:node_modules/balanced-match Completed in 2253ms
449 timing reifyNode:node_modules/atomic-sleep Completed in 2253ms
450 timing reifyNode:node_modules/base64-js Completed in 2254ms
451 timing reifyNode:node_modules/assert-never Completed in 2254ms
452 timing reifyNode:node_modules/ansi-styles Completed in 2253ms
453 timing reifyNode:node_modules/@webpack-cli/configtest Completed in 2254ms
454 timing reifyNode:node_modules/@webpack-cli/serve Completed in 2255ms
455 timing reifyNode:node_modules/@webpack-cli/info Completed in 2255ms
456 timing reifyNode:node_modules/@webassemblyjs/helper-api-error Completed in 2255ms
457 timing reifyNode:node_modules/@types/json-schema Completed in 2257ms
458 timing reifyNode:node_modules/@tufjs/canonical-json Completed in 2258ms
459 timing reifyNode:node_modules/@oxc-project/types Completed in 2259ms
460 timing reifyNode:node_modules/@npmcli/promise-spawn Completed in 2260ms
461 timing reifyNode:node_modules/@fastify/accept-negotiator Completed in 2261ms
462 timing reifyNode:node_modules/youch/node_modules/cookie Completed in 2292ms
463 timing reifyNode:node_modules/wrap-ansi/node_modules/ansi-styles Completed in 2290ms
464 timing reifyNode:node_modules/webpack-cli/node_modules/interpret Completed in 2291ms
465 timing reifyNode:node_modules/pgpass/node_modules/split2 Completed in 2285ms
466 timing reifyNode:node_modules/pino-abstract-transport/node_modules/split2 Completed in 2286ms
467 timing reifyNode:node_modules/node-gyp/node_modules/cacache/node_modules/brace-expansion Completed in 2284ms
468 timing reifyNode:node_modules/which Completed in 2301ms
469 timing reifyNode:node_modules/update-notifier Completed in 2302ms
470 timing reifyNode:node_modules/xtend Completed in 2308ms
471 timing reifyNode:node_modules/statuses Completed in 2304ms
472 timing reifyNode:node_modules/std-env Completed in 2305ms
473 timing reifyNode:node_modules/stack-trace Completed in 2305ms
474 timing reifyNode:node_modules/stackback Completed in 2306ms
475 timing reifyNode:node_modules/simple-concat Completed in 2304ms
476 timing reifyNode:node_modules/setprototypeof Completed in 2304ms
477 timing reifyNode:node_modules/readdirp Completed in 2306ms
478 timing reifyNode:node_modules/postcss-modules-local-by-default Completed in 2307ms
479 timing reifyNode:node_modules/picocolors Completed in 2307ms
480 timing reifyNode:node_modules/npm-packlist Completed in 2308ms
481 timing reifyNode:node_modules/npm-package-arg Completed in 2309ms
482 timing reifyNode:node_modules/normalize-url Completed in 2309ms
483 timing reifyNode:node_modules/node-abi Completed in 2309ms
484 timing reifyNode:node_modules/minizlib Completed in 2309ms
485 timing reifyNode:node_modules/mime-types Completed in 2309ms
486 timing reifyNode:node_modules/keyv Completed in 2308ms
487 timing reifyNode:node_modules/jstransformer Completed in 2309ms
488 timing reifyNode:node_modules/json-buffer Completed in 2309ms
489 timing reifyNode:node_modules/isbinaryfile Completed in 2310ms
490 timing reifyNode:node_modules/is-lambda Completed in 2309ms
491 timing reifyNode:node_modules/interpret Completed in 2309ms
492 timing reifyNode:node_modules/import-local Completed in 2310ms
493 timing reifyNode:node_modules/http-cache-semantics Completed in 2310ms
494 timing reifyNode:node_modules/graceful-fs Completed in 2311ms
495 timing reifyNode:node_modules/get-stream Completed in 2311ms
496 timing reifyNode:node_modules/fast-decode-uri-component Completed in 2313ms
497 timing reifyNode:node_modules/defer-to-connect Completed in 2314ms
498 timing reifyNode:node_modules/deep-extend Completed in 2315ms
499 timing reifyNode:node_modules/content-disposition Completed in 2315ms
500 timing reifyNode:node_modules/cookie Completed in 2316ms
501 timing reifyNode:node_modules/chrome-trace-event Completed in 2314ms
502 timing reifyNode:node_modules/binary-extensions Completed in 2315ms
503 timing reifyNode:node_modules/@xtuc/ieee754 Completed in 2317ms
504 timing reifyNode:node_modules/@webassemblyjs/floating-point-hex-parser Completed in 2318ms
505 timing reifyNode:node_modules/@szmarczak/http-timer Completed in 2319ms
506 timing reifyNode:node_modules/@types/estree Completed in 2319ms
507 timing reifyNode:node_modules/@npmcli/installed-package-contents Completed in 2321ms
508 timing reifyNode:node_modules/sqlite3/node_modules/unique-slug Completed in 2349ms
509 timing reifyNode:node_modules/sqlite3/node_modules/minimatch Completed in 2350ms
510 timing reifyNode:node_modules/sqlite3/node_modules/ssri Completed in 2351ms
511 timing reifyNode:node_modules/node-gyp/node_modules/minimatch Completed in 2346ms
512 timing reifyNode:node_modules/@npmcli/run-script/node_modules/which Completed in 2334ms
513 timing reifyNode:node_modules/@npmcli/move-file/node_modules/minimatch Completed in 2334ms
514 timing reifyNode:node_modules/@npmcli/promise-spawn/node_modules/which Completed in 2334ms
515 timing reifyNode:node_modules/@npmcli/git/node_modules/which Completed in 2334ms
516 timing reifyNode:node_modules/@fastify/send/node_modules/statuses Completed in 2334ms
517 timing reifyNode:node_modules/typedarray-to-buffer Completed in 2362ms
518 timing reifyNode:node_modules/tinyexec Completed in 2368ms
519 timing reifyNode:node_modules/split2 Completed in 2366ms
520 timing reifyNode:node_modules/ssri Completed in 2369ms
521 timing reifyNode:node_modules/spdx-expression-parse Completed in 2367ms
522 timing reifyNode:node_modules/socks-proxy-agent Completed in 2368ms
523 timing reifyNode:node_modules/semver-utils Completed in 2368ms
524 timing reifyNode:node_modules/safe-buffer Completed in 2368ms
525 timing reifyNode:node_modules/require-directory Completed in 2369ms
526 timing reifyNode:node_modules/pug-lexer Completed in 2369ms
527 timing reifyNode:node_modules/pug-filters Completed in 2369ms
528 timing reifyNode:node_modules/postcss-modules-scope Completed in 2369ms
529 timing reifyNode:node_modules/napi-build-utils Completed in 2370ms
530 timing reifyNode:node_modules/micromatch Completed in 2370ms
531 timing reifyNode:node_modules/joycon Completed in 2371ms
532 timing reifyNode:node_modules/js-stringify Completed in 2371ms
533 timing reifyNode:node_modules/getopts Completed in 2372ms
534 timing reifyNode:node_modules/fastify-reverse-routes Completed in 2373ms
535 timing reifyNode:node_modules/fast-memoize Completed in 2374ms
536 timing reifyNode:node_modules/doctypes Completed in 2375ms
537 timing reifyNode:node_modules/colorette Completed in 2376ms
538 timing reifyNode:node_modules/cacheable-lookup Completed in 2375ms
539 timing reifyNode:node_modules/@webassemblyjs/ieee754 Completed in 2378ms
540 timing reifyNode:node_modules/@webassemblyjs/helper-buffer Completed in 2377ms
541 timing reifyNode:node_modules/@webassemblyjs/helper-numbers Completed in 2378ms
542 timing reifyNode:node_modules/@lukeed/ms Completed in 2380ms
543 timing reifyNode:node_modules/@fastify/flash Completed in 2381ms
544 timing reifyNode:node_modules/@fastify/deepmerge Completed in 2382ms
545 timing reifyNode:node_modules/@babel/helper-string-parser Completed in 2382ms
546 timing reifyNode:node_modules/sqlite3/node_modules/socks-proxy-agent Completed in 2409ms
547 warn deprecated rimraf@3.0.2: Rimraf versions prior to v4 are no longer supported
548 timing reifyNode:node_modules/sqlite3/node_modules/rimraf Completed in 2410ms
549 warn deprecated rimraf@3.0.2: Rimraf versions prior to v4 are no longer supported
550 timing reifyNode:node_modules/node-gyp/node_modules/rimraf Completed in 2404ms
551 timing reifyNode:node_modules/node-gyp/node_modules/ssri Completed in 2406ms
552 warn deprecated rimraf@3.0.2: Rimraf versions prior to v4 are no longer supported
553 timing reifyNode:node_modules/@npmcli/move-file/node_modules/rimraf Completed in 2394ms
554 timing reifyNode:node_modules/@pnpm/network.ca-file/node_modules/graceful-fs Completed in 2394ms
555 timing reifyNode:node_modules/why-is-node-running Completed in 2422ms
556 timing metavuln:cache:get:security-advisory:@fastify/static:BMLqIUc37y/VyRvt5MnGIwdOE4gi5MdGwD1kkkwJnaquWCLeJ2eJo5GKXfqJt4p4tTd2x5xaTt9vWI5FhYbG4A== Completed in 900ms
557 timing reifyNode:node_modules/token-stream Completed in 2422ms
558 timing metavuln:cache:get:security-advisory:brace-expansion:PQJD9f/R+gZHzy8Kum92H0T3UQqabegIfHiV7L8FBJBVTR87ofLn3d+vKwC/tzMIvwczV2dC4pL2IBeLdqV8/Q== Completed in 900ms
559 timing metavuln:cache:get:security-advisory:brace-expansion:8oOLS67XweNywiGNx5L+6SvNn2KB7xR8kOhhQW3y11e/1FIqzHMTjZdmNIIGBfwh+NAkZmQ+9Oj3YUp92LM3Wg== Completed in 900ms
560 timing metavuln:cache:get:security-advisory:@fastify/static:vJQxuDabwf/lxVHwcOZQkzkX7hhnf4wrgnpZ2Dr31HSLeMd0yRPqgyyCboXxS1U+79b908a1dmpc+Z9eMh7V6w== Completed in 902ms
561 timing metavuln:cache:get:security-advisory:brace-expansion:wDEbqWk4yLp9m7y1JKlfB/VOQdNxO6zv9mx3cQ5VptPHpE7Ova1G3NkU4hgGmOmyWoA3/1d/SEsb3LnkNTA35A== Completed in 901ms
562 timing metavuln:cache:get:security-advisory:@tootallnate/once:RyUbVwDER6hlZeLYzL19XqR+OGrI+BAaez0VsdQf9/WPYcnTOUHmTWbM2NvRheaH0Hyt6HiDsj5nc0Pl198ZCA== Completed in 901ms
563 timing metavuln:cache:get:security-advisory:fast-uri:QBT+YWg36QlsCGIVyx+qyR2DNhgjC+VCOjRO1zswpjRQn4lFmcf77EeA6ufO4yxSJO9dVgUtRQ76zfsnZLLsHg== Completed in 902ms
564 timing metavuln:cache:get:security-advisory:fast-uri:fTTiMZspTWeoKOVqKU9Q0USuYqGMWJ+bjiecrY+1rBId3DQy+I4aUNOxjJ178zbbPFdPxnzDihrPXdDaH3rFRw== Completed in 902ms
565 timing metavuln:cache:get:security-advisory:fast-uri:eOa7c7ILtYrQRi7Vh70WI0pPtbJX306JIRinfkWw7EszqtCMyh5zDLP+J7GgLnqrHAp+szaZMuWjykheayYbvw== Completed in 902ms
566 timing metavuln:cache:get:security-advisory:fast-uri:ilQwk88D5+dyz6GkJu/mC2fpj9JTHSoJ/e6hwy1CcJtEs9/R/mhL+eT4+pthIQl2RZKnS5U/PJx9ZZnCrQlkvg== Completed in 902ms
567 timing metavuln:cache:get:security-advisory:find-my-way:+YpghwLI6PUIyWp8XHl8sipi8orFgC/bXvA8UTBhSVgt6QefqkNEXuSkTqpzFKftATFLq+TrCW8XYCm94wIjQA== Completed in 902ms
568 timing metavuln:cache:get:security-advisory:fast-uri:5tWf/2F3oSWWqD4tNlM8UnT48bBXTuxzL4RXyhSzco0q9ah5Uf8FT8B+R1B3zzPpBEvBRtxaq8Up076jybNs6w== Completed in 903ms
569 timing metavuln:cache:get:security-advisory:fastify:5OdrwYv5Xzq+rI3bchsuaHIz85Yyo5gTdhOrQGf2Em7pRhXXR2ur0R7W7qQ6UpWsSxuRBW8Fdp57dyqUhR5/yw== Completed in 903ms
570 timing metavuln:cache:get:security-advisory:cookie:EFt7h/FZLeopARa06+F2CBY5ItUm007mP/cHgZjTJZX1MeIwg3JD7toSioRoDeE8wm5VdkimqlS+CnuPhZqbIg== Completed in 904ms
571 timing metavuln:cache:get:security-advisory:fast-uri:tmsTPTzWZa0jUacC9e8efCiEZHfZhUczZbry62wY511+xdh7CI7RMM9+4ui20oTLcl6qec79QaTiTHEMUt5v+g== Completed in 904ms
572 timing metavuln:cache:get:security-advisory:markdown-it:745Vt4mrHCdT8gFHVh7oHROmP4aH4fErXXhbpeVBhtIHmsxTVI7P3rJSdfXZ1iZTBS6GEnTERL4OWUfc4Co9jQ== Completed in 903ms
573 timing metavuln:cache:get:security-advisory:js-yaml:4JRmIWaw7t9g2nj2coc/knMKSpUTTvf6gd7QGFDejryJnGjc+YeBUVzshR5afcQZnuPyYGRjBRxydkQEqdhtbQ== Completed in 903ms
574 timing metavuln:cache:get:security-advisory:fastify:Mu3bbsgGIQMzQU+JUqKbxbOdmJ9sahc+8jmwkzzm3/7BqYYzReNvhjLjZ9XT5ElUjr+2gUCz/6X6tV16iM+obQ== Completed in 903ms
575 timing metavuln:cache:get:security-advisory:fastify:vrddC5kD1iC6bjQC2yMAnNLy1/+VmRDX3Vr+8eGmbbd/ikD6VgNiIpwTn2TMS3TAzr8ZR+5OeLpu/4I5U8QBKA== Completed in 904ms
576 timing metavuln:cache:get:security-advisory:linkify-it:7/w4Aok6/6mHGmv2Uc4svaXHiXUk97svBQl+ENxsN59mRMVAweX/V/Md1OXchNwbfAGlwCUI/sKdB9GYZMICzw== Completed in 904ms
577 timing metavuln:cache:get:security-advisory:linkify-it:Jny8VoHLDJBrjgSbMl+w6XYk0OnzfbGBGjWZrQjqsrrYWsaN7vbYaHR4lV3pOpGX7RAk1TTwEdcZ8yccpCPihA== Completed in 907ms
578 timing metavuln:cache:get:security-advisory:postcss:o0q0EDh/c/yXO8mW7onxyfY8gGQ+yllv0PybMT2eaE76E/1OkdcEp4nbyN5c17b8FHTbrA+h3QdVSYn/qLhRng== Completed in 908ms
579 timing metavuln:cache:get:security-advisory:markdown-it:6cbrYTEXVy1JvQq8uTvzjskW8pf6BmH8gILPrCKTaxXCYedFXg9FI2838ahB0x0+EvFApaZfLnL0JeF1WspBgg== Completed in 909ms
580 timing metavuln:cache:get:security-advisory:sigstore:skzVwsWYa8zuQ7SA5ICFpsE0xnM0OG7fX/J/DEdN8ubKUINIpvS+u8ACU9GH/TPzcgMZklLVWP1xJFTqFcWQFw== Completed in 909ms
581 timing metavuln:cache:get:security-advisory:shell-quote:gWuMLxJrdB5cYYnXmLuPYjWBh9v3T6mAs/1n90qstizAjUwF6JtEegc7pxpOH6qZDJP592oeHHx4biyk4QlJHg== Completed in 910ms
582 timing metavuln:cache:get:security-advisory:tar:W1TcF4N8X2Krsm+r3h0ddGUXMEZZiAaynzYZTQxJc/5bpRkiYZlmagV6PyPqJsq/qtKMzvdrdTLDuOgdPU5XNA== Completed in 909ms
583 timing metavuln:cache:get:security-advisory:tar:qPQeYPFDBIedTWfYK3sbnScF6Ha7ouTs+wgndnz4PT5P+/K+GBD4epoPcYpXlu6AC7gSJlCJTJeuKbYAFoK9PA== Completed in 910ms
584 timing metavuln:cache:get:security-advisory:tar:cbwMpzkxWE086TmEbj2aUk80Z6hlvP0jzlWS+XiX15JwqEtFzUgHyHj3QX4I6EZYk8tgcYPuNr3hYFVCQY6e3Q== Completed in 911ms
585 timing metavuln:cache:get:security-advisory:tar:Bbf0Br7FJ1lJBIJDoLLFwjsDrbaYgLVqfrwr0ATzSQWEKW7Xp073S+5zxU9imRf4OqRJHo2MsCDeyKR0KRVsdA== Completed in 911ms
586 timing metavuln:cache:get:security-advisory:tar:UWW3Y4BpqE/fE3Qp2/QBaix5a7TZZoP7gM6asxPYL9ED9MweoK3ryao+Bp0Y6Y8Xds/rmjAafpG21YRYkP3N4g== Completed in 910ms
587 timing metavuln:cache:get:security-advisory:tar:9WNWShpJfn52pM8ZKKqi6EHYXLJH6jIL35WJ1kx3R94kQ68yiei98QDX2MAYELuoz72lFzgt8ZNwVFO+0shTPQ== Completed in 910ms
588 timing metavuln:cache:get:security-advisory:tar:eeMx7uxRjV2T2ub1XcSZGVUMDQllh5SgBOjApRXoDwccZb2xPyoJEKCNDkl/ZQGHcurw9K/Nf+wQF6u7SWH6CQ== Completed in 911ms
589 timing metavuln:cache:get:security-advisory:tar:vbDW3SJe6e2hhLv65iuyXehzCzEAirdu2MloZluu8ApJ5S0mpjZNCz+7tMRaz8WDOzMKfYQKi/M/IfcFNOa3Cw== Completed in 911ms
590 timing metavuln:cache:get:security-advisory:tar:WPAHyAaav02PDduw2eGnG6X+ABpwBjqmBwdNXRWo4FQEksB49HA4+TNk5yn/gtgvovYrJSHS2rT9f+21J9+P5g== Completed in 911ms
591 timing metavuln:cache:get:security-advisory:tar:arb4g8pdc7oanKU5x4mZlj4SU69lbBj1SSV/G1A404J9n2o/hIuWJHnMVKD9bwNuOjGRq9jrqCqZbeRyPHxymw== Completed in 911ms
592 timing metavuln:cache:get:security-advisory:uuid:fjKShcKspemxj7050oTyq4F6Ys6oXOzZoO3QUapp6PgJCcrmTMbXQaxkcJ1QLLNHzsQ9sgLuhrlezjv+hoSUhg== Completed in 911ms
593 timing metavuln:cache:get:security-advisory:tar:HvLlMJbJXEUK/onHcx6iH5KU2NP+7E7MMPhRhGnsmcr2FY6JAnWF2rcRAgVDBJAOnatQ9kP+OBlK6rRRB4Lm1w== Completed in 912ms
594 timing metavuln:cache:get:security-advisory:tar:t6qp9bDoOJC5ykUhMod9HFHgHDvI1UW6GnqB8jJS6Yi46hF+kajSpG1iT7saQrxA8wmMjWcqOhBiMPJM8/0lzQ== Completed in 912ms
595 timing reifyNode:node_modules/require-addon Completed in 2432ms
596 timing reifyNode:node_modules/rechoir Completed in 2434ms
597 timing reifyNode:node_modules/pug-error Completed in 2434ms
598 timing reifyNode:node_modules/pug-parser Completed in 2435ms
599 timing reifyNode:node_modules/process Completed in 2434ms
600 timing reifyNode:node_modules/progress Completed in 2436ms
601 timing reifyNode:node_modules/nopt Completed in 2434ms
602 timing reifyNode:node_modules/mdurl Completed in 2434ms
603 timing reifyNode:node_modules/loader-runner Completed in 2435ms
604 timing reifyNode:node_modules/linkify-it Completed in 2435ms
605 timing reifyNode:node_modules/http-proxy-agent Completed in 2434ms
606 timing reifyNode:node_modules/globby Completed in 2434ms
607 timing reifyNode:node_modules/get-package-type Completed in 2435ms
608 timing reifyNode:node_modules/fastify-objectionjs Completed in 2434ms
609 timing reifyNode:node_modules/encoding Completed in 2437ms
610 timing reifyNode:node_modules/delegates Completed in 2436ms
611 timing reifyNode:node_modules/debug Completed in 2437ms
612 timing reifyNode:node_modules/concat-map Completed in 2438ms
613 timing reifyNode:node_modules/color-convert Completed in 2437ms
614 timing reifyNode:node_modules/ci-info Completed in 2440ms
615 timing reifyNode:node_modules/webpack/node_modules/acorn-import-phases Completed in 2470ms
616 timing reifyNode:node_modules/sqlite3/node_modules/http-proxy-agent Completed in 2467ms
617 timing reifyNode:node_modules/rc-config-loader/node_modules/debug Completed in 2466ms
618 timing reifyNode:node_modules/pg/node_modules/pg-connection-string Completed in 2464ms
619 timing reifyNode:node_modules/node-gyp/node_modules/cacache/node_modules/minimatch Completed in 2463ms
620 timing reifyNode:node_modules/help-me/node_modules/minimatch Completed in 2458ms
621 timing reifyNode:node_modules/update-browserslist-db Completed in 2477ms
622 timing reifyNode:node_modules/tinyglobby Completed in 2477ms
623 timing reifyNode:node_modules/safer-buffer Completed in 2477ms
624 timing reifyNode:node_modules/registry-auth-token Completed in 2477ms
625 timing reifyNode:node_modules/pg-pool Completed in 2477ms
626 timing reifyNode:node_modules/parse-github-url Completed in 2478ms
627 timing reifyNode:node_modules/jsonlines Completed in 2477ms
628 timing reifyNode:node_modules/isexe Completed in 2478ms
629 timing reifyNode:node_modules/hosted-git-info Completed in 2478ms
630 timing reifyNode:node_modules/flat Completed in 2479ms
631 timing reifyNode:node_modules/fast-querystring Completed in 2481ms
632 timing reifyNode:node_modules/estraverse Completed in 2481ms
633 timing reifyNode:node_modules/depd Completed in 2482ms
634 timing reifyNode:node_modules/cssesc Completed in 2483ms
635 timing reifyNode:node_modules/asap Completed in 2483ms
636 warn deprecated are-we-there-yet@3.0.1: This package is no longer supported.
637 timing reifyNode:node_modules/are-we-there-yet Completed in 2484ms
638 timing reifyNode:node_modules/@webassemblyjs/wasm-opt Completed in 2485ms
639 timing reifyNode:node_modules/@vitest/pretty-format Completed in 2485ms
640 timing reifyNode:node_modules/@standard-schema/spec Completed in 2486ms
641 timing reifyNode:node_modules/tar/node_modules/fs-minipass/node_modules/minipass Completed in 2515ms
642 timing reifyNode:node_modules/sqlite3/node_modules/minipass Completed in 2514ms
643 timing reifyNode:node_modules/sqlite3/node_modules/nopt Completed in 2514ms
644 timing reifyNode:node_modules/npm-package-arg/node_modules/hosted-git-info Completed in 2508ms
645 timing reifyNode:node_modules/node-gyp/node_modules/minipass Completed in 2508ms
646 timing reifyNode:node_modules/minipass-pipeline/node_modules/minipass Completed in 2508ms
647 timing reifyNode:node_modules/normalize-package-data/node_modules/hosted-git-info Completed in 2510ms
648 timing reifyNode:node_modules/minipass-json-stream/node_modules/minipass Completed in 2509ms
649 timing reifyNode:node_modules/minizlib/node_modules/minipass Completed in 2509ms
650 timing reifyNode:node_modules/minipass-sized/node_modules/minipass Completed in 2509ms
651 timing reifyNode:node_modules/minipass-flush/node_modules/minipass Completed in 2509ms
652 timing reifyNode:node_modules/minipass-collect/node_modules/minipass Completed in 2508ms
653 timing reifyNode:node_modules/js-beautify/node_modules/nopt Completed in 2507ms
654 timing reifyNode:node_modules/esrecurse/node_modules/estraverse Completed in 2503ms
655 timing reifyNode:node_modules/tar-stream Completed in 2524ms
656 timing reifyNode:node_modules/pump Completed in 2522ms
657 timing reifyNode:node_modules/promise-retry Completed in 2522ms
658 timing reifyNode:node_modules/kleur Completed in 2522ms
659 timing reifyNode:node_modules/js-cookie Completed in 2522ms
660 timing reifyNode:node_modules/json-parse-helpfulerror Completed in 2522ms
661 timing reifyNode:node_modules/ipaddr.js Completed in 2522ms
662 timing reifyNode:node_modules/icss-utils Completed in 2523ms
663 timing reifyNode:node_modules/hasown Completed in 2524ms
664 timing reifyNode:node_modules/file-uri-to-path Completed in 2524ms
665 timing reifyNode:node_modules/err-code Completed in 2525ms
666 timing reifyNode:node_modules/detect-libc Completed in 2525ms
667 timing reifyNode:node_modules/cross-spawn Completed in 2526ms
668 timing reifyNode:node_modules/chalk Completed in 2525ms
669 timing reifyNode:node_modules/@webassemblyjs/wast-printer Completed in 2527ms
670 timing reifyNode:node_modules/@vitest/spy Completed in 2526ms
671 timing reifyNode:node_modules/@types/chai Completed in 2527ms
672 timing reifyNode:node_modules/@one-ini/wasm Completed in 2528ms
673 warn deprecated glob@7.2.3: Old versions of glob are not supported, and contain widely publicized security vulnerabilities, which have been fixed in the current version. Please update. Support for old versions may be purchased (at exorbitant rates) by contacting i@izs.me
674 timing reifyNode:node_modules/sqlite3/node_modules/glob Completed in 2555ms
675 warn deprecated glob@7.2.3: Old versions of glob are not supported, and contain widely publicized security vulnerabilities, which have been fixed in the current version. Please update. Support for old versions may be purchased (at exorbitant rates) by contacting i@izs.me
676 timing reifyNode:node_modules/node-gyp/node_modules/glob Completed in 2550ms
677 warn deprecated glob@8.1.0: Old versions of glob are not supported, and contain widely publicized security vulnerabilities, which have been fixed in the current version. Please update. Support for old versions may be purchased (at exorbitant rates) by contacting i@izs.me
678 timing reifyNode:node_modules/node-gyp/node_modules/cacache/node_modules/glob Completed in 2551ms
679 warn deprecated glob@8.1.0: Old versions of glob are not supported, and contain widely publicized security vulnerabilities, which have been fixed in the current version. Please update. Support for old versions may be purchased (at exorbitant rates) by contacting i@izs.me
680 timing reifyNode:node_modules/help-me/node_modules/glob Completed in 2546ms
681 warn deprecated glob@7.2.3: Old versions of glob are not supported, and contain widely publicized security vulnerabilities, which have been fixed in the current version. Please update. Support for old versions may be purchased (at exorbitant rates) by contacting i@izs.me
682 timing reifyNode:node_modules/@npmcli/move-file/node_modules/glob Completed in 2538ms
683 timing reifyNode:node_modules/youch Completed in 2567ms
684 timing reifyNode:node_modules/supports-preserve-symlinks-flag Completed in 2565ms
685 timing reifyNode:node_modules/simple-get Completed in 2562ms
686 timing reifyNode:node_modules/quick-format-unescaped Completed in 2563ms
687 timing reifyNode:node_modules/inflection Completed in 2562ms
688 timing reifyNode:node_modules/ignore Completed in 2562ms
689 timing reifyNode:node_modules/commist Completed in 2564ms
690 timing reifyNode:node_modules/bare-module-resolve Completed in 2561ms
691 timing reifyNode:node_modules/bare-semver Completed in 2562ms
692 timing reifyNode:node_modules/bare-addon-resolve Completed in 2562ms
693 timing reifyNode:node_modules/@webassemblyjs/helper-wasm-section Completed in 2562ms
694 timing reifyNode:node_modules/@webassemblyjs/helper-wasm-bytecode Completed in 2562ms
695 timing reifyNode:node_modules/@vitest/expect Completed in 2563ms
696 timing reifyNode:node_modules/@rolldown/pluginutils Completed in 2563ms
697 timing reifyNode:node_modules/@jridgewell/resolve-uri Completed in 2564ms
698 timing reifyNode:node_modules/@isaacs/cliui Completed in 2565ms
699 timing reifyNode:node_modules/yargs/node_modules/emoji-regex Completed in 2595ms
700 timing reifyNode:node_modules/wrap-ansi-cjs/node_modules/emoji-regex Completed in 2595ms
701 timing reifyNode:node_modules/wide-align/node_modules/emoji-regex Completed in 2594ms
702 timing reifyNode:node_modules/tar/node_modules/minipass Completed in 2592ms
703 timing reifyNode:node_modules/terser/node_modules/commander Completed in 2593ms
704 timing reifyNode:node_modules/string-width-cjs/node_modules/emoji-regex Completed in 2592ms
705 timing reifyNode:node_modules/sequelize-cli/node_modules/emoji-regex Completed in 2590ms
706 timing reifyNode:node_modules/pacote/node_modules/minipass Completed in 2586ms
707 timing reifyNode:node_modules/npm-registry-fetch/node_modules/minipass Completed in 2586ms
708 timing reifyNode:node_modules/make-fetch-happen/node_modules/minipass Completed in 2583ms
709 timing reifyNode:node_modules/gauge/node_modules/emoji-regex Completed in 2581ms
710 timing reifyNode:node_modules/cliui/node_modules/emoji-regex Completed in 2576ms
711 timing reifyNode:node_modules/cli-table3/node_modules/emoji-regex Completed in 2576ms
712 timing reifyNode:node_modules/ansi-align/node_modules/emoji-regex Completed in 2574ms
713 timing reifyNode:node_modules/spawn-command Completed in 2597ms
714 timing reifyNode:node_modules/pug-runtime Completed in 2598ms
715 timing reifyNode:node_modules/safe-stable-stringify Completed in 2603ms
716 timing reifyNode:node_modules/obug Completed in 2598ms
717 timing reifyNode:node_modules/npm-registry-fetch Completed in 2598ms
718 timing reifyNode:node_modules/negotiator Completed in 2598ms
719 timing reifyNode:node_modules/postcss-value-parser Completed in 2601ms
720 timing reifyNode:node_modules/escalade Completed in 2599ms
721 timing reifyNode:node_modules/cliui Completed in 2600ms
722 timing reifyNode:node_modules/buffer Completed in 2598ms
723 timing reifyNode:node_modules/call-bound Completed in 2598ms
724 timing reifyNode:node_modules/@webassemblyjs/wasm-edit Completed in 2600ms
725 timing reifyNode:node_modules/@tootallnate/once Completed in 2600ms
726 timing reifyNode:node_modules/@rails/ujs Completed in 2599ms
727 timing reifyNode:node_modules/y18n Completed in 2635ms
728 timing reifyNode:node_modules/toad-cache Completed in 2635ms
729 timing reifyNode:node_modules/source-map-support Completed in 2638ms
730 timing reifyNode:node_modules/side-channel-weakmap Completed in 2638ms
731 timing reifyNode:node_modules/rfdc Completed in 2639ms
732 timing reifyNode:node_modules/node-releases Completed in 2639ms
733 timing reifyNode:node_modules/normalize-package-data Completed in 2639ms
734 timing reifyNode:node_modules/mkdirp Completed in 2639ms
735 timing reifyNode:node_modules/mime Completed in 2638ms
736 timing reifyNode:node_modules/lru-cache Completed in 2639ms
737 timing reifyNode:node_modules/is-regex Completed in 2640ms
738 timing reifyNode:node_modules/is-core-module Completed in 2639ms
739 timing reifyNode:node_modules/fast-safe-stringify Completed in 2640ms
740 timing reifyNode:node_modules/fast-deep-equal Completed in 2639ms
741 timing reifyNode:node_modules/editorconfig Completed in 2642ms
742 timing reifyNode:node_modules/agentkeepalive Completed in 2640ms
743 timing reifyNode:node_modules/@babel/helper-validator-identifier Completed in 2642ms
744 timing reifyNode:node_modules/tinyglobby/node_modules/fdir Completed in 2669ms
745 timing reifyNode:node_modules/pino-pretty/node_modules/buffer Completed in 2663ms
746 timing reifyNode:node_modules/sequelize-cli/node_modules/cliui Completed in 2666ms
747 timing reifyNode:node_modules/tinybench Completed in 2675ms
748 timing reifyNode:node_modules/retry-as-promised Completed in 2674ms
749 timing reifyNode:node_modules/github-from-package Completed in 2680ms
750 timing reifyNode:node_modules/fp-and-or Completed in 2681ms
751 timing reifyNode:node_modules/fastify-error-page Completed in 2681ms
752 timing reifyNode:node_modules/estree-walker Completed in 2681ms
753 timing reifyNode:node_modules/es-define-property Completed in 2682ms
754 timing reifyNode:node_modules/cli-table3 Completed in 2680ms
755 timing reifyNode:node_modules/braces Completed in 2680ms
756 timing reifyNode:node_modules/browserslist Completed in 2680ms
757 timing reifyNode:node_modules/@sindresorhus/is Completed in 2681ms
758 timing reifyNode:node_modules/side-channel Completed in 2722ms
759 timing reifyNode:node_modules/side-channel-map Completed in 2722ms
760 timing reifyNode:node_modules/rc Completed in 2722ms
761 timing reifyNode:node_modules/minipass-sized Completed in 2720ms
762 timing reifyNode:node_modules/https-proxy-agent Completed in 2717ms
763 timing reifyNode:node_modules/gopd Completed in 2716ms
764 timing reifyNode:node_modules/@webassemblyjs/wasm-gen Completed in 2714ms
765 timing reifyNode:node_modules/@webassemblyjs/utf8 Completed in 2714ms
766 timing reifyNode:node_modules/chai Completed in 2717ms
767 timing reifyNode:node_modules/side-channel-list Completed in 2747ms
768 timing reifyNode:node_modules/rc-config-loader Completed in 2747ms
769 warn deprecated prebuild-install@7.1.3: No longer maintained. Please contact the author of the relevant native addon; alternatives are available.
770 timing reifyNode:node_modules/prebuild-install Completed in 2746ms
771 timing reifyNode:node_modules/picomatch Completed in 2746ms
772 timing reifyNode:node_modules/pg-types Completed in 2747ms
773 timing reifyNode:node_modules/get-intrinsic Completed in 2745ms
774 timing reifyNode:node_modules/fastest-levenshtein Completed in 2746ms
775 timing reifyNode:node_modules/envinfo Completed in 2746ms
776 timing reifyNode:node_modules/dunder-proto Completed in 2747ms
777 timing reifyNode:node_modules/bl Completed in 2744ms
778 timing reifyNode:node_modules/agent-base Completed in 2744ms
779 timing reifyNode:node_modules/@webassemblyjs/leb128 Completed in 2745ms
780 timing reifyNode:node_modules/@pnpm/npm-conf Completed in 2746ms
781 timing reifyNode:node_modules/sqlite3/node_modules/minipass-fetch Completed in 2773ms
782 timing reifyNode:node_modules/safe-regex2 Completed in 2780ms
783 timing reifyNode:node_modules/package-json-from-dist Completed in 2777ms
784 timing reifyNode:node_modules/pg-cloudflare Completed in 2777ms
785 timing reifyNode:node_modules/minipass-fetch Completed in 2778ms
786 timing reifyNode:node_modules/function-bind Completed in 2784ms
787 timing reifyNode:node_modules/constantinople Completed in 2789ms
788 timing reifyNode:node_modules/chokidar Completed in 2788ms
789 timing reifyNode:node_modules/argparse Completed in 2789ms
790 timing reifyNode:node_modules/@npmcli/run-script Completed in 2790ms
791 timing reifyNode:node_modules/tinyglobby/node_modules/picomatch Completed in 2816ms
792 timing reifyNode:node_modules/vite/node_modules/picomatch Completed in 2817ms
793 timing reifyNode:node_modules/vitest/node_modules/picomatch Completed in 2825ms
794 timing reifyNode:node_modules/node-gyp/node_modules/minipass-fetch Completed in 2815ms
795 timing reifyNode:node_modules/wildcard Completed in 2830ms
796 timing reifyNode:node_modules/path-to-regexp Completed in 2824ms
797 timing reifyNode:node_modules/jju Completed in 2823ms
798 timing reifyNode:node_modules/get-proto Completed in 2824ms
799 timing reifyNode:node_modules/cacheable-request Completed in 2822ms
800 timing reifyNode:node_modules/abort-controller Completed in 2822ms
801 timing reifyNode:node_modules/@jridgewell/source-map Completed in 2822ms
802 timing reifyNode:node_modules/toposort-class Completed in 2855ms
803 timing reifyNode:node_modules/spawn-please Completed in 2853ms
804 timing reifyNode:node_modules/on-exit-leak-free Completed in 2852ms
805 timing reifyNode:node_modules/mime-db Completed in 2854ms
806 timing reifyNode:node_modules/json-schema-traverse Completed in 2852ms
807 timing reifyNode:node_modules/json-schema-ref-resolver Completed in 2855ms
808 timing reifyNode:node_modules/es-module-lexer Completed in 2854ms
809 timing reifyNode:node_modules/es-object-atoms Completed in 2854ms
810 timing reifyNode:node_modules/@vitest/snapshot Completed in 2853ms
811 timing reifyNode:node_modules/@sigstore/tuf Completed in 2854ms
812 timing reifyNode:node_modules/@sigstore/bundle Completed in 2855ms
813 timing reifyNode:node_modules/@npmcli/git Completed in 2853ms
814 timing reifyNode:node_modules/@fastify/formbody Completed in 2853ms
815 timing reifyNode:node_modules/reusify Completed in 2884ms
816 timing reifyNode:node_modules/retry Completed in 2884ms
817 timing reifyNode:node_modules/has-tostringtag Completed in 2880ms
818 timing reifyNode:node_modules/fastq Completed in 2880ms
819 timing reifyNode:node_modules/cacache Completed in 2878ms
820 timing reifyNode:node_modules/ajv-formats Completed in 2878ms
821 timing reifyNode:node_modules/@fastify/fast-json-stringify-compiler Completed in 2878ms
822 timing reifyNode:node_modules/webpack/node_modules/mime-db Completed in 2906ms
823 timing reifyNode:node_modules/pathe Completed in 2906ms
824 timing reifyNode:node_modules/make-fetch-happen Completed in 2903ms
825 timing reifyNode:node_modules/dotenv Completed in 2902ms
826 timing reifyNode:node_modules/@fastify/error Completed in 2899ms
827 timing reifyNode:node_modules/sqlite3/node_modules/make-fetch-happen Completed in 2925ms
828 timing reifyNode:node_modules/fast-json-stringify/node_modules/ajv-formats Completed in 2913ms
829 timing reifyNode:node_modules/uc.micro Completed in 2932ms
830 timing reifyNode:node_modules/tslib Completed in 2933ms
831 timing reifyNode:node_modules/shell-quote Completed in 2930ms
832 timing reifyNode:node_modules/objection-unique Completed in 2928ms
833 timing reifyNode:node_modules/has-symbols Completed in 2926ms
834 timing reifyNode:node_modules/eslint-scope Completed in 2926ms
835 timing reifyNode:node_modules/close-with-grace Completed in 2926ms
836 timing reifyNode:node_modules/@webassemblyjs/wasm-parser Completed in 2924ms
837 timing reifyNode:node_modules/tarn Completed in 2957ms
838 timing reifyNode:node_modules/jsonparse Completed in 2950ms
839 warn deprecated gauge@4.0.4: This package is no longer supported.
840 timing reifyNode:node_modules/gauge Completed in 2951ms
841 timing reifyNode:node_modules/babel-walk Completed in 2947ms
842 timing reifyNode:node_modules/@xtuc/long Completed in 2946ms
843 timing reifyNode:node_modules/@pnpm/config.env-replace Completed in 2948ms
844 timing reifyNode:node_modules/@npmcli/fs Completed in 2947ms
845 timing reifyNode:node_modules/update-notifier/node_modules/chalk Completed in 2974ms
846 timing reifyNode:node_modules/npm-check-updates/node_modules/chalk Completed in 2966ms
847 timing reifyNode:node_modules/node-gyp/node_modules/make-fetch-happen Completed in 2967ms
848 timing reifyNode:node_modules/boxen/node_modules/chalk Completed in 2955ms
849 timing reifyNode:node_modules/yargs-parser Completed in 2980ms
850 timing reifyNode:node_modules/fastify-error-page/node_modules/fastify-plugin Completed in 2961ms
851 timing reifyNode:node_modules/tuf-js Completed in 2979ms
852 timing reifyNode:node_modules/style-loader Completed in 2978ms
853 timing reifyNode:node_modules/pino-abstract-transport Completed in 2974ms
854 timing reifyNode:node_modules/esm Completed in 2972ms
855 timing reifyNode:node_modules/expect-type Completed in 2972ms
856 timing reifyNode:node_modules/event-target-shim Completed in 2973ms
857 timing reifyNode:node_modules/electron-to-chromium Completed in 2973ms
858 timing reifyNode:node_modules/call-bind-apply-helpers Completed in 2970ms
859 timing reifyNode:node_modules/@pkgjs/parseargs Completed in 2968ms
860 timing reifyNode:node_modules/@nodelib/fs.stat Completed in 2968ms
861 timing reifyNode:node_modules/sqlite3/node_modules/unique-filename Completed in 2997ms
862 timing reifyNode:node_modules/sequelize-cli/node_modules/yargs-parser Completed in 2994ms
863 http fetch GET 200 https://registry.npmjs.org/shell-quote 1476ms (cache revalidated)
864 timing metavuln:packument:shell-quote Completed in 1477ms
865 timing metavuln:load:security-advisory:shell-quote:1123944 Completed in 1ms
866 timing metavuln:calculate:security-advisory:shell-quote:1123944 Completed in 1479ms
867 http fetch GET 200 https://registry.npmjs.org/find-my-way 1479ms (cache revalidated)
868 timing metavuln:packument:find-my-way Completed in 1481ms
869 timing metavuln:load:security-advisory:find-my-way:1124273 Completed in 1ms
870 timing metavuln:calculate:security-advisory:find-my-way:1124273 Completed in 1483ms
871 http fetch GET 200 https://registry.npmjs.org/markdown-it 1484ms (cache revalidated)
872 timing metavuln:packument:markdown-it Completed in 1486ms
873 timing metavuln:load:security-advisory:markdown-it:1113190 Completed in 0ms
874 timing metavuln:calculate:security-advisory:markdown-it:1113190 Completed in 1486ms
875 timing metavuln:load:security-advisory:markdown-it:1120820 Completed in 0ms
876 timing metavuln:calculate:security-advisory:markdown-it:1120820 Completed in 1487ms
877 http fetch GET 200 https://registry.npmjs.org/tar 1487ms (cache revalidated)
878 timing metavuln:packument:tar Completed in 1488ms
879 timing metavuln:load:security-advisory:tar:1112659 Completed in 1ms
880 timing metavuln:calculate:security-advisory:tar:1112659 Completed in 1489ms
881 timing metavuln:load:security-advisory:tar:1113300 Completed in 0ms
882 timing metavuln:calculate:security-advisory:tar:1113300 Completed in 1490ms
883 timing metavuln:load:security-advisory:tar:1113375 Completed in 0ms
884 timing metavuln:calculate:security-advisory:tar:1113375 Completed in 1490ms
885 timing metavuln:load:security-advisory:tar:1114200 Completed in 0ms
886 timing metavuln:calculate:security-advisory:tar:1114200 Completed in 1490ms
887 timing metavuln:load:security-advisory:tar:1114302 Completed in 0ms
888 timing metavuln:calculate:security-advisory:tar:1114302 Completed in 1491ms
889 timing metavuln:load:security-advisory:tar:1120782 Completed in 0ms
890 timing metavuln:calculate:security-advisory:tar:1120782 Completed in 1491ms
891 timing metavuln:load:security-advisory:tar:1114680 Completed in 0ms
892 timing metavuln:calculate:security-advisory:tar:1114680 Completed in 1492ms
893 timing metavuln:load:security-advisory:tar:1123939 Completed in 0ms
894 timing metavuln:calculate:security-advisory:tar:1123939 Completed in 1492ms
895 timing metavuln:load:security-advisory:tar:1123940 Completed in 0ms
896 timing metavuln:calculate:security-advisory:tar:1123940 Completed in 1492ms
897 timing metavuln:load:security-advisory:tar:1123941 Completed in 0ms
898 timing metavuln:calculate:security-advisory:tar:1123941 Completed in 1493ms
899 timing metavuln:load:security-advisory:tar:1123942 Completed in 1ms
900 timing metavuln:calculate:security-advisory:tar:1123942 Completed in 1494ms
901 timing metavuln:load:security-advisory:tar:1124287 Completed in 0ms
902 timing metavuln:calculate:security-advisory:tar:1124287 Completed in 1494ms
903 http fetch GET 200 https://registry.npmjs.org/brace-expansion 1496ms (cache revalidated)
904 timing metavuln:packument:brace-expansion Completed in 1497ms
905 timing metavuln:load:security-advisory:brace-expansion:1123896 Completed in 0ms
906 timing metavuln:calculate:security-advisory:brace-expansion:1123896 Completed in 1497ms
907 timing metavuln:load:security-advisory:brace-expansion:1123897 Completed in 0ms
908 timing metavuln:calculate:security-advisory:brace-expansion:1123897 Completed in 1498ms
909 timing metavuln:load:security-advisory:brace-expansion:1124334 Completed in 0ms
910 timing metavuln:calculate:security-advisory:brace-expansion:1124334 Completed in 1498ms
911 http fetch GET 200 https://registry.npmjs.org/postcss 1498ms (cache revalidated)
912 timing metavuln:packument:postcss Completed in 1502ms
913 timing metavuln:load:security-advisory:postcss:1124288 Completed in 0ms
914 timing metavuln:calculate:security-advisory:postcss:1124288 Completed in 1503ms
915 timing reifyNode:node_modules/umzug Completed in 3027ms
916 timing reifyNode:node_modules/webpack-merge Completed in 3029ms
917 http fetch GET 200 https://registry.npmjs.org/sigstore 1505ms (cache revalidated)
918 timing metavuln:packument:sigstore Completed in 1505ms
919 timing metavuln:load:security-advisory:sigstore:1122163 Completed in 0ms
920 timing metavuln:calculate:security-advisory:sigstore:1122163 Completed in 1506ms
921 timing reifyNode:node_modules/emoji-regex Completed in 3014ms
922 timing reifyNode:node_modules/es-errors Completed in 3015ms
923 timing reifyNode:node_modules/@discoveryjs/json-ext Completed in 3008ms
924 timing reifyNode:node_modules/watchpack Completed in 3037ms
925 timing reifyNode:node_modules/terser-webpack-plugin Completed in 3036ms
926 timing reifyNode:node_modules/smart-buffer Completed in 3034ms
927 timing reifyNode:node_modules/tapable Completed in 3038ms
928 timing reifyNode:node_modules/sequelize-pool Completed in 3034ms
929 timing reifyNode:node_modules/fast-content-type-parse Completed in 3025ms
930 timing reifyNode:node_modules/node-gyp/node_modules/cacache Completed in 3040ms
931 timing reifyNode:node_modules/secure-json-parse Completed in 3051ms
932 timing reifyNode:node_modules/pacote Completed in 3049ms
933 timing reifyNode:node_modules/baseline-browser-mapping Completed in 3044ms
934 timing reifyNode:node_modules/@vitest/runner Completed in 3043ms
935 timing reifyNode:node_modules/@pnpm/network.ca-file Completed in 3043ms
936 timing reifyNode:node_modules/commander Completed in 3066ms
937 timing reifyNode:node_modules/css-loader Completed in 3067ms
938 timing reifyNode:node_modules/with Completed in 3092ms
939 timing reifyNode:node_modules/webpack-cli Completed in 3093ms
940 http fetch GET 200 https://registry.npmjs.org/@emnapi/wasi-threads/-/wasi-threads-2.0.1.tgz 2795ms (cache miss)
941 timing reifyNode:node_modules/@emnapi/wasi-threads Completed in 3076ms
942 timing reifyNode:node_modules/fastify-reverse-routes/node_modules/fastify-plugin Completed in 3094ms
943 timing reifyNode:node_modules/sqlite3/node_modules/cacache Completed in 3129ms
944 http fetch GET 200 https://registry.npmjs.org/js-yaml 1619ms (cache revalidated)
945 timing metavuln:packument:js-yaml Completed in 1619ms
946 timing metavuln:load:security-advisory:js-yaml:1123911 Completed in 0ms
947 timing metavuln:calculate:security-advisory:js-yaml:1123911 Completed in 1620ms
948 http fetch GET 200 https://registry.npmjs.org/@tootallnate%2fonce 1621ms (cache revalidated)
949 timing metavuln:packument:@tootallnate/once Completed in 1622ms
950 timing metavuln:load:security-advisory:@tootallnate/once:1119438 Completed in 0ms
951 timing metavuln:calculate:security-advisory:@tootallnate/once:1119438 Completed in 1622ms
952 http fetch GET 200 https://registry.npmjs.org/cookie 1621ms (cache revalidated)
953 timing metavuln:packument:cookie Completed in 1623ms
954 timing metavuln:load:security-advisory:cookie:1103907 Completed in 0ms
955 timing metavuln:calculate:security-advisory:cookie:1103907 Completed in 1624ms
956 http fetch GET 200 https://registry.npmjs.org/fast-uri 1625ms (cache revalidated)
957 timing metavuln:packument:fast-uri Completed in 1625ms
958 timing metavuln:load:security-advisory:fast-uri:1130177 Completed in 0ms
959 timing metavuln:calculate:security-advisory:fast-uri:1130177 Completed in 1625ms
960 timing metavuln:load:security-advisory:fast-uri:1130178 Completed in 0ms
961 timing metavuln:calculate:security-advisory:fast-uri:1130178 Completed in 1625ms
962 timing metavuln:load:security-advisory:fast-uri:1117884 Completed in 0ms
963 timing metavuln:calculate:security-advisory:fast-uri:1117884 Completed in 1626ms
964 timing metavuln:load:security-advisory:fast-uri:1117870 Completed in 0ms
965 timing metavuln:calculate:security-advisory:fast-uri:1117870 Completed in 1626ms
966 timing metavuln:load:security-advisory:fast-uri:1124064 Completed in 0ms
967 timing metavuln:calculate:security-advisory:fast-uri:1124064 Completed in 1627ms
968 timing metavuln:load:security-advisory:fast-uri:1124065 Completed in 0ms
969 timing metavuln:calculate:security-advisory:fast-uri:1124065 Completed in 1627ms
970 http fetch GET 200 https://registry.npmjs.org/uuid 1626ms (cache revalidated)
971 timing metavuln:packument:uuid Completed in 1627ms
972 timing metavuln:load:security-advisory:uuid:1119441 Completed in 0ms
973 timing metavuln:calculate:security-advisory:uuid:1119441 Completed in 1628ms
974 timing reifyNode:node_modules/@nodelib/fs.scandir Completed in 3129ms
975 timing reifyNode:node_modules/node-gyp/node_modules/@npmcli/fs Completed in 3148ms
976 timing reifyNode:node_modules/source-map-js Completed in 3156ms
977 timing reifyNode:node_modules/process-warning Completed in 3152ms
978 timing reifyNode:node_modules/minimist Completed in 3150ms
979 timing reifyNode:node_modules/nanoid Completed in 3152ms
980 timing reifyNode:node_modules/@colors/colors Completed in 3145ms
981 timing reifyNode:node_modules/pino-std-serializers Completed in 3169ms
982 timing reifyNode:node_modules/mini-css-extract-plugin Completed in 3167ms
983 timing reifyNode:node_modules/@pinojs/redact Completed in 3160ms
984 timing reifyNode:node_modules/@fastify/cookie Completed in 3160ms
985 timing reifyNode:node_modules/rolldown/node_modules/@emnapi/wasi-threads Completed in 3181ms
986 timing reifyNode:node_modules/pino/node_modules/process-warning Completed in 3178ms
987 http fetch GET 200 https://registry.npmjs.org/fastify 1665ms (cache revalidated)
988 timing metavuln:packument:fastify Completed in 1668ms
989 timing metavuln:load:security-advisory:fastify:1112876 Completed in 1ms
990 timing metavuln:calculate:security-advisory:fastify:1112876 Completed in 1669ms
991 timing metavuln:load:security-advisory:fastify:1112877 Completed in 2ms
992 timing metavuln:calculate:security-advisory:fastify:1112877 Completed in 1671ms
993 timing metavuln:load:security-advisory:fastify:1115367 Completed in 1ms
994 timing metavuln:calculate:security-advisory:fastify:1115367 Completed in 1672ms
995 http fetch GET 200 https://registry.npmjs.org/linkify-it 1674ms (cache revalidated)
996 timing metavuln:packument:linkify-it Completed in 1675ms
997 timing metavuln:load:security-advisory:linkify-it:1121797 Completed in 0ms
998 timing metavuln:calculate:security-advisory:linkify-it:1121797 Completed in 1675ms
999 timing metavuln:load:security-advisory:linkify-it:1124012 Completed in 0ms
1000 timing metavuln:calculate:security-advisory:linkify-it:1124012 Completed in 1676ms
1001 timing reifyNode:node_modules/fastify-plugin Completed in 3184ms
1002 timing reifyNode:node_modules/http2-wrapper Completed in 3191ms
1003 timing reifyNode:node_modules/@fastify/ajv-compiler Completed in 3181ms
1004 timing reifyNode:node_modules/fast-uri Completed in 3200ms
1005 timing reifyNode:node_modules/@fastify/sensible Completed in 3194ms
1006 timing reifyNode:node_modules/sqlite3/node_modules/@npmcli/fs Completed in 3220ms
1007 timing reifyNode:node_modules/pino-pretty/node_modules/help-me Completed in 3216ms
1008 timing reifyNode:node_modules/@nodelib/fs.walk Completed in 3210ms
1009 timing reifyNode:node_modules/pg Completed in 3234ms
1010 timing reifyNode:node_modules/ret Completed in 3238ms
1011 timing reifyNode:node_modules/help-me Completed in 3230ms
1012 timing reifyNode:node_modules/sonic-boom Completed in 3255ms
1013 timing reifyNode:node_modules/schema-utils Completed in 3254ms
1014 timing reifyNode:node_modules/readable-stream Completed in 3268ms
1015 timing reifyNode:node_modules/jest-worker Completed in 3264ms
1016 timing reifyNode:node_modules/entities Completed in 3264ms
1017 timing reifyNode:node_modules/events Completed in 3264ms
1018 timing reifyNode:node_modules/@jridgewell/sourcemap-codec Completed in 3258ms
1019 timing reifyNode:node_modules/mustache Completed in 3280ms
1020 timing reifyNode:node_modules/math-intrinsics Completed in 3280ms
1021 timing reifyNode:node_modules/signal-exit Completed in 3299ms
1022 timing reifyNode:node_modules/json5 Completed in 3293ms
1023 timing reifyNode:node_modules/magic-string Completed in 3306ms
1024 timing reifyNode:node_modules/light-my-request Completed in 3307ms
1025 timing reifyNode:node_modules/minipass Completed in 3310ms
1026 timing reifyNode:node_modules/form-data-encoder Completed in 3306ms
1027 http fetch GET 200 https://registry.npmjs.org/@fastify%2fstatic 1804ms (cache revalidated)
1028 timing metavuln:packument:@fastify/static Completed in 1805ms
1029 timing metavuln:load:security-advisory:@fastify/static:1124285 Completed in 0ms
1030 timing metavuln:calculate:security-advisory:@fastify/static:1124285 Completed in 1806ms
1031 timing metavuln:load:security-advisory:@fastify/static:1124286 Completed in 0ms
1032 timing metavuln:calculate:security-advisory:@fastify/static:1124286 Completed in 1805ms
1033 timing reifyNode:node_modules/webpack-sources Completed in 3334ms
1034 timing reifyNode:node_modules/@jridgewell/gen-mapping Completed in 3340ms
1035 timing reifyNode:node_modules/sqlite3/node_modules/node-addon-api Completed in 3365ms
1036 timing reifyNode:node_modules/wkx Completed in 3368ms
1037 timing reifyNode:node_modules/object-inspect Completed in 3362ms
1038 timing reifyNode:node_modules/@vitest/utils Completed in 3354ms
1039 warn deprecated tar@6.2.1: Old versions of tar are not supported, and contain widely publicized security vulnerabilities, which have been fixed in the current version. Please update. Support for old versions may be purchased (at exorbitant rates) by contacting i@izs.me
1040 timing reifyNode:node_modules/tar Completed in 3381ms
1041 timing reifyNode:node_modules/qs Completed in 3388ms
1042 timing reifyNode:node_modules/@vitest/mocker Completed in 3378ms
1043 timing reifyNode:node_modules/undici-types Completed in 3406ms
1044 timing reifyNode:node_modules/node-addon-api Completed in 3398ms
1045 timing reifyNode:node_modules/ip-address Completed in 3395ms
1046 timing reifyNode:node_modules/webpack/node_modules/acorn Completed in 3417ms
1047 timing reifyNode:node_modules/terser/node_modules/acorn Completed in 3416ms
1048 timing reifyNode:node_modules/@fastify/secure-session Completed in 3391ms
1049 timing reifyNode:node_modules/rolldown/node_modules/@emnapi/runtime Completed in 3412ms
1050 timing reifyNode:node_modules/tar-fs Completed in 3418ms
1051 timing reifyNode:node_modules/foreground-child Completed in 3407ms
1052 timing reifyNode:node_modules/lightningcss Completed in 3420ms
1053 timing reifyNode:node_modules/jackspeak Completed in 3431ms
1054 timing metavuln:cache:get:security-advisory:minimatch:9FmmcEqjJRGCRuUzBFEiqiok0NjOw/tWkD+y2awREyXyxqdNEuADxLDQxc4ATHZIPNM0lGSQMLlWFH8q1XMpbQ== Completed in 121ms
1055 timing reifyNode:node_modules/path-scurry Completed in 3448ms
1056 timing reifyNode:node_modules/@tufjs/models Completed in 3439ms
1057 timing reifyNode:node_modules/prompts-ncu Completed in 3461ms
1058 timing reifyNode:node_modules/sequelize-cli Completed in 3485ms
1059 timing reifyNode:node_modules/promise Completed in 3496ms
1060 timing reifyNode:node_modules/ajv/node_modules/fast-uri Completed in 3485ms
1061 timing reifyNode:node_modules/@sigstore/protobuf-specs Completed in 3493ms
1062 timing reifyNode:node_modules/@fastify/merge-json-schemas Completed in 3511ms
1063 timing reifyNode:node_modules/pino-pretty/node_modules/readable-stream Completed in 3541ms
1064 timing reifyNode:node_modules/postcss-selector-parser Completed in 3552ms
1065 timing reifyNode:node_modules/semver Completed in 3572ms
1066 timing reifyNode:node_modules/fs-extra Completed in 3573ms
1067 http fetch GET 200 https://registry.npmjs.org/@emnapi/runtime/-/runtime-2.0.0-alpha.3.tgz 3284ms (cache miss)
1068 timing reifyNode:node_modules/@emnapi/runtime Completed in 3565ms
1069 timing reifyNode:node_modules/@jridgewell/trace-mapping Completed in 3577ms
1070 timing reifyNode:node_modules/pg-protocol Completed in 3598ms
1071 timing reifyNode:node_modules/socks Completed in 3618ms
1072 timing reifyNode:node_modules/@biomejs/biome Completed in 3610ms
1073 timing reifyNode:node_modules/iconv-lite Completed in 3628ms
1074 http fetch GET 200 https://registry.npmjs.org/minimatch 321ms (cache revalidated)
1075 timing metavuln:packument:minimatch Completed in 322ms
1076 timing metavuln:load:security-advisory:minimatch:8oOLS67XweNywiGNx5L+6SvNn2KB7xR8kOhhQW3y11e/1FIqzHMTjZdmNIIGBfwh+NAkZmQ+9Oj3YUp92LM3Wg== Completed in 0ms
1077 timing metavuln:calculate:security-advisory:minimatch:8oOLS67XweNywiGNx5L+6SvNn2KB7xR8kOhhQW3y11e/1FIqzHMTjZdmNIIGBfwh+NAkZmQ+9Oj3YUp92LM3Wg== Completed in 323ms
1078 timing reifyNode:node_modules/source-map Completed in 3672ms
1079 timing reifyNode:node_modules/thread-stream Completed in 3676ms
1080 timing reifyNode:node_modules/i18next Completed in 3663ms
1081 timing reifyNode:node_modules/postcss Completed in 3694ms
1082 timing reifyNode:node_modules/exponential-backoff Completed in 3686ms
1083 timing reifyNode:node_modules/path-scurry/node_modules/lru-cache Completed in 3698ms
1084 timing reifyNode:node_modules/crypto-random-string/node_modules/type-fest Completed in 3690ms
1085 timing reifyNode:node_modules/concurrently Completed in 3695ms
1086 timing reifyNode:node_modules/@webassemblyjs/ast Completed in 3697ms
1087 timing reifyNode:node_modules/got Completed in 3711ms
1088 timing reifyNode:node_modules/fast-copy Completed in 3709ms
1089 timing metavuln:cache:get:security-advisory:minimatch:ueWD6Y8x//WNpXc6WXdFAw1nnMf8Paw4OTz+jDQb68kPQkvXeRtiI2z/3A8KuRnMz2j+Lj/ppxKd98LwDP8NFg== Completed in 73ms
1090 timing metavuln:load:security-advisory:minimatch:wDEbqWk4yLp9m7y1JKlfB/VOQdNxO6zv9mx3cQ5VptPHpE7Ova1G3NkU4hgGmOmyWoA3/1d/SEsb3LnkNTA35A== Completed in 1ms
1091 timing metavuln:calculate:security-advisory:minimatch:wDEbqWk4yLp9m7y1JKlfB/VOQdNxO6zv9mx3cQ5VptPHpE7Ova1G3NkU4hgGmOmyWoA3/1d/SEsb3LnkNTA35A== Completed in 74ms
1092 timing reifyNode:node_modules/fast-glob Completed in 3725ms
1093 timing reifyNode:node_modules/acorn Completed in 3763ms
1094 timing reifyNode:node_modules/enhanced-resolve Completed in 3771ms
1095 warn deprecated uuid@8.3.2: uuid@10 and below is no longer supported.  For ESM codebases, update to uuid@latest.  For CommonJS codebases, use uuid@11 (but be aware this version will likely be deprecated in 2028).
1096 timing reifyNode:node_modules/uuid Completed in 3790ms
1097 timing metavuln:cache:get:security-advisory:http-proxy-agent:Sjgcdi3KNx46lPAcvPjDvUYseDE8QeQwjwFhOT0x3Jbc510S0ZyAHXwRcn/9ytGyLhPcBzh4ZFlW/g9SIoHDDw== Completed in 66ms
1098 timing reifyNode:node_modules/sequelize-cli/node_modules/yargs Completed in 3794ms
1099 timing reifyNode:node_modules/minimatch Completed in 3802ms
1100 timing reifyNode:node_modules/type-fest Completed in 3816ms
1101 timing reifyNode:node_modules/bluebird Completed in 3797ms
1102 timing reifyNode:node_modules/@fastify/send Completed in 3811ms
1103 timing reifyNode:node_modules/yargs Completed in 3853ms
1104 timing reifyNode:node_modules/avvio Completed in 3832ms
1105 http fetch GET 200 https://registry.npmjs.org/@emnapi/core/-/core-2.0.0-alpha.3.tgz 3551ms (cache miss)
1106 timing reifyNode:node_modules/@emnapi/core Completed in 3849ms
1107 timing reifyNode:node_modules/js-yaml Completed in 3865ms
1108 timing reifyNode:node_modules/pino-pretty Completed in 3872ms
1109 timing reifyNode:node_modules/rolldown Completed in 3882ms
1110 timing reifyNode:node_modules/@sigstore/sign Completed in 3898ms
1111 http fetch GET 200 https://registry.npmjs.org/http-proxy-agent 218ms (cache revalidated)
1112 timing metavuln:packument:http-proxy-agent Completed in 219ms
1113 timing metavuln:load:security-advisory:http-proxy-agent:RyUbVwDER6hlZeLYzL19XqR+OGrI+BAaez0VsdQf9/WPYcnTOUHmTWbM2NvRheaH0Hyt6HiDsj5nc0Pl198ZCA== Completed in 1ms
1114 timing metavuln:calculate:security-advisory:http-proxy-agent:RyUbVwDER6hlZeLYzL19XqR+OGrI+BAaez0VsdQf9/WPYcnTOUHmTWbM2NvRheaH0Hyt6HiDsj5nc0Pl198ZCA== Completed in 220ms
1115 warn deprecated glob@10.5.0: Old versions of glob are not supported, and contain widely publicized security vulnerabilities, which have been fixed in the current version. Please update. Support for old versions may be purchased (at exorbitant rates) by contacting i@izs.me
1116 timing reifyNode:node_modules/glob Completed in 3944ms
1117 timing reifyNode:node_modules/markdown-it Completed in 3965ms
1118 http fetch GET 200 https://registry.npmjs.org/@napi-rs/wasm-runtime/-/wasm-runtime-1.2.2.tgz 3676ms (cache miss)
1119 timing reifyNode:node_modules/@napi-rs/wasm-runtime Completed in 3955ms
1120 timing reifyNode:node_modules/sigstore Completed in 3983ms
1121 timing metavuln:cache:get:security-advisory:@fastify/ajv-compiler:RTCvVLH2w8E+kFKmZECJuM4clbsv1NSYVu+SAc1Y7Za10zNzg2OYDDmX/8w+3DJeY4Ij3FLlro91eDGbe+bTIg== Completed in 42ms
1122 timing metavuln:cache:get:security-advisory:fast-json-stringify:i3/qN7TCf13ynAB/S84+mwyE/qxdIaVJnrKDZpHGgFIuQCJ0Nuuf6jCpYPum0eV1EZrZ900Utp7TBwWWMyTJLA== Completed in 42ms
1123 timing reifyNode:node_modules/fast-json-stringify Completed in 3994ms
1124 timing reifyNode:node_modules/@babel/parser Completed in 4014ms
1125 timing reifyNode:node_modules/neo-async Completed in 4055ms
1126 timing reifyNode:node_modules/rolldown/node_modules/@emnapi/core Completed in 4063ms
1127 timing reifyNode:node_modules/find-my-way Completed in 4075ms
1128 timing reifyNode:node_modules/generify Completed in 4094ms
1129 timing reifyNode:node_modules/js-beautify Completed in 4100ms
1130 http fetch GET 200 https://registry.npmjs.org/@tybys/wasm-util/-/wasm-util-0.10.3.tgz 3826ms (cache miss)
1131 timing reifyNode:node_modules/@tybys/wasm-util Completed in 4102ms
1132 http fetch GET 200 https://registry.npmjs.org/fast-json-stringify 182ms (cache revalidated)
1133 timing metavuln:packument:fast-json-stringify Completed in 183ms
1134 timing metavuln:load:security-advisory:fast-json-stringify:fTTiMZspTWeoKOVqKU9Q0USuYqGMWJ+bjiecrY+1rBId3DQy+I4aUNOxjJ178zbbPFdPxnzDihrPXdDaH3rFRw== Completed in 0ms
1135 timing metavuln:calculate:security-advisory:fast-json-stringify:fTTiMZspTWeoKOVqKU9Q0USuYqGMWJ+bjiecrY+1rBId3DQy+I4aUNOxjJ178zbbPFdPxnzDihrPXdDaH3rFRw== Completed in 183ms
1136 http fetch GET 200 https://registry.npmjs.org/@fastify%2fajv-compiler 189ms (cache revalidated)
1137 timing metavuln:packument:@fastify/ajv-compiler Completed in 189ms
1138 timing metavuln:load:security-advisory:@fastify/ajv-compiler:fTTiMZspTWeoKOVqKU9Q0USuYqGMWJ+bjiecrY+1rBId3DQy+I4aUNOxjJ178zbbPFdPxnzDihrPXdDaH3rFRw== Completed in 0ms
1139 timing metavuln:calculate:security-advisory:@fastify/ajv-compiler:fTTiMZspTWeoKOVqKU9Q0USuYqGMWJ+bjiecrY+1rBId3DQy+I4aUNOxjJ178zbbPFdPxnzDihrPXdDaH3rFRw== Completed in 189ms
1140 timing reifyNode:node_modules/@fastify/view Completed in 4147ms
1141 timing metavuln:cache:get:security-advisory:ajv:zgTzAZYid7U4NqXLOKixfdk8vOcaJa2BtJWucrjZR6Om49M5BKB8mawHHoumWimHznsD/JuRctCAn0s76p6sDA== Completed in 35ms
1142 timing reifyNode:node_modules/rimraf Completed in 4204ms
1143 timing reifyNode:node_modules/ajv-keywords Completed in 4207ms
1144 timing reifyNode:node_modules/db-errors Completed in 4213ms
1145 timing reifyNode:node_modules/@fastify/static Completed in 4216ms
1146 http fetch GET 200 https://registry.npmjs.org/ajv 154ms (cache revalidated)
1147 timing metavuln:packument:ajv Completed in 155ms
1148 timing metavuln:load:security-advisory:ajv:5tWf/2F3oSWWqD4tNlM8UnT48bBXTuxzL4RXyhSzco0q9ah5Uf8FT8B+R1B3zzPpBEvBRtxaq8Up076jybNs6w== Completed in 1ms
1149 timing metavuln:calculate:security-advisory:ajv:5tWf/2F3oSWWqD4tNlM8UnT48bBXTuxzL4RXyhSzco0q9ah5Uf8FT8B+R1B3zzPpBEvBRtxaq8Up076jybNs6w== Completed in 157ms
1150 timing reifyNode:node_modules/vite Completed in 4301ms
1151 timing reifyNode:node_modules/terser Completed in 4315ms
1152 timing metavuln:cache:get:security-advisory:youch:GCj7wAVwXmpdpHsZ3FBltk4ddq703nJZceXkq77o3f+gaNLubEhWMdGOuTbsQUIPAj4PXvzoyIJlnaLab4wWyA== Completed in 37ms
1153 timing reifyNode:node_modules/moment-timezone Completed in 4335ms
1154 timing reifyNode:node_modules/@types/validator Completed in 4362ms
1155 timing reifyNode:node_modules/resolve Completed in 4390ms
1156 timing reifyNode:node_modules/@vscode/sqlite3 Completed in 4403ms
1157 timing reifyNode:node_modules/sqlite3 Completed in 4440ms
1158 http fetch GET 200 https://registry.npmjs.org/youch 150ms (cache revalidated)
1159 timing metavuln:packument:youch Completed in 151ms
1160 timing metavuln:load:security-advisory:youch:EFt7h/FZLeopARa06+F2CBY5ItUm007mP/cHgZjTJZX1MeIwg3JD7toSioRoDeE8wm5VdkimqlS+CnuPhZqbIg== Completed in 1ms
1161 timing metavuln:calculate:security-advisory:youch:EFt7h/FZLeopARa06+F2CBY5ItUm007mP/cHgZjTJZX1MeIwg3JD7toSioRoDeE8wm5VdkimqlS+CnuPhZqbIg== Completed in 152ms
1162 timing reifyNode:node_modules/@types/node Completed in 4444ms
1163 timing metavuln:cache:get:security-advisory:fastify-cli:QaslBeMuAEoSjIJGc7+wAYc4T7XpFaCnbJI8/c0a2JIyJvbwAad9SK12c7/eNgGCnrx8g4UQ77MsJaZXoAIODA== Completed in 28ms
1164 timing reifyNode:node_modules/vitest Completed in 4490ms
1165 timing reifyNode:node_modules/jquery Completed in 4475ms
1166 timing reifyNode:node_modules/@babel/runtime Completed in 4542ms
1167 http fetch GET 200 https://registry.npmjs.org/fastify-cli 165ms (cache revalidated)
1168 timing metavuln:packument:fastify-cli Completed in 166ms
1169 timing metavuln:load:security-advisory:fastify-cli:5OdrwYv5Xzq+rI3bchsuaHIz85Yyo5gTdhOrQGf2Em7pRhXXR2ur0R7W7qQ6UpWsSxuRBW8Fdp57dyqUhR5/yw== Completed in 0ms
1170 timing metavuln:calculate:security-advisory:fastify-cli:5OdrwYv5Xzq+rI3bchsuaHIz85Yyo5gTdhOrQGf2Em7pRhXXR2ur0R7W7qQ6UpWsSxuRBW8Fdp57dyqUhR5/yw== Completed in 167ms
1171 timing metavuln:cache:get:security-advisory:fastify:Upg+0E5yUqJ4heE4SgOxTlxa1vfBGw41Gk81vguPTh44TF4zvFmYxs2v0BeduSwyKkI4L1eUovQ1pgh00sCl7Q== Completed in 35ms
1172 timing metavuln:load:security-advisory:fastify:+YpghwLI6PUIyWp8XHl8sipi8orFgC/bXvA8UTBhSVgt6QefqkNEXuSkTqpzFKftATFLq+TrCW8XYCm94wIjQA== Completed in 1ms
1173 timing metavuln:calculate:security-advisory:fastify:+YpghwLI6PUIyWp8XHl8sipi8orFgC/bXvA8UTBhSVgt6QefqkNEXuSkTqpzFKftATFLq+TrCW8XYCm94wIjQA== Completed in 36ms
1174 timing reifyNode:node_modules/validator Completed in 4672ms
1175 timing metavuln:cache:get:security-advisory:npm-check-updates:Zm5Cq+L7ckOec0EkUcYO3s4uiRW6rSs41sdGz18ifysKUfa7MxAP0afqB/noTuxaJj7Dy/EkR5UwbtGRMKay4A== Completed in 24ms
1176 timing metavuln:cache:get:security-advisory:rc-config-loader:gmsZcivSO245F/pkJhF+P5hB5KLZRBjER7RvCwxQQcgdO7VseNYySezmj9XoDNgI1xwC8ox0BPZTjt+Zw5PRYw== Completed in 25ms
1177 timing reifyNode:node_modules/sqlite3/node_modules/node-gyp Completed in 4698ms
1178 timing reifyNode:node_modules/pino Completed in 4718ms
1179 timing reifyNode:node_modules/node-gyp Completed in 4723ms
1180 timing reifyNode:node_modules/fastify-cli Completed in 4728ms
1181 timing reifyNode:node_modules/objection Completed in 4742ms
1182 timing reifyNode:node_modules/knex Completed in 4757ms
1183 timing reifyNode:node_modules/fastify-objectionjs/node_modules/knex Completed in 4786ms
1184 timing reifyNode:node_modules/@popperjs/core Completed in 4841ms
1185 timing reifyNode:node_modules/@babel/types Completed in 4867ms
1186 http fetch GET 200 https://registry.npmjs.org/rc-config-loader 287ms (cache revalidated)
1187 timing metavuln:packument:rc-config-loader Completed in 289ms
1188 timing metavuln:load:security-advisory:rc-config-loader:4JRmIWaw7t9g2nj2coc/knMKSpUTTvf6gd7QGFDejryJnGjc+YeBUVzshR5afcQZnuPyYGRjBRxydkQEqdhtbQ== Completed in 0ms
1189 timing metavuln:calculate:security-advisory:rc-config-loader:4JRmIWaw7t9g2nj2coc/knMKSpUTTvf6gd7QGFDejryJnGjc+YeBUVzshR5afcQZnuPyYGRjBRxydkQEqdhtbQ== Completed in 289ms
1190 timing reifyNode:node_modules/lightningcss-linux-arm64-gnu Completed in 5049ms
1191 timing reifyNode:node_modules/lightningcss-linux-arm64-musl Completed in 5050ms
1192 http fetch GET 200 https://registry.npmjs.org/npm-check-updates 452ms (cache revalidated)
1193 timing metavuln:packument:npm-check-updates Completed in 458ms
1194 timing metavuln:load:security-advisory:npm-check-updates:4JRmIWaw7t9g2nj2coc/knMKSpUTTvf6gd7QGFDejryJnGjc+YeBUVzshR5afcQZnuPyYGRjBRxydkQEqdhtbQ== Completed in 0ms
1195 timing metavuln:calculate:security-advisory:npm-check-updates:4JRmIWaw7t9g2nj2coc/knMKSpUTTvf6gd7QGFDejryJnGjc+YeBUVzshR5afcQZnuPyYGRjBRxydkQEqdhtbQ== Completed in 459ms
1196 timing metavuln:cache:get:security-advisory:markdown-it:3xmbI+mngADH7Q+nEJ0yCgnwBGeIYmZIvCK2t6zbJLBv85Yz8bzXvTfmpaXjqagNvZc3O3o88iUIMjtcoFFvXA== Completed in 13ms
1197 timing metavuln:load:security-advisory:markdown-it:7/w4Aok6/6mHGmv2Uc4svaXHiXUk97svBQl+ENxsN59mRMVAweX/V/Md1OXchNwbfAGlwCUI/sKdB9GYZMICzw== Completed in 1ms
1198 timing metavuln:calculate:security-advisory:markdown-it:7/w4Aok6/6mHGmv2Uc4svaXHiXUk97svBQl+ENxsN59mRMVAweX/V/Md1OXchNwbfAGlwCUI/sKdB9GYZMICzw== Completed in 14ms
1199 timing reifyNode:node_modules/fastify Completed in 5114ms
1200 timing metavuln:cache:get:security-advisory:jstransformer-markdown-it:QXbZ4xCbTC6gBpBNs7H/EvXk3F9ngURxnQlVqozhkTTei6TWNS+vuhLPZxwRHAMYkAOq4rwyeVSqGY5oqeI7cw== Completed in 14ms
1201 timing reifyNode:node_modules/ajv Completed in 5177ms
1202 timing reifyNode:node_modules/sequelize Completed in 5204ms
1203 http fetch GET 200 https://registry.npmjs.org/jstransformer-markdown-it 89ms (cache revalidated)
1204 timing metavuln:packument:jstransformer-markdown-it Completed in 89ms
1205 timing metavuln:load:security-advisory:jstransformer-markdown-it:745Vt4mrHCdT8gFHVh7oHROmP4aH4fErXXhbpeVBhtIHmsxTVI7P3rJSdfXZ1iZTBS6GEnTERL4OWUfc4Co9jQ== Completed in 0ms
1206 timing metavuln:calculate:security-advisory:jstransformer-markdown-it:745Vt4mrHCdT8gFHVh7oHROmP4aH4fErXXhbpeVBhtIHmsxTVI7P3rJSdfXZ1iZTBS6GEnTERL4OWUfc4Co9jQ== Completed in 91ms
1207 timing metavuln:cache:get:security-advisory:icss-utils:YQrDJ0tXVnA/+X/ZxpukW/Lx3CwFTrG8XyyUMSKX3zzGTe0Y6/bRp8quQPZ/4nKbFqtLinYhgGh78VCLRkQGwA== Completed in 17ms
1208 timing metavuln:cache:get:security-advisory:css-loader:XHPH7bbL9kQ7mn87o20PK1p4eCjk13CaRPIze4HfznTb9bY5Vmm4ME/hSfnU9Ver9tO6NfmsiD772STtqZEu9w== Completed in 17ms
1209 timing metavuln:cache:get:security-advisory:postcss-modules-local-by-default:NuEQfXd/S5J/0iYmJ+8VUvughylpp8b+yMwLYFE94N4lUORq2pgJVBhSVzqAs0VH4uQLUqtOF1ryGAJEveR0Nw== Completed in 18ms
1210 timing metavuln:cache:get:security-advisory:postcss-modules-extract-imports:GEzvNHbz8HGLtibhL9ypZOm28mmTAz2eUkSktGEE3FTudrWKNia6jP9FtLepUKjrBKAHbWoexCUmgwn4xYTb3g== Completed in 18ms
1211 timing metavuln:cache:get:security-advisory:postcss-modules-scope:7pGTOYKa38391yEajdNGhMzRt9b742zlTMeZssmVs32R4pfSHNqqeU4JrRiw4ar7vMkjb0MkK3q8fqD8szruYA== Completed in 18ms
1212 timing metavuln:cache:get:security-advisory:vite:pm+TrJNwujLvDg8sVw2Ry9PJhjkcoBy8JKAoBKTRZjJFNYUVfVCg1N5bIWDjny8x1kiymsh8o2RF9uvMh5+tvA== Completed in 18ms
1213 timing metavuln:cache:get:security-advisory:postcss-modules-values:ZOvm1kPzIacoMyU31nJj49Q3Y89WHeG7aQ2/VXbAmYRfu8tHjmewOV1UK/dGaOMflDrBg/yYaEZYEjw69BFZPw== Completed in 18ms
1214 timing reifyNode:node_modules/better-sqlite3 Completed in 5265ms
1215 http fetch GET 200 https://registry.npmjs.org/postcss-modules-local-by-default 92ms (cache revalidated)
1216 timing metavuln:packument:postcss-modules-local-by-default Completed in 94ms
1217 timing metavuln:load:security-advisory:postcss-modules-local-by-default:o0q0EDh/c/yXO8mW7onxyfY8gGQ+yllv0PybMT2eaE76E/1OkdcEp4nbyN5c17b8FHTbrA+h3QdVSYn/qLhRng== Completed in 0ms
1218 timing metavuln:calculate:security-advisory:postcss-modules-local-by-default:o0q0EDh/c/yXO8mW7onxyfY8gGQ+yllv0PybMT2eaE76E/1OkdcEp4nbyN5c17b8FHTbrA+h3QdVSYn/qLhRng== Completed in 94ms
1219 http fetch GET 200 https://registry.npmjs.org/css-loader 97ms (cache revalidated)
1220 timing metavuln:packument:css-loader Completed in 98ms
1221 timing metavuln:load:security-advisory:css-loader:o0q0EDh/c/yXO8mW7onxyfY8gGQ+yllv0PybMT2eaE76E/1OkdcEp4nbyN5c17b8FHTbrA+h3QdVSYn/qLhRng== Completed in 1ms
1222 timing metavuln:calculate:security-advisory:css-loader:o0q0EDh/c/yXO8mW7onxyfY8gGQ+yllv0PybMT2eaE76E/1OkdcEp4nbyN5c17b8FHTbrA+h3QdVSYn/qLhRng== Completed in 99ms
1223 http fetch GET 200 https://registry.npmjs.org/postcss-modules-scope 98ms (cache revalidated)
1224 timing metavuln:packument:postcss-modules-scope Completed in 99ms
1225 timing metavuln:load:security-advisory:postcss-modules-scope:o0q0EDh/c/yXO8mW7onxyfY8gGQ+yllv0PybMT2eaE76E/1OkdcEp4nbyN5c17b8FHTbrA+h3QdVSYn/qLhRng== Completed in 1ms
1226 timing metavuln:calculate:security-advisory:postcss-modules-scope:o0q0EDh/c/yXO8mW7onxyfY8gGQ+yllv0PybMT2eaE76E/1OkdcEp4nbyN5c17b8FHTbrA+h3QdVSYn/qLhRng== Completed in 100ms
1227 http fetch GET 200 https://registry.npmjs.org/postcss-modules-extract-imports 104ms (cache revalidated)
1228 timing metavuln:packument:postcss-modules-extract-imports Completed in 104ms
1229 timing metavuln:load:security-advisory:postcss-modules-extract-imports:o0q0EDh/c/yXO8mW7onxyfY8gGQ+yllv0PybMT2eaE76E/1OkdcEp4nbyN5c17b8FHTbrA+h3QdVSYn/qLhRng== Completed in 0ms
1230 timing metavuln:calculate:security-advisory:postcss-modules-extract-imports:o0q0EDh/c/yXO8mW7onxyfY8gGQ+yllv0PybMT2eaE76E/1OkdcEp4nbyN5c17b8FHTbrA+h3QdVSYn/qLhRng== Completed in 104ms
1231 http fetch GET 200 https://registry.npmjs.org/icss-utils 108ms (cache revalidated)
1232 timing metavuln:packument:icss-utils Completed in 109ms
1233 timing metavuln:load:security-advisory:icss-utils:o0q0EDh/c/yXO8mW7onxyfY8gGQ+yllv0PybMT2eaE76E/1OkdcEp4nbyN5c17b8FHTbrA+h3QdVSYn/qLhRng== Completed in 0ms
1234 timing metavuln:calculate:security-advisory:icss-utils:o0q0EDh/c/yXO8mW7onxyfY8gGQ+yllv0PybMT2eaE76E/1OkdcEp4nbyN5c17b8FHTbrA+h3QdVSYn/qLhRng== Completed in 109ms
1235 http fetch GET 200 https://registry.npmjs.org/vite 110ms (cache revalidated)
1236 timing metavuln:packument:vite Completed in 119ms
1237 timing metavuln:load:security-advisory:vite:o0q0EDh/c/yXO8mW7onxyfY8gGQ+yllv0PybMT2eaE76E/1OkdcEp4nbyN5c17b8FHTbrA+h3QdVSYn/qLhRng== Completed in 1ms
1238 timing metavuln:calculate:security-advisory:vite:o0q0EDh/c/yXO8mW7onxyfY8gGQ+yllv0PybMT2eaE76E/1OkdcEp4nbyN5c17b8FHTbrA+h3QdVSYn/qLhRng== Completed in 121ms
1239 http fetch GET 200 https://registry.npmjs.org/postcss-modules-values 128ms (cache revalidated)
1240 timing metavuln:packument:postcss-modules-values Completed in 128ms
1241 timing metavuln:load:security-advisory:postcss-modules-values:o0q0EDh/c/yXO8mW7onxyfY8gGQ+yllv0PybMT2eaE76E/1OkdcEp4nbyN5c17b8FHTbrA+h3QdVSYn/qLhRng== Completed in 1ms
1242 timing metavuln:calculate:security-advisory:postcss-modules-values:o0q0EDh/c/yXO8mW7onxyfY8gGQ+yllv0PybMT2eaE76E/1OkdcEp4nbyN5c17b8FHTbrA+h3QdVSYn/qLhRng== Completed in 129ms
1243 timing metavuln:cache:get:security-advisory:concurrently:dJj3TAgQoTxT8LnlMR7zyCquLQhf5p/nDHoglVWDSVswkUAKhrPqGG994qwq4oNpBWXQpmvK7vcmaDp31YB1Qw== Completed in 11ms
1244 timing reifyNode:node_modules/npm-check-updates Completed in 5355ms
1245 http fetch GET 200 https://registry.npmjs.org/@rolldown/binding-wasm32-wasi/-/binding-wasm32-wasi-1.2.1.tgz 5114ms (cache miss)
1246 timing reifyNode:node_modules/@rolldown/binding-wasm32-wasi Completed in 5392ms
1247 http fetch GET 200 https://registry.npmjs.org/concurrently 84ms (cache revalidated)
1248 timing metavuln:packument:concurrently Completed in 85ms
1249 timing metavuln:load:security-advisory:concurrently:gWuMLxJrdB5cYYnXmLuPYjWBh9v3T6mAs/1n90qstizAjUwF6JtEegc7pxpOH6qZDJP592oeHHx4biyk4QlJHg== Completed in 0ms
1250 timing metavuln:calculate:security-advisory:concurrently:gWuMLxJrdB5cYYnXmLuPYjWBh9v3T6mAs/1n90qstizAjUwF6JtEegc7pxpOH6qZDJP592oeHHx4biyk4QlJHg== Completed in 85ms
1251 timing metavuln:cache:get:security-advisory:pacote:HwK9Osim5eGF5I34v/XFoJLQ75UbhxXLcdhboc/sdf7kBSFhxIzy/iVH3ATsQhK3y2oS/JpMEfg7ow2FLkXtPw== Completed in 10ms
1252 timing reifyNode:node_modules/bootstrap Completed in 5492ms
1253 timing reifyNode:node_modules/moment Completed in 5517ms
1254 timing reifyNode:node_modules/sodium-native Completed in 5582ms
1255 http fetch GET 200 https://registry.npmjs.org/pacote 161ms (cache revalidated)
1256 timing metavuln:packument:pacote Completed in 162ms
1257 timing metavuln:load:security-advisory:pacote:skzVwsWYa8zuQ7SA5ICFpsE0xnM0OG7fX/J/DEdN8ubKUINIpvS+u8ACU9GH/TPzcgMZklLVWP1xJFTqFcWQFw== Completed in 1ms
1258 timing metavuln:calculate:security-advisory:pacote:skzVwsWYa8zuQ7SA5ICFpsE0xnM0OG7fX/J/DEdN8ubKUINIpvS+u8ACU9GH/TPzcgMZklLVWP1xJFTqFcWQFw== Completed in 163ms
1259 timing metavuln:cache:get:security-advisory:cacache:xvJIWB5/FY/DmZpxvmgqyq49qJv5ggEb6QVj3OY5ousoMlm27iLo5bVkFK9lSFNIWe3eU5heX0nWjs8DbT01mg== Completed in 10ms
1260 timing metavuln:cache:get:security-advisory:sqlite3:d9OlV91FQiPngyARVJjb2c1N1Zd+BlUG/6hW/AboVLzuuz9zlq5RBmHPTvImBXKQlYn4hJ5/GOcjonk0bZFabg== Completed in 11ms
1261 timing metavuln:cache:get:security-advisory:pacote:YEGC2tr63UMpFVgVz0cNuFV3bU8S49mLN9fSXNf8TSeZFIG2IIlfze6ewtj1AcnmZfEVnbmO+QJdA95V6mwuNA== Completed in 11ms
1262 timing metavuln:load:security-advisory:pacote:qPQeYPFDBIedTWfYK3sbnScF6Ha7ouTs+wgndnz4PT5P+/K+GBD4epoPcYpXlu6AC7gSJlCJTJeuKbYAFoK9PA== Completed in 1ms
1263 timing metavuln:calculate:security-advisory:pacote:qPQeYPFDBIedTWfYK3sbnScF6Ha7ouTs+wgndnz4PT5P+/K+GBD4epoPcYpXlu6AC7gSJlCJTJeuKbYAFoK9PA== Completed in 12ms
1264 timing metavuln:cache:get:security-advisory:node-gyp:l/WeQkAPWJ0/mHENc58u9JNvnzqgqXWhnfEbUs8zhmL1UmoofkwGw4482B1GnFfApFQ5hXpUDaLf7UIPw6jpww== Completed in 12ms
1265 timing reifyNode:node_modules/@rolldown/binding-linux-arm64-gnu Completed in 5657ms
1266 http fetch GET 200 https://registry.npmjs.org/cacache 82ms (cache revalidated)
1267 timing metavuln:packument:cacache Completed in 83ms
1268 timing metavuln:load:security-advisory:cacache:qPQeYPFDBIedTWfYK3sbnScF6Ha7ouTs+wgndnz4PT5P+/K+GBD4epoPcYpXlu6AC7gSJlCJTJeuKbYAFoK9PA== Completed in 0ms
1269 timing metavuln:calculate:security-advisory:cacache:qPQeYPFDBIedTWfYK3sbnScF6Ha7ouTs+wgndnz4PT5P+/K+GBD4epoPcYpXlu6AC7gSJlCJTJeuKbYAFoK9PA== Completed in 83ms
1270 http fetch GET 200 https://registry.npmjs.org/node-gyp 83ms (cache revalidated)
1271 timing metavuln:packument:node-gyp Completed in 84ms
1272 timing metavuln:load:security-advisory:node-gyp:qPQeYPFDBIedTWfYK3sbnScF6Ha7ouTs+wgndnz4PT5P+/K+GBD4epoPcYpXlu6AC7gSJlCJTJeuKbYAFoK9PA== Completed in 0ms
1273 timing metavuln:calculate:security-advisory:node-gyp:qPQeYPFDBIedTWfYK3sbnScF6Ha7ouTs+wgndnz4PT5P+/K+GBD4epoPcYpXlu6AC7gSJlCJTJeuKbYAFoK9PA== Completed in 84ms
1274 http fetch GET 200 https://registry.npmjs.org/sqlite3 95ms (cache revalidated)
1275 timing metavuln:packument:sqlite3 Completed in 97ms
1276 timing metavuln:load:security-advisory:sqlite3:qPQeYPFDBIedTWfYK3sbnScF6Ha7ouTs+wgndnz4PT5P+/K+GBD4epoPcYpXlu6AC7gSJlCJTJeuKbYAFoK9PA== Completed in 0ms
1277 timing metavuln:calculate:security-advisory:sqlite3:qPQeYPFDBIedTWfYK3sbnScF6Ha7ouTs+wgndnz4PT5P+/K+GBD4epoPcYpXlu6AC7gSJlCJTJeuKbYAFoK9PA== Completed in 97ms
1278 timing metavuln:cache:get:security-advisory:sequelize:FYBoHQX+it6POas5dOU2r5Ay1UVECdSHWc53rj7FSJlLWRuPXvHa04vp2iiMDQQeJNqMQjjQIdu5qpdHI534nw== Completed in 10ms
1279 timing reifyNode:node_modules/caniuse-lite Completed in 5687ms
1280 timing reifyNode:node_modules/lodash Completed in 5702ms
1281 http fetch GET 200 https://registry.npmjs.org/sequelize 77ms (cache revalidated)
1282 timing metavuln:packument:sequelize Completed in 82ms
1283 timing metavuln:load:security-advisory:sequelize:fjKShcKspemxj7050oTyq4F6Ys6oXOzZoO3QUapp6PgJCcrmTMbXQaxkcJ1QLLNHzsQ9sgLuhrlezjv+hoSUhg== Completed in 1ms
1284 timing metavuln:calculate:security-advisory:sequelize:fjKShcKspemxj7050oTyq4F6Ys6oXOzZoO3QUapp6PgJCcrmTMbXQaxkcJ1QLLNHzsQ9sgLuhrlezjv+hoSUhg== Completed in 83ms
1285 timing metavuln:cache:get:security-advisory:make-fetch-happen:gaTnfO+WYeXu2geuOhR3ibMOUg+yrRKeQuHeBpv3XykfZx9BLv6XY6eJg1pUKO4R3hqIlQu3aj+/JM1PlmKnZQ== Completed in 7ms
1286 timing reifyNode:node_modules/webpack Completed in 5812ms
1287 http fetch GET 200 https://registry.npmjs.org/make-fetch-happen 67ms (cache revalidated)
1288 timing metavuln:packument:make-fetch-happen Completed in 68ms
1289 timing metavuln:load:security-advisory:make-fetch-happen:Sjgcdi3KNx46lPAcvPjDvUYseDE8QeQwjwFhOT0x3Jbc510S0ZyAHXwRcn/9ytGyLhPcBzh4ZFlW/g9SIoHDDw== Completed in 1ms
1290 timing metavuln:calculate:security-advisory:make-fetch-happen:Sjgcdi3KNx46lPAcvPjDvUYseDE8QeQwjwFhOT0x3Jbc510S0ZyAHXwRcn/9ytGyLhPcBzh4ZFlW/g9SIoHDDw== Completed in 69ms
1291 timing metavuln:cache:get:security-advisory:fastify-error-page:jFLobgupm1ygdOxTlUvCIArNYaFGGKBaaLAoJ8OKqbKNtBGSdJkKNTpzczRFYEIoK/2FzNs3+s9I4+12F+M70A== Completed in 6ms
1292 http fetch GET 200 https://registry.npmjs.org/fastify-error-page 65ms (cache revalidated)
1293 timing metavuln:packument:fastify-error-page Completed in 66ms
1294 timing metavuln:load:security-advisory:fastify-error-page:GCj7wAVwXmpdpHsZ3FBltk4ddq703nJZceXkq77o3f+gaNLubEhWMdGOuTbsQUIPAj4PXvzoyIJlnaLab4wWyA== Completed in 0ms
1295 timing metavuln:calculate:security-advisory:fastify-error-page:GCj7wAVwXmpdpHsZ3FBltk4ddq703nJZceXkq77o3f+gaNLubEhWMdGOuTbsQUIPAj4PXvzoyIJlnaLab4wWyA== Completed in 66ms
1296 timing metavuln:cache:get:security-advisory:npm-check-updates:TQft10aWX7/FW5wxcCn/ZtY3sEvHs4StbLTngtrXdnjEE4IA1QY13JGrTJQC1MPi1i/FGnCVxebHCc+mHLCS5Q== Completed in 5ms
1297 timing metavuln:load:security-advisory:npm-check-updates:HwK9Osim5eGF5I34v/XFoJLQ75UbhxXLcdhboc/sdf7kBSFhxIzy/iVH3ATsQhK3y2oS/JpMEfg7ow2FLkXtPw== Completed in 1ms
1298 timing metavuln:calculate:security-advisory:npm-check-updates:HwK9Osim5eGF5I34v/XFoJLQ75UbhxXLcdhboc/sdf7kBSFhxIzy/iVH3ATsQhK3y2oS/JpMEfg7ow2FLkXtPw== Completed in 6ms
1299 timing metavuln:cache:get:security-advisory:pacote:OtnJdJ42a1bInL8GrqOWym4puwNQ7oh2bGqAOg0E5uptu0OSRW4gjuYFOkEEYOvjetc1WkglEEM0U0Bgv6+wAw== Completed in 5ms
1300 timing metavuln:load:security-advisory:pacote:xvJIWB5/FY/DmZpxvmgqyq49qJv5ggEb6QVj3OY5ousoMlm27iLo5bVkFK9lSFNIWe3eU5heX0nWjs8DbT01mg== Completed in 0ms
1301 timing metavuln:calculate:security-advisory:pacote:xvJIWB5/FY/DmZpxvmgqyq49qJv5ggEb6QVj3OY5ousoMlm27iLo5bVkFK9lSFNIWe3eU5heX0nWjs8DbT01mg== Completed in 5ms
1302 timing metavuln:cache:get:security-advisory:make-fetch-happen:i9EWLQURMjAySZXCi5WtA8NzwiONkym6qMEPsUX+uPSg1yz1bg479ufVR/tOdZWMzNzCglMBtyw+v486D3ACDQ== Completed in 5ms
1303 timing metavuln:load:security-advisory:make-fetch-happen:xvJIWB5/FY/DmZpxvmgqyq49qJv5ggEb6QVj3OY5ousoMlm27iLo5bVkFK9lSFNIWe3eU5heX0nWjs8DbT01mg== Completed in 0ms
1304 timing metavuln:calculate:security-advisory:make-fetch-happen:xvJIWB5/FY/DmZpxvmgqyq49qJv5ggEb6QVj3OY5ousoMlm27iLo5bVkFK9lSFNIWe3eU5heX0nWjs8DbT01mg== Completed in 6ms
1305 timing metavuln:cache:get:security-advisory:sqlite3:/EyvdRGvNSmIfPvDagXmxhNg0I3IVs11DoQPmZbPhEN8VqxbrAo8DVoBrE8H0mBolYmeaGyEYJxfj/d4+SoOrA== Completed in 4ms
1306 timing metavuln:load:security-advisory:sqlite3:l/WeQkAPWJ0/mHENc58u9JNvnzqgqXWhnfEbUs8zhmL1UmoofkwGw4482B1GnFfApFQ5hXpUDaLf7UIPw6jpww== Completed in 1ms
1307 timing metavuln:calculate:security-advisory:sqlite3:l/WeQkAPWJ0/mHENc58u9JNvnzqgqXWhnfEbUs8zhmL1UmoofkwGw4482B1GnFfApFQ5hXpUDaLf7UIPw6jpww== Completed in 5ms
1308 timing metavuln:cache:get:security-advisory:@npmcli/run-script:iGTtwNhtzJqD6NRQrZd/d/zEGMzgSqpgcRI1vjqHKnRzGZno56l+gHAbYs0XRY+CB7swkVDTEWOkDAMckkToXA== Completed in 5ms
1309 http fetch GET 200 https://registry.npmjs.org/@npmcli%2frun-script 79ms (cache revalidated)
1310 timing metavuln:packument:@npmcli/run-script Completed in 80ms
1311 timing metavuln:load:security-advisory:@npmcli/run-script:l/WeQkAPWJ0/mHENc58u9JNvnzqgqXWhnfEbUs8zhmL1UmoofkwGw4482B1GnFfApFQ5hXpUDaLf7UIPw6jpww== Completed in 0ms
1312 timing metavuln:calculate:security-advisory:@npmcli/run-script:l/WeQkAPWJ0/mHENc58u9JNvnzqgqXWhnfEbUs8zhmL1UmoofkwGw4482B1GnFfApFQ5hXpUDaLf7UIPw6jpww== Completed in 80ms
1313 timing metavuln:cache:get:security-advisory:node-gyp:oIdp0jgUYGRrX8miYN6X1c4k9a7NYfC9fX6QVIPIFbtokGgy4jHd/cPUUTxrldhKuQdzzPT73V4Yt+BcbbxZtA== Completed in 4ms
1314 timing metavuln:load:security-advisory:node-gyp:gaTnfO+WYeXu2geuOhR3ibMOUg+yrRKeQuHeBpv3XykfZx9BLv6XY6eJg1pUKO4R3hqIlQu3aj+/JM1PlmKnZQ== Completed in 0ms
1315 timing metavuln:calculate:security-advisory:node-gyp:gaTnfO+WYeXu2geuOhR3ibMOUg+yrRKeQuHeBpv3XykfZx9BLv6XY6eJg1pUKO4R3hqIlQu3aj+/JM1PlmKnZQ== Completed in 4ms
1316 timing metavuln:cache:get:security-advisory:npm-registry-fetch:rjVJvvzG/kvWq1Yf47CMERV+po9QTpLRv+Pvpq6OBeMvjXsZIVfM5QpZX6I81DfIzkTUvvS3sdoQsPoTOZ8CKw== Completed in 7ms
1317 timing metavuln:cache:get:security-advisory:npm-check-updates:SShrC7HtrpudR2dc7tTbwUr+VoJzKbbzV6EbuFGYnuwb07JKyzwDCRqIY7/1bJeh6y0hnMBlPbC8moJXu1FsiA== Completed in 7ms
1318 timing metavuln:load:security-advisory:npm-check-updates:i9EWLQURMjAySZXCi5WtA8NzwiONkym6qMEPsUX+uPSg1yz1bg479ufVR/tOdZWMzNzCglMBtyw+v486D3ACDQ== Completed in 1ms
1319 timing metavuln:calculate:security-advisory:npm-check-updates:i9EWLQURMjAySZXCi5WtA8NzwiONkym6qMEPsUX+uPSg1yz1bg479ufVR/tOdZWMzNzCglMBtyw+v486D3ACDQ== Completed in 8ms
1320 timing metavuln:cache:get:security-advisory:@sigstore/sign:xAQpQb2iXZhl1nU/ZmXt3hEWmSEXEdDAuGuotFPoutVkCLsxXJ2KeWceYYYf6uDbgLvZnVD+wMIhqMIAbURhYQ== Completed in 8ms
1321 timing metavuln:cache:get:security-advisory:tuf-js:1bfdavDfy7z7MQy8zQanmlTDiLzsUKXbc/9GatO7NIBygxbO0Kv2ViKCGRr41ZkUPOzvXMUES7j3phQjx1x7lQ== Completed in 8ms
1322 timing metavuln:cache:get:security-advisory:sigstore:Jk5V/VF98ptrfnlVgm0+AEj/a8JiAQ60nLpypMaJOXFJY4ZCsn5Yrbqieal2gFb3p2y/Zls866qsUTTiP42tHg== Completed in 8ms
1323 timing metavuln:load:security-advisory:sigstore:i9EWLQURMjAySZXCi5WtA8NzwiONkym6qMEPsUX+uPSg1yz1bg479ufVR/tOdZWMzNzCglMBtyw+v486D3ACDQ== Completed in 0ms
1324 timing metavuln:calculate:security-advisory:sigstore:i9EWLQURMjAySZXCi5WtA8NzwiONkym6qMEPsUX+uPSg1yz1bg479ufVR/tOdZWMzNzCglMBtyw+v486D3ACDQ== Completed in 8ms
1325 timing metavuln:cache:get:security-advisory:node-gyp:/dQskvN7GJIjJQ5FlrPIh5nhxsucrkuttZ1cU2Czc+EO0cu2rlyIjRRPkTgwutIB29OQPM7hwrxqEXexjMb+Sg== Completed in 9ms
1326 timing metavuln:load:security-advisory:node-gyp:i9EWLQURMjAySZXCi5WtA8NzwiONkym6qMEPsUX+uPSg1yz1bg479ufVR/tOdZWMzNzCglMBtyw+v486D3ACDQ== Completed in 0ms
1327 timing metavuln:calculate:security-advisory:node-gyp:i9EWLQURMjAySZXCi5WtA8NzwiONkym6qMEPsUX+uPSg1yz1bg479ufVR/tOdZWMzNzCglMBtyw+v486D3ACDQ== Completed in 9ms
1328 http fetch GET 200 https://registry.npmjs.org/tuf-js 140ms (cache revalidated)
1329 timing metavuln:packument:tuf-js Completed in 140ms
1330 timing metavuln:load:security-advisory:tuf-js:i9EWLQURMjAySZXCi5WtA8NzwiONkym6qMEPsUX+uPSg1yz1bg479ufVR/tOdZWMzNzCglMBtyw+v486D3ACDQ== Completed in 0ms
1331 timing metavuln:calculate:security-advisory:tuf-js:i9EWLQURMjAySZXCi5WtA8NzwiONkym6qMEPsUX+uPSg1yz1bg479ufVR/tOdZWMzNzCglMBtyw+v486D3ACDQ== Completed in 140ms
1332 http fetch GET 200 https://registry.npmjs.org/npm-registry-fetch 142ms (cache revalidated)
1333 timing metavuln:packument:npm-registry-fetch Completed in 143ms
1334 timing metavuln:load:security-advisory:npm-registry-fetch:i9EWLQURMjAySZXCi5WtA8NzwiONkym6qMEPsUX+uPSg1yz1bg479ufVR/tOdZWMzNzCglMBtyw+v486D3ACDQ== Completed in 0ms
1335 timing metavuln:calculate:security-advisory:npm-registry-fetch:i9EWLQURMjAySZXCi5WtA8NzwiONkym6qMEPsUX+uPSg1yz1bg479ufVR/tOdZWMzNzCglMBtyw+v486D3ACDQ== Completed in 143ms
1336 http fetch GET 200 https://registry.npmjs.org/@sigstore%2fsign 151ms (cache revalidated)
1337 timing metavuln:packument:@sigstore/sign Completed in 151ms
1338 timing metavuln:load:security-advisory:@sigstore/sign:i9EWLQURMjAySZXCi5WtA8NzwiONkym6qMEPsUX+uPSg1yz1bg479ufVR/tOdZWMzNzCglMBtyw+v486D3ACDQ== Completed in 0ms
1339 timing metavuln:calculate:security-advisory:@sigstore/sign:i9EWLQURMjAySZXCi5WtA8NzwiONkym6qMEPsUX+uPSg1yz1bg479ufVR/tOdZWMzNzCglMBtyw+v486D3ACDQ== Completed in 151ms
1340 timing metavuln:cache:get:security-advisory:pacote:MS+9ca68tdxeElO9akLXw7yb5VApoczfnQKLx1EukwgWla9k04iPl4Po3r/HJQy/+Wzz5cv0LVQSH7FloSCQcg== Completed in 3ms
1341 timing metavuln:load:security-advisory:pacote:iGTtwNhtzJqD6NRQrZd/d/zEGMzgSqpgcRI1vjqHKnRzGZno56l+gHAbYs0XRY+CB7swkVDTEWOkDAMckkToXA== Completed in 1ms
1342 timing metavuln:calculate:security-advisory:pacote:iGTtwNhtzJqD6NRQrZd/d/zEGMzgSqpgcRI1vjqHKnRzGZno56l+gHAbYs0XRY+CB7swkVDTEWOkDAMckkToXA== Completed in 4ms
1343 timing metavuln:cache:get:security-advisory:@sigstore/tuf:WuTLTM0bDpnnsd1qBrCrKN/jR6tX/P498eMan70iDSRkcw8nhcWZgx72Q5FsgnIrZ0IEIAzNewQuH68qzBWIXQ== Completed in 4ms
1344 http fetch GET 200 https://registry.npmjs.org/@sigstore%2ftuf 84ms (cache revalidated)
1345 timing metavuln:packument:@sigstore/tuf Completed in 85ms
1346 timing metavuln:load:security-advisory:@sigstore/tuf:1bfdavDfy7z7MQy8zQanmlTDiLzsUKXbc/9GatO7NIBygxbO0Kv2ViKCGRr41ZkUPOzvXMUES7j3phQjx1x7lQ== Completed in 0ms
1347 timing metavuln:calculate:security-advisory:@sigstore/tuf:1bfdavDfy7z7MQy8zQanmlTDiLzsUKXbc/9GatO7NIBygxbO0Kv2ViKCGRr41ZkUPOzvXMUES7j3phQjx1x7lQ== Completed in 85ms
1348 timing metavuln:cache:get:security-advisory:pacote:Fmv5VGROg0pCk6mJGDt+acX0ZmP+feQYtT29M7q8IwA6ffPv/qMnp9yN9IZsz98EzQDh7Dd9fdO3QMlmwU2oFA== Completed in 4ms
1349 timing metavuln:load:security-advisory:pacote:rjVJvvzG/kvWq1Yf47CMERV+po9QTpLRv+Pvpq6OBeMvjXsZIVfM5QpZX6I81DfIzkTUvvS3sdoQsPoTOZ8CKw== Completed in 1ms
1350 timing metavuln:calculate:security-advisory:pacote:rjVJvvzG/kvWq1Yf47CMERV+po9QTpLRv+Pvpq6OBeMvjXsZIVfM5QpZX6I81DfIzkTUvvS3sdoQsPoTOZ8CKw== Completed in 5ms
1351 timing metavuln:cache:get:security-advisory:sigstore:cZTAKPvFRJmLeZjsJl94k7WhArtuKGb/dPSpjJvl2yb5uRacYoJ4I3A5GcQFF354jp1koW3bpU965i5eKT21/w== Completed in 2ms
1352 timing metavuln:load:security-advisory:sigstore:xAQpQb2iXZhl1nU/ZmXt3hEWmSEXEdDAuGuotFPoutVkCLsxXJ2KeWceYYYf6uDbgLvZnVD+wMIhqMIAbURhYQ== Completed in 0ms
1353 timing metavuln:calculate:security-advisory:sigstore:xAQpQb2iXZhl1nU/ZmXt3hEWmSEXEdDAuGuotFPoutVkCLsxXJ2KeWceYYYf6uDbgLvZnVD+wMIhqMIAbURhYQ== Completed in 3ms
1354 timing metavuln:cache:get:security-advisory:sigstore:ueDakCxq1v8prZVcTKj7OCAkjzwhnkhDv/BWQk9LiovC7Fw6WDV+tORtvj+n4IJVAYRzrrf12+fMwe3t6a7ASg== Completed in 3ms
1355 timing metavuln:load:security-advisory:sigstore:WuTLTM0bDpnnsd1qBrCrKN/jR6tX/P498eMan70iDSRkcw8nhcWZgx72Q5FsgnIrZ0IEIAzNewQuH68qzBWIXQ== Completed in 0ms
1356 timing metavuln:calculate:security-advisory:sigstore:WuTLTM0bDpnnsd1qBrCrKN/jR6tX/P498eMan70iDSRkcw8nhcWZgx72Q5FsgnIrZ0IEIAzNewQuH68qzBWIXQ== Completed in 3ms
1357 timing auditReport:init Completed in 4758ms
1358 timing reify:audit Completed in 6289ms
1359 timing reifyNode:node_modules/rxjs Completed in 6347ms
1360 timing reifyNode:node_modules/@biomejs/cli-linux-arm64-musl Completed in 6398ms
1361 timing reifyNode:node_modules/@biomejs/cli-linux-arm64 Completed in 6424ms
1362 timing reifyNode:node_modules/date-fns Completed in 8740ms
1363 timing reify:unpack Completed in 8762ms
1364 timing reify:unretire Completed in 0ms
1365 timing build:queue Completed in 19ms
1366 timing build:link:node_modules/@babel/parser Completed in 38ms
1367 timing build:link:node_modules/@npmcli/move-file/node_modules/rimraf Completed in 40ms
1368 timing build:link:node_modules/@npmcli/git/node_modules/which Completed in 40ms
1369 timing build:link:node_modules/@npmcli/run-script/node_modules/which Completed in 40ms
1370 timing build:link:node_modules/js-beautify/node_modules/nopt Completed in 40ms
1371 timing build:link:node_modules/@npmcli/promise-spawn/node_modules/which Completed in 41ms
1372 timing build:link:node_modules/sqlite3/node_modules/node-gyp Completed in 41ms
1373 timing build:link:node_modules/fastify-objectionjs/node_modules/knex Completed in 41ms
1374 timing build:link:node_modules/webpack/node_modules/acorn Completed in 41ms
1375 timing build:link:node_modules/color-support Completed in 42ms
1376 timing build:link:node_modules/node-gyp/node_modules/rimraf Completed in 41ms
1377 timing build:link:node_modules/terser/node_modules/acorn Completed in 41ms
1378 timing build:link:node_modules/@npmcli/installed-package-contents Completed in 42ms
1379 timing build:link:node_modules/envinfo Completed in 42ms
1380 timing build:link:node_modules/baseline-browser-mapping Completed in 42ms
1381 timing build:link:node_modules/fastify-cli Completed in 43ms
1382 timing build:link:node_modules/generify Completed in 43ms
1383 timing build:link:node_modules/import-local Completed in 43ms
1384 timing build:link:node_modules/cssesc Completed in 43ms
1385 timing build:link:node_modules/glob Completed in 43ms
1386 timing build:link:node_modules/is-ci Completed in 43ms
1387 timing build:link:node_modules/flat Completed in 43ms
1388 timing build:link:node_modules/@biomejs/biome Completed in 43ms
1389 timing build:link:node_modules/js-yaml Completed in 43ms
1390 timing build:link:node_modules/knex Completed in 43ms
1391 timing build:link:node_modules/js-beautify Completed in 43ms
1392 timing build:link:node_modules/mime Completed in 43ms
1393 timing build:link:node_modules/nanoid Completed in 43ms
1394 timing build:link:node_modules/mkdirp Completed in 43ms
1395 timing build:link:node_modules/node-gyp Completed in 43ms
1396 timing build:link:node_modules/mustache Completed in 43ms
1397 timing build:link:node_modules/concurrently Completed in 43ms
1398 timing build:link:node_modules/markdown-it Completed in 43ms
1399 timing build:link:node_modules/npm-check-updates Completed in 44ms
1400 timing build:link:node_modules/nopt Completed in 44ms
1401 timing build:link:node_modules/parse-github-url Completed in 44ms
1402 timing build:link:node_modules/prebuild-install Completed in 44ms
1403 timing build:link:node_modules/pino-pretty Completed in 44ms
1404 timing build:link:node_modules/resolve Completed in 44ms
1405 timing build:link:node_modules/rimraf Completed in 44ms
1406 timing build:link:node_modules/editorconfig Completed in 44ms
1407 timing build:link:node_modules/pino Completed in 44ms
1408 timing build:link:node_modules/semver Completed in 44ms
1409 timing build:link:node_modules/rolldown Completed in 44ms
1410 timing build:link:node_modules/browserslist Completed in 44ms
1411 timing build:link:node_modules/sequelize-cli Completed in 44ms
1412 timing build:link:node_modules/sigstore Completed in 44ms
1413 timing build:link:node_modules/update-browserslist-db Completed in 44ms
1414 timing build:link:node_modules/terser Completed in 44ms
1415 timing build:link:node_modules/uuid Completed in 44ms
1416 timing build:link:node_modules/vite Completed in 44ms
1417 timing build:link:node_modules/webpack-cli Completed in 43ms
1418 timing build:link:node_modules/webpack Completed in 43ms
1419 timing build:link:node_modules/vitest Completed in 43ms
1420 timing build:link:node_modules/tree-kill Completed in 44ms
1421 timing build:link:node_modules/why-is-node-running Completed in 44ms
1422 timing build:link:node_modules/is-docker Completed in 45ms
1423 timing build:link:node_modules/which Completed in 44ms
1424 timing build:link:node_modules/json5 Completed in 45ms
1425 timing build:link:node_modules/acorn Completed in 45ms
1426 timing build:link:node_modules/@fastify/secure-session Completed in 45ms
1427 timing build:link:node_modules/pacote Completed in 45ms
1428 timing build:link:node_modules/rc Completed in 45ms
1429 timing build:link:node_modules/sqlite3/node_modules/nopt Completed in 44ms
1430 timing build:link:node_modules/sqlite3/node_modules/rimraf Completed in 44ms
1431 timing build:link Completed in 46ms
1432 info run @vscode/sqlite3@5.1.2 install node_modules/@vscode/sqlite3 node-gyp rebuild
1433 info run better-sqlite3@12.10.0 install node_modules/better-sqlite3 prebuild-install || node-gyp rebuild --release
1434 info run sqlite3@5.1.7 install node_modules/sqlite3 prebuild-install -r napi || node-gyp rebuild
1435 info run sqlite3@5.1.7 install { code: 0, signal: null }
1436 timing build:run:install:node_modules/sqlite3 Completed in 174ms
1437 info run @vscode/sqlite3@5.1.2 install { code: 0, signal: null }
1438 timing build:run:install:node_modules/@vscode/sqlite3 Completed in 37390ms
1439 info run better-sqlite3@12.10.0 install { code: 0, signal: null }
1440 timing build:run:install:node_modules/better-sqlite3 Completed in 39428ms
1441 timing build:run:install Completed in 39444ms
1442 timing build:deps Completed in 39509ms
1443 timing build Completed in 39509ms
1444 timing reify:build Completed in 39511ms
1445 timing reify:trash Completed in 17ms
1446 timing reify:save Completed in 89ms
1447 timing reify Completed in 49225ms
1448 silly ADD node_modules/@rolldown/binding-linux-arm64-gnu
1449 silly ADD node_modules/youch
1450 silly ADD node_modules/youch/node_modules/cookie
1451 silly ADD node_modules/yocto-queue
1452 silly ADD node_modules/yargs-parser
1453 silly ADD node_modules/yargs
1454 silly ADD node_modules/yargs/node_modules/strip-ansi
1455 silly ADD node_modules/yargs/node_modules/string-width
1456 silly ADD node_modules/yargs/node_modules/emoji-regex
1457 silly ADD node_modules/yargs/node_modules/ansi-regex
1458 silly ADD node_modules/yallist
1459 silly ADD node_modules/y18n
1460 silly ADD node_modules/xtend
1461 silly ADD node_modules/xdg-basedir
1462 silly ADD node_modules/write-file-atomic
1463 silly ADD node_modules/write-file-atomic/node_modules/signal-exit
1464 silly ADD node_modules/wrappy
1465 silly ADD node_modules/wrap-ansi-cjs
1466 silly ADD node_modules/wrap-ansi-cjs/node_modules/strip-ansi
1467 silly ADD node_modules/wrap-ansi-cjs/node_modules/string-width
1468 silly ADD node_modules/wrap-ansi-cjs/node_modules/emoji-regex
1469 silly ADD node_modules/wrap-ansi-cjs/node_modules/ansi-regex
1470 silly ADD node_modules/wrap-ansi
1471 silly ADD node_modules/wrap-ansi/node_modules/ansi-styles
1472 silly ADD node_modules/wkx
1473 silly ADD node_modules/with
1474 silly ADD node_modules/wildcard
1475 silly ADD node_modules/widest-line
1476 silly ADD node_modules/wide-align
1477 silly ADD node_modules/wide-align/node_modules/strip-ansi
1478 silly ADD node_modules/wide-align/node_modules/string-width
1479 silly ADD node_modules/wide-align/node_modules/emoji-regex
1480 silly ADD node_modules/wide-align/node_modules/ansi-regex
1481 silly ADD node_modules/why-is-node-running
1482 silly ADD node_modules/which
1483 silly ADD node_modules/webpack-sources
1484 silly ADD node_modules/webpack-merge
1485 silly ADD node_modules/webpack-cli
1486 silly ADD node_modules/webpack-cli/node_modules/interpret
1487 silly ADD node_modules/webpack
1488 silly ADD node_modules/webpack/node_modules/mime-db
1489 silly ADD node_modules/webpack/node_modules/acorn-import-phases
1490 silly ADD node_modules/webpack/node_modules/acorn
1491 silly ADD node_modules/watchpack
1492 silly ADD node_modules/walker
1493 silly ADD node_modules/void-elements
1494 silly ADD node_modules/vitest
1495 silly ADD node_modules/vitest/node_modules/picomatch
1496 silly ADD node_modules/vite
1497 silly ADD node_modules/vite/node_modules/picomatch
1498 silly ADD node_modules/vary
1499 silly ADD node_modules/validator
1500 silly ADD node_modules/validate-npm-package-name
1501 silly ADD node_modules/validate-npm-package-license
1502 silly ADD node_modules/uuid
1503 silly ADD node_modules/util-deprecate
1504 silly ADD node_modules/update-notifier
1505 silly ADD node_modules/update-notifier/node_modules/chalk
1506 silly ADD node_modules/update-browserslist-db
1507 silly ADD node_modules/untildify
1508 silly ADD node_modules/universalify
1509 silly ADD node_modules/unique-string
1510 silly ADD node_modules/unique-slug
1511 silly ADD node_modules/unique-filename
1512 silly ADD node_modules/undici-types
1513 silly ADD node_modules/umzug
1514 silly ADD node_modules/uc.micro
1515 silly ADD node_modules/typedarray-to-buffer
1516 silly ADD node_modules/type-is
1517 silly ADD node_modules/type-fest
1518 silly ADD node_modules/tunnel-agent
1519 silly ADD node_modules/tuf-js
1520 silly ADD node_modules/tslib
1521 silly ADD node_modules/tree-kill
1522 silly ADD node_modules/toposort-class
1523 silly ADD node_modules/token-stream
1524 silly ADD node_modules/toidentifier
1525 silly ADD node_modules/toad-cache
1526 silly ADD node_modules/to-regex-range
1527 silly ADD node_modules/tmpl
1528 silly ADD node_modules/tinyrainbow
1529 silly ADD node_modules/tinyglobby
1530 silly ADD node_modules/tinyglobby/node_modules/picomatch
1531 silly ADD node_modules/tinyglobby/node_modules/fdir
1532 silly ADD node_modules/tinyexec
1533 silly ADD node_modules/tinybench
1534 silly ADD node_modules/tildify
1535 silly ADD node_modules/thread-stream
1536 silly ADD node_modules/terser-webpack-plugin
1537 silly ADD node_modules/terser
1538 silly ADD node_modules/terser/node_modules/commander
1539 silly ADD node_modules/terser/node_modules/acorn
1540 silly ADD node_modules/tarn
1541 silly ADD node_modules/tar-stream
1542 silly ADD node_modules/tar-fs
1543 silly ADD node_modules/tar-fs/node_modules/chownr
1544 silly ADD node_modules/tar
1545 silly ADD node_modules/tar/node_modules/minipass
1546 silly ADD node_modules/tar/node_modules/fs-minipass
1547 silly ADD node_modules/tar/node_modules/fs-minipass/node_modules/minipass
1548 silly ADD node_modules/tapable
1549 silly ADD node_modules/supports-preserve-symlinks-flag
1550 silly ADD node_modules/supports-color
1551 silly ADD node_modules/style-loader
1552 silly ADD node_modules/strip-json-comments
1553 silly ADD node_modules/strip-ansi-cjs
1554 silly ADD node_modules/strip-ansi-cjs/node_modules/ansi-regex
1555 silly ADD node_modules/strip-ansi
1556 silly ADD node_modules/string-width-cjs
1557 silly ADD node_modules/string-width-cjs/node_modules/strip-ansi
1558 silly ADD node_modules/string-width-cjs/node_modules/emoji-regex
1559 silly ADD node_modules/string-width-cjs/node_modules/ansi-regex
1560 silly ADD node_modules/string-width
1561 silly ADD node_modules/string_decoder
1562 silly ADD node_modules/std-env
1563 silly ADD node_modules/statuses
1564 silly ADD node_modules/stackback
1565 silly ADD node_modules/stack-trace
1566 silly ADD node_modules/ssri
1567 silly ADD node_modules/sqlite3
1568 silly ADD node_modules/sqlite3/node_modules/unique-slug
1569 silly ADD node_modules/sqlite3/node_modules/unique-filename
1570 silly ADD node_modules/sqlite3/node_modules/ssri
1571 silly ADD node_modules/sqlite3/node_modules/socks-proxy-agent
1572 silly ADD node_modules/sqlite3/node_modules/rimraf
1573 silly ADD node_modules/sqlite3/node_modules/nopt
1574 silly ADD node_modules/sqlite3/node_modules/node-gyp
1575 silly ADD node_modules/sqlite3/node_modules/node-addon-api
1576 silly ADD node_modules/sqlite3/node_modules/minipass-fetch
1577 silly ADD node_modules/sqlite3/node_modules/minipass
1578 silly ADD node_modules/sqlite3/node_modules/minimatch
1579 silly ADD node_modules/sqlite3/node_modules/make-fetch-happen
1580 silly ADD node_modules/sqlite3/node_modules/lru-cache
1581 silly ADD node_modules/sqlite3/node_modules/http-proxy-agent
1582 silly ADD node_modules/sqlite3/node_modules/glob
1583 silly ADD node_modules/sqlite3/node_modules/fs-minipass
1584 silly ADD node_modules/sqlite3/node_modules/cacache
1585 silly ADD node_modules/sqlite3/node_modules/brace-expansion
1586 silly ADD node_modules/sqlite3/node_modules/@tootallnate/once
1587 silly ADD node_modules/sqlite3/node_modules/@npmcli/move-file
1588 silly ADD node_modules/sqlite3/node_modules/@npmcli/fs
1589 silly ADD node_modules/split2
1590 silly ADD node_modules/spdx-license-ids
1591 silly ADD node_modules/spdx-expression-parse
1592 silly ADD node_modules/spdx-exceptions
1593 silly ADD node_modules/spdx-correct
1594 silly ADD node_modules/spawn-please
1595 silly ADD node_modules/spawn-command
1596 silly ADD node_modules/source-map-support
1597 silly ADD node_modules/source-map-js
1598 silly ADD node_modules/source-map
1599 silly ADD node_modules/sonic-boom
1600 silly ADD node_modules/sodium-native
1601 silly ADD node_modules/socks-proxy-agent
1602 silly ADD node_modules/socks
1603 silly ADD node_modules/smart-buffer
1604 silly ADD node_modules/slash
1605 silly ADD node_modules/sisteransi
1606 silly ADD node_modules/simple-get
1607 silly ADD node_modules/simple-concat
1608 silly ADD node_modules/sigstore
1609 silly ADD node_modules/signal-exit
1610 silly ADD node_modules/siginfo
1611 silly ADD node_modules/side-channel-weakmap
1612 silly ADD node_modules/side-channel-map
1613 silly ADD node_modules/side-channel-list
1614 silly ADD node_modules/side-channel
1615 silly ADD node_modules/shell-quote
1616 silly ADD node_modules/shebang-regex
1617 silly ADD node_modules/shebang-command
1618 silly ADD node_modules/shallow-clone
1619 silly ADD node_modules/setprototypeof
1620 silly ADD node_modules/set-cookie-parser
1621 silly ADD node_modules/set-blocking
1622 silly ADD node_modules/sequelize-pool
1623 silly ADD node_modules/sequelize-cli
1624 silly ADD node_modules/sequelize-cli/node_modules/yargs-parser
1625 silly ADD node_modules/sequelize-cli/node_modules/yargs
1626 silly ADD node_modules/sequelize-cli/node_modules/wrap-ansi
1627 silly ADD node_modules/sequelize-cli/node_modules/strip-ansi
1628 silly ADD node_modules/sequelize-cli/node_modules/string-width
1629 silly ADD node_modules/sequelize-cli/node_modules/emoji-regex
1630 silly ADD node_modules/sequelize-cli/node_modules/cliui
1631 silly ADD node_modules/sequelize-cli/node_modules/ansi-regex
1632 silly ADD node_modules/sequelize
1633 silly ADD node_modules/semver-utils
1634 silly ADD node_modules/semver-diff
1635 silly ADD node_modules/semver
1636 silly ADD node_modules/secure-json-parse
1637 silly ADD node_modules/schema-utils
1638 silly ADD node_modules/safer-buffer
1639 silly ADD node_modules/safe-stable-stringify
1640 silly ADD node_modules/safe-regex2
1641 silly ADD node_modules/safe-buffer
1642 silly ADD node_modules/rxjs
1643 silly ADD node_modules/run-parallel
1644 silly ADD node_modules/rolldown
1645 silly ADD
1646 silly ADD
1647 silly ADD
1648 silly ADD
1649 silly ADD
1650 silly ADD node_modules/rimraf
1651 silly ADD node_modules/rfdc
1652 silly ADD node_modules/reusify
1653 silly ADD node_modules/retry-as-promised
1654 silly ADD node_modules/retry
1655 silly ADD node_modules/ret
1656 silly ADD node_modules/responselike
1657 silly ADD node_modules/resolve-from
1658 silly ADD node_modules/resolve-cwd
1659 silly ADD node_modules/resolve-alpn
1660 silly ADD node_modules/resolve
1661 silly ADD node_modules/require-from-string
1662 silly ADD node_modules/require-directory
1663 silly ADD node_modules/require-addon
1664 silly ADD node_modules/remote-git-tags
1665 silly ADD node_modules/registry-url
1666 silly ADD node_modules/registry-auth-token
1667 silly ADD node_modules/rechoir
1668 silly ADD node_modules/real-require
1669 silly ADD node_modules/readdirp
1670 silly ADD node_modules/readable-stream
1671 silly ADD node_modules/read-package-json-fast
1672 silly ADD node_modules/read-package-json
1673 silly ADD node_modules/rc-config-loader
1674 silly ADD node_modules/rc-config-loader/node_modules/ms
1675 silly ADD node_modules/rc-config-loader/node_modules/debug
1676 silly ADD node_modules/rc
1677 silly ADD node_modules/rc/node_modules/strip-json-comments
1678 silly ADD node_modules/rc/node_modules/ini
1679 silly ADD node_modules/quick-lru
1680 silly ADD node_modules/quick-format-unescaped
1681 silly ADD node_modules/queue-microtask
1682 silly ADD node_modules/qs
1683 silly ADD node_modules/pupa
1684 silly ADD node_modules/pump
1685 silly ADD node_modules/pug-walk
1686 silly ADD node_modules/pug-strip-comments
1687 silly ADD node_modules/pug-runtime
1688 silly ADD node_modules/pug-parser
1689 silly ADD node_modules/pug-load
1690 silly ADD node_modules/pug-linker
1691 silly ADD node_modules/pug-lexer
1692 silly ADD node_modules/pug-filters
1693 silly ADD node_modules/pug-error
1694 silly ADD node_modules/pug-code-gen
1695 silly ADD node_modules/pug-attrs
1696 silly ADD node_modules/pug
1697 silly ADD node_modules/proxy-addr
1698 silly ADD node_modules/proto-list
1699 silly ADD node_modules/prompts-ncu
1700 silly ADD node_modules/promise-retry
1701 silly ADD node_modules/promise-inflight
1702 silly ADD node_modules/promise
1703 silly ADD node_modules/progress
1704 silly ADD node_modules/process-warning
1705 silly ADD node_modules/process
1706 silly ADD node_modules/proc-log
1707 silly ADD node_modules/prebuild-install
1708 silly ADD node_modules/postgres-interval
1709 silly ADD node_modules/postgres-date
1710 silly ADD node_modules/postgres-bytea
1711 silly ADD node_modules/postgres-array
1712 silly ADD node_modules/postcss-value-parser
1713 silly ADD node_modules/postcss-selector-parser
1714 silly ADD node_modules/postcss-modules-values
1715 silly ADD node_modules/postcss-modules-scope
1716 silly ADD node_modules/postcss-modules-local-by-default
1717 silly ADD node_modules/postcss-modules-extract-imports
1718 silly ADD node_modules/postcss
1719 silly ADD node_modules/pkg-up
1720 silly ADD node_modules/pkg-up/node_modules/path-exists
1721 silly ADD node_modules/pkg-up/node_modules/p-locate
1722 silly ADD node_modules/pkg-up/node_modules/p-limit
1723 silly ADD node_modules/pkg-up/node_modules/locate-path
1724 silly ADD node_modules/pkg-up/node_modules/find-up
1725 silly ADD node_modules/pkg-dir
1726 silly ADD node_modules/pkg-dir/node_modules/p-locate
1727 silly ADD node_modules/pkg-dir/node_modules/p-limit
1728 silly ADD node_modules/pkg-dir/node_modules/locate-path
1729 silly ADD node_modules/pkg-dir/node_modules/find-up
1730 silly ADD node_modules/pino-std-serializers
1731 silly ADD node_modules/pino-pretty
1732 silly ADD node_modules/pino-pretty/node_modules/strip-json-comments
1733 silly ADD node_modules/pino-pretty/node_modules/readable-stream
1734 silly ADD node_modules/pino-pretty/node_modules/help-me
1735 silly ADD node_modules/pino-pretty/node_modules/buffer
1736 silly ADD node_modules/pino-abstract-transport
1737 silly ADD node_modules/pino-abstract-transport/node_modules/split2
1738 silly ADD node_modules/pino
1739 silly ADD node_modules/pino/node_modules/process-warning
1740 silly ADD node_modules/picomatch
1741 silly ADD node_modules/picocolors
1742 silly ADD node_modules/pgpass
1743 silly ADD node_modules/pgpass/node_modules/split2
1744 silly ADD node_modules/pg-types
1745 silly ADD node_modules/pg-protocol
1746 silly ADD node_modules/pg-pool
1747 silly ADD node_modules/pg-int8
1748 silly ADD node_modules/pg-connection-string
1749 silly ADD node_modules/pg-cloudflare
1750 silly ADD node_modules/pg
1751 silly ADD node_modules/pg/node_modules/pg-connection-string
1752 silly ADD node_modules/pathe
1753 silly ADD node_modules/path-type
1754 silly ADD node_modules/path-to-regexp
1755 silly ADD node_modules/path-scurry
1756 silly ADD node_modules/path-scurry/node_modules/lru-cache
1757 silly ADD node_modules/path-parse
1758 silly ADD node_modules/path-key
1759 silly ADD node_modules/path-is-absolute
1760 silly ADD node_modules/path-exists
1761 silly ADD node_modules/parse-github-url
1762 silly ADD node_modules/pacote
1763 silly ADD node_modules/pacote/node_modules/minipass
1764 silly ADD node_modules/package-json-from-dist
1765 silly ADD node_modules/package-json
1766 silly ADD node_modules/p-try
1767 silly ADD node_modules/p-map
1768 silly ADD node_modules/p-locate
1769 silly ADD node_modules/p-limit
1770 silly ADD node_modules/p-cancelable
1771 silly ADD node_modules/once
1772 silly ADD node_modules/on-exit-leak-free
1773 silly ADD node_modules/obug
1774 silly ADD node_modules/objection-unique
1775 silly ADD node_modules/objection
1776 silly ADD node_modules/object-inspect
1777 silly ADD node_modules/object-assign
1778 silly ADD node_modules/npmlog
1779 silly ADD node_modules/npm-registry-fetch
1780 silly ADD node_modules/npm-registry-fetch/node_modules/minipass
1781 silly ADD node_modules/npm-pick-manifest
1782 silly ADD node_modules/npm-packlist
1783 silly ADD node_modules/npm-package-arg
1784 silly ADD node_modules/npm-package-arg/node_modules/hosted-git-info
1785 silly ADD node_modules/npm-normalize-package-bin
1786 silly ADD node_modules/npm-install-checks
1787 silly ADD node_modules/npm-check-updates
1788 silly ADD node_modules/npm-check-updates/node_modules/chalk
1789 silly ADD node_modules/npm-bundled
1790 silly ADD node_modules/normalize-url
1791 silly ADD node_modules/normalize-path
1792 silly ADD node_modules/normalize-package-data
1793 silly ADD node_modules/normalize-package-data/node_modules/hosted-git-info
1794 silly ADD node_modules/nopt
1795 silly ADD node_modules/node-releases
1796 silly ADD node_modules/node-gyp
1797 silly ADD node_modules/node-gyp/node_modules/unique-slug
1798 silly ADD node_modules/node-gyp/node_modules/unique-filename
1799 silly ADD node_modules/node-gyp/node_modules/ssri
1800 silly ADD node_modules/node-gyp/node_modules/rimraf
1801 silly ADD node_modules/node-gyp/node_modules/minipass-fetch
1802 silly ADD node_modules/node-gyp/node_modules/minipass
1803 silly ADD node_modules/node-gyp/node_modules/minimatch
1804 silly ADD node_modules/node-gyp/node_modules/make-fetch-happen
1805 silly ADD node_modules/node-gyp/node_modules/glob
1806 silly ADD node_modules/node-gyp/node_modules/fs-minipass
1807 silly ADD node_modules/node-gyp/node_modules/cacache
1808 silly ADD node_modules/node-gyp/node_modules/cacache/node_modules/minimatch
1809 silly ADD node_modules/node-gyp/node_modules/cacache/node_modules/glob
1810 silly ADD node_modules/node-gyp/node_modules/cacache/node_modules/brace-expansion
1811 silly ADD node_modules/node-gyp/node_modules/brace-expansion
1812 silly ADD node_modules/node-gyp/node_modules/@npmcli/fs
1813 silly ADD node_modules/node-addon-api
1814 silly ADD node_modules/node-abi
1815 silly ADD node_modules/neo-async
1816 silly ADD node_modules/negotiator
1817 silly ADD node_modules/napi-build-utils
1818 silly ADD node_modules/nanoid
1819 silly ADD node_modules/mustache
1820 silly ADD node_modules/ms
1821 silly ADD node_modules/moment-timezone
1822 silly ADD node_modules/moment
1823 silly ADD node_modules/mkdirp-classic
1824 silly ADD node_modules/mkdirp
1825 silly ADD node_modules/minizlib
1826 silly ADD node_modules/minizlib/node_modules/minipass
1827 silly ADD node_modules/minipass-sized
1828 silly ADD node_modules/minipass-sized/node_modules/minipass
1829 silly ADD node_modules/minipass-pipeline
1830 silly ADD node_modules/minipass-pipeline/node_modules/minipass
1831 silly ADD node_modules/minipass-json-stream
1832 silly ADD node_modules/minipass-json-stream/node_modules/minipass
1833 silly ADD node_modules/minipass-flush
1834 silly ADD node_modules/minipass-flush/node_modules/minipass
1835 silly ADD node_modules/minipass-fetch
1836 silly ADD node_modules/minipass-collect
1837 silly ADD node_modules/minipass-collect/node_modules/minipass
1838 silly ADD node_modules/minipass
1839 silly ADD node_modules/minimist
1840 silly ADD node_modules/minimatch
1841 silly ADD node_modules/mini-css-extract-plugin
1842 silly ADD node_modules/mimic-response
1843 silly ADD node_modules/mime-types
1844 silly ADD node_modules/mime-db
1845 silly ADD node_modules/mime
1846 silly ADD node_modules/micromatch
1847 silly ADD node_modules/merge2
1848 silly ADD node_modules/merge-stream
1849 silly ADD node_modules/media-typer
1850 silly ADD node_modules/mdurl
1851 silly ADD node_modules/math-intrinsics
1852 silly ADD node_modules/markdown-it
1853 silly ADD node_modules/makeerror
1854 silly ADD node_modules/make-fetch-happen
1855 silly ADD node_modules/make-fetch-happen/node_modules/minipass
1856 silly ADD node_modules/magic-string
1857 silly ADD node_modules/lru-cache
1858 silly ADD node_modules/lowercase-keys
1859 silly ADD node_modules/lodash.isempty
1860 silly ADD node_modules/lodash.compact
1861 silly ADD node_modules/lodash.castarray
1862 silly ADD node_modules/lodash
1863 silly ADD node_modules/locate-path
1864 silly ADD node_modules/loader-runner
1865 silly ADD node_modules/linkify-it
1866 silly ADD
1867 silly ADD
1868 silly ADD
1869 silly ADD
1870 silly ADD node_modules/lightningcss-linux-arm64-musl
1871 silly ADD node_modules/lightningcss-linux-arm64-gnu
1872 silly ADD
1873 silly ADD
1874 silly ADD
1875 silly ADD
1876 silly ADD
1877 silly ADD node_modules/lightningcss
1878 silly ADD node_modules/light-my-request
1879 silly ADD node_modules/latest-version
1880 silly ADD node_modules/knex
1881 silly ADD node_modules/kleur
1882 silly ADD node_modules/kind-of
1883 silly ADD node_modules/keyv
1884 silly ADD node_modules/jstransformer-markdown-it
1885 silly ADD node_modules/jstransformer
1886 silly ADD node_modules/jsonparse
1887 silly ADD node_modules/jsonlines
1888 silly ADD node_modules/jsonfile
1889 silly ADD node_modules/json5
1890 silly ADD node_modules/json-schema-traverse
1891 silly ADD node_modules/json-schema-ref-resolver
1892 silly ADD node_modules/json-parse-helpfulerror
1893 silly ADD node_modules/json-parse-even-better-errors
1894 silly ADD node_modules/json-buffer
1895 silly ADD node_modules/js-yaml
1896 silly ADD node_modules/js-stringify
1897 silly ADD node_modules/js-cookie
1898 silly ADD node_modules/js-beautify
1899 silly ADD node_modules/js-beautify/node_modules/nopt
1900 silly ADD node_modules/js-beautify/node_modules/abbrev
1901 silly ADD node_modules/jquery
1902 silly ADD node_modules/joycon
1903 silly ADD node_modules/jju
1904 silly ADD node_modules/jest-worker
1905 silly ADD node_modules/jackspeak
1906 silly ADD node_modules/isobject
1907 silly ADD node_modules/isexe
1908 silly ADD node_modules/isbinaryfile
1909 silly ADD node_modules/is-yarn-global
1910 silly ADD node_modules/is-typedarray
1911 silly ADD node_modules/is-regex
1912 silly ADD node_modules/is-promise
1913 silly ADD node_modules/is-plain-object
1914 silly ADD node_modules/is-path-inside
1915 silly ADD node_modules/is-obj
1916 silly ADD node_modules/is-number
1917 silly ADD node_modules/is-npm
1918 silly ADD node_modules/is-lambda
1919 silly ADD node_modules/is-installed-globally
1920 silly ADD node_modules/is-glob
1921 silly ADD node_modules/is-fullwidth-code-point
1922 silly ADD node_modules/is-extglob
1923 silly ADD node_modules/is-expression
1924 silly ADD node_modules/is-docker
1925 silly ADD node_modules/is-core-module
1926 silly ADD node_modules/is-ci
1927 silly ADD node_modules/is-binary-path
1928 silly ADD node_modules/ipaddr.js
1929 silly ADD node_modules/ip-address
1930 silly ADD node_modules/interpret
1931 silly ADD node_modules/ini
1932 silly ADD node_modules/inherits
1933 silly ADD node_modules/inflight
1934 silly ADD node_modules/inflection
1935 silly ADD node_modules/infer-owner
1936 silly ADD node_modules/indent-string
1937 silly ADD node_modules/imurmurhash
1938 silly ADD node_modules/import-local
1939 silly ADD node_modules/import-lazy
1940 silly ADD node_modules/ignore-walk
1941 silly ADD node_modules/ignore
1942 silly ADD node_modules/ieee754
1943 silly ADD node_modules/icss-utils
1944 silly ADD node_modules/iconv-lite
1945 silly ADD node_modules/i18next
1946 silly ADD node_modules/humanize-ms
1947 silly ADD node_modules/https-proxy-agent
1948 silly ADD node_modules/http2-wrapper
1949 silly ADD node_modules/http-proxy-agent
1950 silly ADD node_modules/http-errors
1951 silly ADD node_modules/http-cache-semantics
1952 silly ADD node_modules/hosted-git-info
1953 silly ADD node_modules/help-me
1954 silly ADD node_modules/help-me/node_modules/minimatch
1955 silly ADD node_modules/help-me/node_modules/glob
1956 silly ADD node_modules/hasown
1957 silly ADD node_modules/has-yarn
1958 silly ADD node_modules/has-unicode
1959 silly ADD node_modules/has-tostringtag
1960 silly ADD node_modules/has-symbols
1961 silly ADD node_modules/has-flag
1962 silly ADD node_modules/graceful-fs
1963 silly ADD node_modules/got
1964 silly ADD node_modules/gopd
1965 silly ADD node_modules/globby
1966 silly ADD node_modules/global-dirs
1967 silly ADD node_modules/global-dirs/node_modules/ini
1968 silly ADD node_modules/glob-to-regexp
1969 silly ADD node_modules/glob-parent
1970 silly ADD node_modules/glob
1971 silly ADD node_modules/github-from-package
1972 silly ADD node_modules/getopts
1973 silly ADD node_modules/get-stream
1974 silly ADD node_modules/get-stdin
1975 silly ADD node_modules/get-proto
1976 silly ADD node_modules/get-package-type
1977 silly ADD node_modules/get-intrinsic
1978 silly ADD node_modules/get-caller-file
1979 silly ADD node_modules/generify
1980 silly ADD node_modules/gauge
1981 silly ADD node_modules/gauge/node_modules/strip-ansi
1982 silly ADD node_modules/gauge/node_modules/string-width
1983 silly ADD node_modules/gauge/node_modules/signal-exit
1984 silly ADD node_modules/gauge/node_modules/emoji-regex
1985 silly ADD node_modules/gauge/node_modules/ansi-regex
1986 silly ADD node_modules/function-bind
1987 silly ADD
1988 silly ADD node_modules/fs.realpath
1989 silly ADD node_modules/fs-minipass
1990 silly ADD node_modules/fs-extra
1991 silly ADD node_modules/fs-constants
1992 silly ADD node_modules/fp-and-or
1993 silly ADD node_modules/forwarded
1994 silly ADD node_modules/form-data-encoder
1995 silly ADD node_modules/foreground-child
1996 silly ADD node_modules/flat
1997 silly ADD node_modules/find-up
1998 silly ADD node_modules/find-my-way
1999 silly ADD node_modules/fill-range
2000 silly ADD node_modules/file-uri-to-path
2001 silly ADD node_modules/fastq
2002 silly ADD node_modules/fastify-reverse-routes
2003 silly ADD node_modules/fastify-reverse-routes/node_modules/fastify-plugin
2004 silly ADD node_modules/fastify-plugin
2005 silly ADD node_modules/fastify-objectionjs
2006 silly ADD node_modules/fastify-objectionjs/node_modules/pg-connection-string
2007 silly ADD node_modules/fastify-objectionjs/node_modules/knex
2008 silly ADD node_modules/fastify-method-override
2009 silly ADD node_modules/fastify-error-page
2010 silly ADD node_modules/fastify-error-page/node_modules/fastify-plugin
2011 silly ADD node_modules/fastify-cli
2012 silly ADD node_modules/fastify
2013 silly ADD node_modules/fastest-levenshtein
2014 silly ADD node_modules/fast-uri
2015 silly ADD node_modules/fast-safe-stringify
2016 silly ADD node_modules/fast-querystring
2017 silly ADD node_modules/fast-memoize
2018 silly ADD node_modules/fast-json-stringify
2019 silly ADD node_modules/fast-json-stringify/node_modules/ajv-formats
2020 silly ADD node_modules/fast-glob
2021 silly ADD node_modules/fast-deep-equal
2022 silly ADD node_modules/fast-decode-uri-component
2023 silly ADD node_modules/fast-copy
2024 silly ADD node_modules/fast-content-type-parse
2025 silly ADD node_modules/exponential-backoff
2026 silly ADD node_modules/expect-type
2027 silly ADD node_modules/expand-template
2028 silly ADD node_modules/events
2029 silly ADD node_modules/event-target-shim
2030 silly ADD node_modules/estree-walker
2031 silly ADD node_modules/estraverse
2032 silly ADD node_modules/esrecurse
2033 silly ADD node_modules/esrecurse/node_modules/estraverse
2034 silly ADD node_modules/esm
2035 silly ADD node_modules/eslint-scope
2036 silly ADD node_modules/escape-html
2037 silly ADD node_modules/escape-goat
2038 silly ADD node_modules/escalade
2039 silly ADD node_modules/es-object-atoms
2040 silly ADD node_modules/es-module-lexer
2041 silly ADD node_modules/es-errors
2042 silly ADD node_modules/es-define-property
2043 silly ADD node_modules/err-code
2044 silly ADD node_modules/envinfo
2045 silly ADD node_modules/env-paths
2046 silly ADD node_modules/entities
2047 silly ADD node_modules/enhanced-resolve
2048 silly ADD node_modules/end-of-stream
2049 silly ADD node_modules/encoding
2050 silly ADD node_modules/emoji-regex
2051 silly ADD node_modules/electron-to-chromium
2052 silly ADD node_modules/editorconfig
2053 silly ADD node_modules/eastasianwidth
2054 silly ADD node_modules/dunder-proto
2055 silly ADD node_modules/dottie
2056 silly ADD node_modules/dotenv
2057 silly ADD node_modules/dot-prop
2058 silly ADD node_modules/doctypes
2059 silly ADD node_modules/dir-glob
2060 silly ADD node_modules/detect-libc
2061 silly ADD node_modules/depd
2062 silly ADD node_modules/delegates
2063 silly ADD node_modules/defer-to-connect
2064 silly ADD node_modules/deep-extend
2065 silly ADD node_modules/decompress-response
2066 silly ADD node_modules/debug
2067 silly ADD node_modules/db-errors
2068 silly ADD node_modules/dateformat
2069 silly ADD node_modules/date-fns
2070 silly ADD node_modules/cssesc
2071 silly ADD node_modules/css-loader
2072 silly ADD node_modules/crypto-random-string
2073 silly ADD node_modules/crypto-random-string/node_modules/type-fest
2074 silly ADD node_modules/cross-spawn
2075 silly ADD node_modules/cookie-signature
2076 silly ADD node_modules/cookie
2077 silly ADD node_modules/convert-source-map
2078 silly ADD node_modules/content-disposition
2079 silly ADD node_modules/constantinople
2080 silly ADD node_modules/console-control-strings
2081 silly ADD node_modules/configstore
2082 silly ADD node_modules/config-chain
2083 silly ADD node_modules/config-chain/node_modules/ini
2084 silly ADD node_modules/concurrently
2085 silly ADD node_modules/concat-map
2086 silly ADD node_modules/commist
2087 silly ADD node_modules/commander
2088 silly ADD node_modules/colorette
2089 silly ADD node_modules/color-support
2090 silly ADD node_modules/color-name
2091 silly ADD node_modules/color-convert
2092 silly ADD node_modules/close-with-grace
2093 silly ADD node_modules/clone-deep
2094 silly ADD node_modules/cliui
2095 silly ADD node_modules/cliui/node_modules/wrap-ansi
2096 silly ADD node_modules/cliui/node_modules/strip-ansi
2097 silly ADD node_modules/cliui/node_modules/string-width
2098 silly ADD node_modules/cliui/node_modules/emoji-regex
2099 silly ADD node_modules/cliui/node_modules/ansi-regex
2100 silly ADD node_modules/cli-table3
2101 silly ADD node_modules/cli-table3/node_modules/strip-ansi
2102 silly ADD node_modules/cli-table3/node_modules/string-width
2103 silly ADD node_modules/cli-table3/node_modules/emoji-regex
2104 silly ADD node_modules/cli-table3/node_modules/ansi-regex
2105 silly ADD node_modules/cli-boxes
2106 silly ADD node_modules/clean-stack
2107 silly ADD node_modules/ci-info
2108 silly ADD node_modules/chrome-trace-event
2109 silly ADD node_modules/chownr
2110 silly ADD node_modules/chokidar
2111 silly ADD node_modules/character-parser
2112 silly ADD node_modules/chalk
2113 silly ADD node_modules/chalk/node_modules/supports-color
2114 silly ADD node_modules/chai
2115 silly ADD node_modules/caniuse-lite
2116 silly ADD node_modules/camelcase
2117 silly ADD node_modules/call-bound
2118 silly ADD node_modules/call-bind-apply-helpers
2119 silly ADD node_modules/cacheable-request
2120 silly ADD node_modules/cacheable-request/node_modules/mimic-response
2121 silly ADD node_modules/cacheable-lookup
2122 silly ADD node_modules/cacache
2123 silly ADD node_modules/buffer-from
2124 silly ADD node_modules/buffer
2125 silly ADD node_modules/browserslist
2126 silly ADD node_modules/braces
2127 silly ADD node_modules/brace-expansion
2128 silly ADD node_modules/boxen
2129 silly ADD node_modules/boxen/node_modules/chalk
2130 silly ADD node_modules/bootstrap
2131 silly ADD node_modules/bluebird
2132 silly ADD node_modules/bl
2133 silly ADD node_modules/bindings
2134 silly ADD node_modules/binary-extensions
2135 silly ADD node_modules/better-sqlite3
2136 silly ADD node_modules/baseline-browser-mapping
2137 silly ADD node_modules/base64-js
2138 silly ADD node_modules/bare-semver
2139 silly ADD node_modules/bare-module-resolve
2140 silly ADD node_modules/bare-addon-resolve
2141 silly ADD node_modules/balanced-match
2142 silly ADD node_modules/babel-walk
2143 silly ADD node_modules/avvio
2144 silly ADD node_modules/atomic-sleep
2145 silly ADD node_modules/at-least-node
2146 silly ADD node_modules/assertion-error
2147 silly ADD node_modules/assert-never
2148 silly ADD node_modules/asap
2149 silly ADD node_modules/array-union
2150 silly ADD node_modules/argparse
2151 silly ADD node_modules/are-we-there-yet
2152 silly ADD node_modules/aproba
2153 silly ADD node_modules/anymatch
2154 silly ADD node_modules/ansi-styles
2155 silly ADD node_modules/ansi-regex
2156 silly ADD node_modules/ansi-align
2157 silly ADD node_modules/ansi-align/node_modules/strip-ansi
2158 silly ADD node_modules/ansi-align/node_modules/string-width
2159 silly ADD node_modules/ansi-align/node_modules/emoji-regex
2160 silly ADD node_modules/ansi-align/node_modules/ansi-regex
2161 silly ADD node_modules/ajv-keywords
2162 silly ADD node_modules/ajv-formats
2163 silly ADD node_modules/ajv
2164 silly ADD node_modules/ajv/node_modules/fast-uri
2165 silly ADD node_modules/aggregate-error
2166 silly ADD node_modules/agentkeepalive
2167 silly ADD node_modules/agent-base
2168 silly ADD node_modules/acorn
2169 silly ADD node_modules/abstract-logging
2170 silly ADD node_modules/abort-controller
2171 silly ADD node_modules/abbrev
2172 silly ADD node_modules/@xtuc/long
2173 silly ADD node_modules/@xtuc/ieee754
2174 silly ADD node_modules/@webpack-cli/serve
2175 silly ADD node_modules/@webpack-cli/info
2176 silly ADD node_modules/@webpack-cli/configtest
2177 silly ADD node_modules/@webassemblyjs/wast-printer
2178 silly ADD node_modules/@webassemblyjs/wasm-parser
2179 silly ADD node_modules/@webassemblyjs/wasm-opt
2180 silly ADD node_modules/@webassemblyjs/wasm-gen
2181 silly ADD node_modules/@webassemblyjs/wasm-edit
2182 silly ADD node_modules/@webassemblyjs/utf8
2183 silly ADD node_modules/@webassemblyjs/leb128
2184 silly ADD node_modules/@webassemblyjs/ieee754
2185 silly ADD node_modules/@webassemblyjs/helper-wasm-section
2186 silly ADD node_modules/@webassemblyjs/helper-wasm-bytecode
2187 silly ADD node_modules/@webassemblyjs/helper-numbers
2188 silly ADD node_modules/@webassemblyjs/helper-buffer
2189 silly ADD node_modules/@webassemblyjs/helper-api-error
2190 silly ADD node_modules/@webassemblyjs/floating-point-hex-parser
2191 silly ADD node_modules/@webassemblyjs/ast
2192 silly ADD node_modules/@vscode/sqlite3
2193 silly ADD node_modules/@vitest/utils
2194 silly ADD node_modules/@vitest/spy
2195 silly ADD node_modules/@vitest/snapshot
2196 silly ADD node_modules/@vitest/runner
2197 silly ADD node_modules/@vitest/pretty-format
2198 silly ADD node_modules/@vitest/mocker
2199 silly ADD node_modules/@vitest/expect
2200 silly ADD node_modules/@types/validator
2201 silly ADD node_modules/@types/stack-trace
2202 silly ADD node_modules/@types/semver-utils
2203 silly ADD node_modules/@types/node
2204 silly ADD node_modules/@types/ms
2205 silly ADD node_modules/@types/json-schema
2206 silly ADD node_modules/@types/http-cache-semantics
2207 silly ADD node_modules/@types/estree
2208 silly ADD node_modules/@types/deep-eql
2209 silly ADD node_modules/@types/debug
2210 silly ADD node_modules/@types/chai
2211 silly ADD node_modules/@tybys/wasm-util
2212 silly ADD node_modules/@tufjs/models
2213 silly ADD node_modules/@tufjs/canonical-json
2214 silly ADD node_modules/@tootallnate/once
2215 silly ADD node_modules/@szmarczak/http-timer
2216 silly ADD node_modules/@standard-schema/spec
2217 silly ADD node_modules/@sindresorhus/is
2218 silly ADD node_modules/@sigstore/tuf
2219 silly ADD node_modules/@sigstore/sign
2220 silly ADD node_modules/@sigstore/protobuf-specs
2221 silly ADD node_modules/@sigstore/bundle
2222 silly ADD node_modules/@rolldown/pluginutils
2223 silly ADD
2224 silly ADD
2225 silly ADD node_modules/@rolldown/binding-wasm32-wasi
2226 silly ADD
2227 silly ADD
2228 silly ADD
2229 silly ADD
2230 silly ADD
2231 silly ADD
2232 silly ADD
2233 silly ADD
2234 silly ADD
2235 silly ADD
2236 silly ADD
2237 silly ADD node_modules/@rails/ujs
2238 silly ADD node_modules/@popperjs/core
2239 silly ADD node_modules/@pnpm/npm-conf
2240 silly ADD node_modules/@pnpm/network.ca-file
2241 silly ADD node_modules/@pnpm/network.ca-file/node_modules/graceful-fs
2242 silly ADD node_modules/@pnpm/config.env-replace
2243 silly ADD node_modules/@pkgjs/parseargs
2244 silly ADD node_modules/@pinojs/redact
2245 silly ADD node_modules/@oxc-project/types
2246 silly ADD node_modules/@one-ini/wasm
2247 silly ADD node_modules/@npmcli/run-script
2248 silly ADD node_modules/@npmcli/run-script/node_modules/which
2249 silly ADD node_modules/@npmcli/promise-spawn
2250 silly ADD node_modules/@npmcli/promise-spawn/node_modules/which
2251 silly ADD node_modules/@npmcli/node-gyp
2252 silly ADD node_modules/@npmcli/move-file
2253 silly ADD node_modules/@npmcli/move-file/node_modules/rimraf
2254 silly ADD node_modules/@npmcli/move-file/node_modules/minimatch
2255 silly ADD node_modules/@npmcli/move-file/node_modules/glob
2256 silly ADD node_modules/@npmcli/move-file/node_modules/brace-expansion
2257 silly ADD node_modules/@npmcli/installed-package-contents
2258 silly ADD node_modules/@npmcli/git
2259 silly ADD node_modules/@npmcli/git/node_modules/which
2260 silly ADD node_modules/@npmcli/fs
2261 silly ADD node_modules/@nodelib/fs.walk
2262 silly ADD node_modules/@nodelib/fs.stat
2263 silly ADD node_modules/@nodelib/fs.scandir
2264 silly ADD node_modules/@napi-rs/wasm-runtime
2265 silly ADD node_modules/@lukeed/ms
2266 silly ADD node_modules/@jridgewell/trace-mapping
2267 silly ADD node_modules/@jridgewell/sourcemap-codec
2268 silly ADD node_modules/@jridgewell/source-map
2269 silly ADD node_modules/@jridgewell/resolve-uri
2270 silly ADD node_modules/@jridgewell/gen-mapping
2271 silly ADD node_modules/@isaacs/cliui
2272 silly ADD node_modules/@gar/promisify
2273 silly ADD node_modules/@fastify/view
2274 silly ADD node_modules/@fastify/static
2275 silly ADD node_modules/@fastify/sensible
2276 silly ADD node_modules/@fastify/send
2277 silly ADD node_modules/@fastify/send/node_modules/statuses
2278 silly ADD node_modules/@fastify/send/node_modules/http-errors
2279 silly ADD node_modules/@fastify/secure-session
2280 silly ADD node_modules/@fastify/merge-json-schemas
2281 silly ADD node_modules/@fastify/formbody
2282 silly ADD node_modules/@fastify/flash
2283 silly ADD node_modules/@fastify/fast-json-stringify-compiler
2284 silly ADD node_modules/@fastify/error
2285 silly ADD node_modules/@fastify/deepmerge
2286 silly ADD node_modules/@fastify/cookie
2287 silly ADD node_modules/@fastify/ajv-compiler
2288 silly ADD node_modules/@fastify/accept-negotiator
2289 silly ADD node_modules/@emnapi/wasi-threads
2290 silly ADD node_modules/@emnapi/runtime
2291 silly ADD node_modules/@emnapi/core
2292 silly ADD node_modules/@discoveryjs/json-ext
2293 silly ADD node_modules/@colors/colors
2294 silly ADD
2295 silly ADD
2296 silly ADD
2297 silly ADD
2298 silly ADD node_modules/@biomejs/cli-linux-arm64-musl
2299 silly ADD node_modules/@biomejs/cli-linux-arm64
2300 silly ADD
2301 silly ADD
2302 silly ADD node_modules/@biomejs/biome
2303 silly ADD node_modules/@babel/types
2304 silly ADD node_modules/@babel/runtime
2305 silly ADD node_modules/@babel/parser
2306 silly ADD node_modules/@babel/helper-validator-identifier
2307 silly ADD node_modules/@babel/helper-string-parser
2308 timing command:install Completed in 49270ms
2309 verbose exit 0
2310 timing npm Completed in 49342ms
2311 info ok
