0 verbose cli /usr/local/bin/node /usr/local/bin/npm
1 info using npm@10.5.0
2 info using node@v20.12.2
3 timing npm:load:whichnode Completed in 1ms
4 timing config:load:defaults Completed in 0ms
5 timing config:load:file:/usr/local/lib/node_modules/npm/npmrc Completed in 1ms
6 timing config:load:builtin Completed in 1ms
7 timing config:load:cli Completed in 1ms
8 timing config:load:env Completed in 0ms
9 timing config:load:project Completed in 0ms
10 timing config:load:file:/root/.npmrc Completed in 1ms
11 timing config:load:user Completed in 1ms
12 timing config:load:file:/usr/local/etc/npmrc Completed in 0ms
13 timing config:load:global Completed in 0ms
14 timing config:load:setEnvs Completed in 0ms
15 timing config:load Completed in 3ms
16 timing npm:load:configload Completed in 3ms
17 timing config:load:flatten Completed in 1ms
18 timing npm:load:mkdirpcache Completed in 2ms
19 timing npm:load:mkdirplogs Completed in 0ms
20 verbose title npm install @rolldown/binding-linux-arm64-gnu
21 verbose argv "install" "@rolldown/binding-linux-arm64-gnu"
22 timing npm:load:setTitle Completed in 0ms
23 timing npm:load:display Completed in 1ms
24 verbose logfile logs-max:10 dir:/root/.npm/_logs/2026-07-31T12_41_51_304Z-
25 verbose logfile /root/.npm/_logs/2026-07-31T12_41_51_304Z-debug-0.log
26 timing npm:load:logFile Completed in 3ms
27 timing npm:load:timers Completed in 0ms
28 timing npm:load:configScope Completed in 0ms
29 timing npm:load Completed in 16ms
30 timing arborist:ctor Completed in 0ms
31 silly logfile done cleaning log files
32 timing idealTree:init Completed in 99ms
33 timing idealTree:userRequests Completed in 0ms
34 silly idealTree buildDeps
35 silly fetch manifest @rolldown/binding-linux-arm64-gnu@*
36 timing arborist:ctor Completed in 0ms
37 http fetch GET 200 https://registry.npmjs.org/@rolldown%2fbinding-linux-arm64-gnu 821ms (cache miss)
38 silly placeDep ROOT @rolldown/binding-linux-arm64-gnu@1.2.1 REPLACE for: javascript-fastify-blog@0.1.0 want: *
39 timing idealTree:#root Completed in 835ms
40 timing idealTree:node_modules/@rolldown/binding-linux-arm64-gnu Completed in 0ms
41 silly fetch manifest @rolldown/binding-linux-arm64-gnu@1.0.3
42 silly placeDep node_modules/rolldown @rolldown/binding-linux-arm64-gnu@1.0.3 OK for: rolldown@1.0.3 want: 1.0.3
43 timing idealTree:node_modules/rolldown Completed in 1ms
44 timing idealTree:node_modules/rolldown/node_modules/@rolldown/binding-linux-arm64-gnu Completed in 0ms
45 timing idealTree:buildDeps Completed in 839ms
46 timing idealTree:fixDepFlags Completed in 3ms
47 warn EBADENGINE Unsupported engine {
47 warn EBADENGINE   package: 'javascript-fastify-blog@0.1.0',
47 warn EBADENGINE   required: { node: '>=26.0' },
47 warn EBADENGINE   current: { node: 'v20.12.2', npm: '10.5.0' }
47 warn EBADENGINE }
48 warn EBADENGINE Unsupported engine {
48 warn EBADENGINE   package: '@napi-rs/wasm-runtime@1.2.2',
48 warn EBADENGINE   required: { node: '^20.19.0 || ^22.13.0 || >=23.5.0' },
48 warn EBADENGINE   current: { node: 'v20.12.2', npm: '10.5.0' }
48 warn EBADENGINE }
49 warn EBADENGINE Unsupported engine {
49 warn EBADENGINE   package: '@rolldown/binding-wasm32-wasi@1.2.1',
49 warn EBADENGINE   required: { node: '^20.19.0 || ^22.13.0 || >=23.5.0' },
49 warn EBADENGINE   current: { node: 'v20.12.2', npm: '10.5.0' }
49 warn EBADENGINE }
50 warn EBADENGINE Unsupported engine {
50 warn EBADENGINE   package: 'rolldown@1.0.3',
50 warn EBADENGINE   required: { node: '^20.19.0 || >=22.12.0' },
50 warn EBADENGINE   current: { node: 'v20.12.2', npm: '10.5.0' }
50 warn EBADENGINE }
51 warn EBADENGINE Unsupported engine {
51 warn EBADENGINE   package: 'vite@8.0.16',
51 warn EBADENGINE   required: { node: '^20.19.0 || >=22.12.0' },
51 warn EBADENGINE   current: { node: 'v20.12.2', npm: '10.5.0' }
51 warn EBADENGINE }
52 warn EBADENGINE Unsupported engine {
52 warn EBADENGINE   package: '@rolldown/binding-linux-arm64-gnu@1.2.1',
52 warn EBADENGINE   required: { node: '^20.19.0 || >=22.12.0' },
52 warn EBADENGINE   current: { node: 'v20.12.2', npm: '10.5.0' }
52 warn EBADENGINE }
53 timing idealTree Completed in 1229ms
54 timing reify:loadTrees Completed in 1230ms
55 timing reify:diffTrees Completed in 27ms
56 silly reify moves {}
57 timing reify:retireShallow Completed in 0ms
58 timing reify:createSparse Completed in 7ms
59 timing reify:loadBundles Completed in 0ms
60 silly audit bulk request {
60 silly audit   '@babel/helper-string-parser': [ '7.29.7' ],
60 silly audit   '@babel/helper-validator-identifier': [ '7.29.7' ],
60 silly audit   '@babel/parser': [ '7.29.7' ],
60 silly audit   '@babel/runtime': [ '7.29.7' ],
60 silly audit   '@babel/types': [ '7.29.7' ],
60 silly audit   '@biomejs/biome': [ '2.4.16' ],
60 silly audit   '@biomejs/cli-darwin-arm64': [ '2.4.16' ],
60 silly audit   '@biomejs/cli-darwin-x64': [ '2.4.16' ],
60 silly audit   '@biomejs/cli-linux-arm64': [ '2.4.16' ],
60 silly audit   '@biomejs/cli-linux-arm64-musl': [ '2.4.16' ],
60 silly audit   '@biomejs/cli-linux-x64': [ '2.4.16' ],
60 silly audit   '@biomejs/cli-linux-x64-musl': [ '2.4.16' ],
60 silly audit   '@biomejs/cli-win32-arm64': [ '2.4.16' ],
60 silly audit   '@biomejs/cli-win32-x64': [ '2.4.16' ],
60 silly audit   '@colors/colors': [ '1.5.0' ],
60 silly audit   '@discoveryjs/json-ext': [ '0.5.7' ],
60 silly audit   '@emnapi/core': [ '2.0.0-alpha.3', '1.10.0' ],
60 silly audit   '@emnapi/runtime': [ '2.0.0-alpha.3', '1.10.0' ],
60 silly audit   '@emnapi/wasi-threads': [ '2.0.1', '1.2.1' ],
60 silly audit   '@fastify/accept-negotiator': [ '1.1.0' ],
60 silly audit   '@fastify/ajv-compiler': [ '3.6.0' ],
60 silly audit   '@fastify/cookie': [ '9.4.0' ],
60 silly audit   '@fastify/deepmerge': [ '2.0.2' ],
60 silly audit   '@fastify/error': [ '3.4.1' ],
60 silly audit   '@fastify/fast-json-stringify-compiler': [ '4.3.0' ],
60 silly audit   '@fastify/flash': [ '5.2.0' ],
60 silly audit   '@fastify/formbody': [ '7.4.0' ],
60 silly audit   '@fastify/merge-json-schemas': [ '0.1.1' ],
60 silly audit   '@fastify/secure-session': [ '7.5.1' ],
60 silly audit   '@fastify/send': [ '2.1.0' ],
60 silly audit   'http-errors': [ '2.0.0', '2.0.1' ],
60 silly audit   statuses: [ '2.0.1', '2.0.2' ],
60 silly audit   '@fastify/sensible': [ '5.6.0' ],
60 silly audit   '@fastify/static': [ '7.0.4' ],
60 silly audit   '@fastify/view': [ '9.1.0' ],
60 silly audit   '@gar/promisify': [ '1.1.3' ],
60 silly audit   '@isaacs/cliui': [ '8.0.2' ],
60 silly audit   '@jridgewell/gen-mapping': [ '0.3.13' ],
60 silly audit   '@jridgewell/resolve-uri': [ '3.1.2' ],
60 silly audit   '@jridgewell/source-map': [ '0.3.11' ],
60 silly audit   '@jridgewell/sourcemap-codec': [ '1.5.5' ],
60 silly audit   '@jridgewell/trace-mapping': [ '0.3.31' ],
60 silly audit   '@lukeed/ms': [ '2.0.2' ],
60 silly audit   '@napi-rs/wasm-runtime': [ '1.2.2' ],
60 silly audit   '@nodelib/fs.scandir': [ '2.1.5' ],
60 silly audit   '@nodelib/fs.stat': [ '2.0.5' ],
60 silly audit   '@nodelib/fs.walk': [ '1.2.8' ],
60 silly audit   '@npmcli/fs': [ '3.1.1', '2.1.2', '1.1.1' ],
60 silly audit   '@npmcli/git': [ '4.1.0' ],
60 silly audit   which: [ '3.0.1', '2.0.2' ],
60 silly audit   '@npmcli/installed-package-contents': [ '2.1.0' ],
60 silly audit   '@npmcli/move-file': [ '2.0.1', '1.1.2' ],
60 silly audit   'brace-expansion': [ '1.1.15', '2.1.1' ],
60 silly audit   glob: [ '7.2.3', '10.5.0', '8.1.0' ],
60 silly audit   minimatch: [ '3.1.5', '5.1.9', '9.0.9' ],
60 silly audit   rimraf: [ '3.0.2', '5.0.10' ],
60 silly audit   '@npmcli/node-gyp': [ '3.0.0' ],
60 silly audit   '@npmcli/promise-spawn': [ '6.0.2' ],
60 silly audit   '@npmcli/run-script': [ '6.0.2' ],
60 silly audit   '@one-ini/wasm': [ '0.1.1' ],
60 silly audit   '@oxc-project/types': [ '0.133.0' ],
60 silly audit   '@pinojs/redact': [ '0.4.0' ],
60 silly audit   '@pkgjs/parseargs': [ '0.11.0' ],
60 silly audit   '@pnpm/config.env-replace': [ '1.1.0' ],
60 silly audit   '@pnpm/network.ca-file': [ '1.0.2' ],
60 silly audit   'graceful-fs': [ '4.2.10', '4.2.11' ],
60 silly audit   '@pnpm/npm-conf': [ '3.0.2' ],
60 silly audit   '@popperjs/core': [ '2.11.8' ],
60 silly audit   '@rails/ujs': [ '7.1.3-4' ],
60 silly audit   '@rolldown/binding-android-arm64': [ '1.0.3' ],
60 silly audit   '@rolldown/binding-darwin-arm64': [ '1.0.3' ],
60 silly audit   '@rolldown/binding-darwin-x64': [ '1.0.3' ],
60 silly audit   '@rolldown/binding-freebsd-x64': [ '1.0.3' ],
60 silly audit   '@rolldown/binding-linux-arm-gnueabihf': [ '1.0.3' ],
60 silly audit   '@rolldown/binding-linux-arm64-musl': [ '1.0.3' ],
60 silly audit   '@rolldown/binding-linux-ppc64-gnu': [ '1.0.3' ],
60 silly audit   '@rolldown/binding-linux-s390x-gnu': [ '1.0.3' ],
60 silly audit   '@rolldown/binding-linux-x64-gnu': [ '1.0.3' ],
60 silly audit   '@rolldown/binding-linux-x64-musl': [ '1.0.3' ],
60 silly audit   '@rolldown/binding-openharmony-arm64': [ '1.0.3' ],
60 silly audit   '@rolldown/binding-wasm32-wasi': [ '1.2.1', '1.0.3' ],
60 silly audit   '@rolldown/binding-win32-arm64-msvc': [ '1.0.3' ],
60 silly audit   '@rolldown/binding-win32-x64-msvc': [ '1.0.3' ],
60 silly audit   '@rolldown/pluginutils': [ '1.0.1' ],
60 silly audit   '@sigstore/bundle': [ '1.1.0' ],
60 silly audit   '@sigstore/protobuf-specs': [ '0.2.1' ],
60 silly audit   '@sigstore/sign': [ '1.0.0' ],
60 silly audit   '@sigstore/tuf': [ '1.0.3' ],
60 silly audit   '@sindresorhus/is': [ '5.6.0' ],
60 silly audit   '@standard-schema/spec': [ '1.1.0' ],
60 silly audit   '@szmarczak/http-timer': [ '5.0.1' ],
60 silly audit   '@tootallnate/once': [ '2.0.1', '1.1.2' ],
60 silly audit   '@tufjs/canonical-json': [ '1.0.0' ],
60 silly audit   '@tufjs/models': [ '1.0.4' ],
60 silly audit   '@tybys/wasm-util': [ '0.10.3' ],
60 silly audit   '@types/chai': [ '5.2.3' ],
60 silly audit   '@types/debug': [ '4.1.13' ],
60 silly audit   '@types/deep-eql': [ '4.0.2' ],
60 silly audit   '@types/estree': [ '1.0.9' ],
60 silly audit   '@types/http-cache-semantics': [ '4.2.0' ],
60 silly audit   '@types/json-schema': [ '7.0.15' ],
60 silly audit   '@types/ms': [ '2.1.0' ],
60 silly audit   '@types/node': [ '20.19.41' ],
60 silly audit   '@types/semver-utils': [ '1.1.3' ],
60 silly audit   '@types/stack-trace': [ '0.0.29' ],
60 silly audit   '@types/validator': [ '13.15.10' ],
60 silly audit   '@vitest/expect': [ '4.1.8' ],
60 silly audit   '@vitest/mocker': [ '4.1.8' ],
60 silly audit   '@vitest/pretty-format': [ '4.1.8' ],
60 silly audit   '@vitest/runner': [ '4.1.8' ],
60 silly audit   '@vitest/snapshot': [ '4.1.8' ],
60 silly audit   '@vitest/spy': [ '4.1.8' ],
60 silly audit   '@vitest/utils': [ '4.1.8' ],
60 silly audit   '@vscode/sqlite3': [ '5.1.2' ],
60 silly audit   '@webassemblyjs/ast': [ '1.14.1' ],
60 silly audit   '@webassemblyjs/floating-point-hex-parser': [ '1.13.2' ],
60 silly audit   '@webassemblyjs/helper-api-error': [ '1.13.2' ],
60 silly audit   '@webassemblyjs/helper-buffer': [ '1.14.1' ],
60 silly audit   '@webassemblyjs/helper-numbers': [ '1.13.2' ],
60 silly audit   '@webassemblyjs/helper-wasm-bytecode': [ '1.13.2' ],
60 silly audit   '@webassemblyjs/helper-wasm-section': [ '1.14.1' ],
60 silly audit   '@webassemblyjs/ieee754': [ '1.13.2' ],
60 silly audit   '@webassemblyjs/leb128': [ '1.13.2' ],
60 silly audit   '@webassemblyjs/utf8': [ '1.13.2' ],
60 silly audit   '@webassemblyjs/wasm-edit': [ '1.14.1' ],
60 silly audit   '@webassemblyjs/wasm-gen': [ '1.14.1' ],
60 silly audit   '@webassemblyjs/wasm-opt': [ '1.14.1' ],
60 silly audit   '@webassemblyjs/wasm-parser': [ '1.14.1' ],
60 silly audit   '@webassemblyjs/wast-printer': [ '1.14.1' ],
60 silly audit   '@webpack-cli/configtest': [ '2.1.1' ],
60 silly audit   '@webpack-cli/info': [ '2.0.2' ],
60 silly audit   '@webpack-cli/serve': [ '2.0.5' ],
60 silly audit   '@xtuc/ieee754': [ '1.2.0' ],
60 silly audit   '@xtuc/long': [ '4.2.2' ],
60 silly audit   abbrev: [ '1.1.1', '2.0.0' ],
60 silly audit   'abort-controller': [ '3.0.0' ],
60 silly audit   'abstract-logging': [ '2.0.1' ],
60 silly audit   acorn: [ '7.4.1', '8.16.0' ],
60 silly audit   'agent-base': [ '6.0.2' ],
60 silly audit   agentkeepalive: [ '4.6.0' ],
60 silly audit   'aggregate-error': [ '3.1.0' ],
60 silly audit   ajv: [ '8.20.0' ],
60 silly audit   'ajv-formats': [ '2.1.1', '3.0.1' ],
60 silly audit   'ajv-keywords': [ '5.1.0' ],
60 silly audit   'fast-uri': [ '3.1.2', '2.4.0' ],
60 silly audit   'ansi-align': [ '3.0.1' ],
60 silly audit   'ansi-regex': [ '5.0.1', '6.2.2' ],
60 silly audit   'emoji-regex': [ '8.0.0', '9.2.2' ],
60 silly audit   'string-width': [ '4.2.3', '5.1.2' ],
60 silly audit   'strip-ansi': [ '6.0.1', '7.2.0' ],
60 silly audit   'ansi-styles': [ '4.3.0', '6.2.3' ],
60 silly audit   anymatch: [ '3.1.3' ],
60 silly audit   aproba: [ '2.1.0' ],
60 silly audit   'are-we-there-yet': [ '3.0.1' ],
60 silly audit   argparse: [ '2.0.1' ],
60 silly audit   'array-union': [ '2.1.0' ],
60 silly audit   asap: [ '2.0.6' ],
60 silly audit   'assert-never': [ '1.4.0' ],
60 silly audit   'assertion-error': [ '2.0.1' ],
60 silly audit   'at-least-node': [ '1.0.0' ],
60 silly audit   'atomic-sleep': [ '1.0.0' ],
60 silly audit   avvio: [ '8.4.0' ],
60 silly audit   'babel-walk': [ '3.0.0-canary-5' ],
60 silly audit   'balanced-match': [ '1.0.2' ],
60 silly audit   'bare-addon-resolve': [ '1.10.0' ],
60 silly audit   'bare-module-resolve': [ '1.12.2' ],
60 silly audit   'bare-semver': [ '1.0.3' ],
60 silly audit   'base64-js': [ '1.5.1' ],
60 silly audit   'baseline-browser-mapping': [ '2.10.33' ],
60 silly audit   'better-sqlite3': [ '12.10.0' ],
60 silly audit   'binary-extensions': [ '2.3.0' ],
60 silly audit   bindings: [ '1.5.0' ],
60 silly audit   bl: [ '4.1.0' ],
60 silly audit   bluebird: [ '3.7.2' ],
60 silly audit   bootstrap: [ '5.3.8' ],
60 silly audit   boxen: [ '7.1.1' ],
60 silly audit   chalk: [ '5.6.2', '4.1.2' ],
60 silly audit   braces: [ '3.0.3' ],
60 silly audit   browserslist: [ '4.28.2' ],
60 silly audit   buffer: [ '5.7.1', '6.0.3' ],
60 silly audit   'buffer-from': [ '1.1.2' ],
60 silly audit   cacache: [ '17.1.4', '16.1.3', '15.3.0' ],
60 silly audit   'cacheable-lookup': [ '7.0.0' ],
60 silly audit   'cacheable-request': [ '10.2.14' ],
60 silly audit   'mimic-response': [ '4.0.0', '3.1.0' ],
60 silly audit   'call-bind-apply-helpers': [ '1.0.2' ],
60 silly audit   'call-bound': [ '1.0.4' ],
60 silly audit   camelcase: [ '7.0.1' ],
60 silly audit   'caniuse-lite': [ '1.0.30001793' ],
60 silly audit   chai: [ '6.2.2' ],
60 silly audit   'supports-color': [ '7.2.0', '8.1.1' ],
60 silly audit   'character-parser': [ '2.2.0' ],
60 silly audit   chokidar: [ '3.6.0' ],
60 silly audit   chownr: [ '2.0.0', '1.1.4' ],
60 silly audit   'chrome-trace-event': [ '1.0.4' ],
60 silly audit   'ci-info': [ '3.9.0' ],
60 silly audit   'clean-stack': [ '2.2.0' ],
60 silly audit   'cli-boxes': [ '3.0.0' ],
60 silly audit   'cli-table3': [ '0.6.5' ],
60 silly audit   cliui: [ '8.0.1', '7.0.4' ],
60 silly audit   'wrap-ansi': [ '7.0.0', '8.1.0' ],
60 silly audit   'clone-deep': [ '4.0.1' ],
60 silly audit   'close-with-grace': [ '1.3.0' ],
60 silly audit   'color-convert': [ '2.0.1' ],
60 silly audit   'color-name': [ '1.1.4' ],
60 silly audit   'color-support': [ '1.1.3' ],
60 silly audit   colorette: [ '2.0.19' ],
60 silly audit   commander: [ '10.0.1', '2.20.3' ],
60 silly audit   commist: [ '3.2.0' ],
60 silly audit   'concat-map': [ '0.0.1' ],
60 silly audit   concurrently: [ '8.2.2' ],
60 silly audit   'config-chain': [ '1.1.13' ],
60 silly audit   ini: [ '1.3.8', '2.0.0', '4.1.3' ],
60 silly audit   configstore: [ '6.0.0' ],
60 silly audit   'console-control-strings': [ '1.1.0' ],
60 silly audit   constantinople: [ '4.0.1' ],
60 silly audit   'content-disposition': [ '0.5.4' ],
60 silly audit   'convert-source-map': [ '2.0.0' ],
60 silly audit   cookie: [ '0.7.2', '0.4.2' ],
60 silly audit   'cookie-signature': [ '1.2.2' ],
60 silly audit   'cross-spawn': [ '7.0.6' ],
60 silly audit   'crypto-random-string': [ '4.0.0' ],
60 silly audit   'type-fest': [ '1.4.0', '2.19.0' ],
60 silly audit   'css-loader': [ '7.1.4' ],
60 silly audit   cssesc: [ '3.0.0' ],
60 silly audit   'date-fns': [ '2.30.0' ],
60 silly audit   dateformat: [ '4.6.3' ],
60 silly audit   'db-errors': [ '0.2.3' ],
60 silly audit   debug: [ '4.3.4', '4.4.3' ],
60 silly audit   'decompress-response': [ '6.0.0' ],
60 silly audit   'deep-extend': [ '0.6.0' ],
60 silly audit   'defer-to-connect': [ '2.0.1' ],
60 silly audit   delegates: [ '1.0.0' ],
60 silly audit   depd: [ '2.0.0' ],
60 silly audit   'detect-libc': [ '2.1.2' ],
60 silly audit   'dir-glob': [ '3.0.1' ],
60 silly audit   doctypes: [ '1.1.0' ],
60 silly audit   'dot-prop': [ '6.0.1' ],
60 silly audit   dotenv: [ '16.6.1' ],
60 silly audit   dottie: [ '2.0.7' ],
60 silly audit   'dunder-proto': [ '1.0.1' ],
60 silly audit   eastasianwidth: [ '0.2.0' ],
60 silly audit   editorconfig: [ '1.0.7' ],
60 silly audit   'electron-to-chromium': [ '1.5.364' ],
60 silly audit   encoding: [ '0.1.13' ],
60 silly audit   'end-of-stream': [ '1.4.5' ],
60 silly audit   'enhanced-resolve': [ '5.22.1' ],
60 silly audit   entities: [ '3.0.1' ],
60 silly audit   'env-paths': [ '2.2.1' ],
60 silly audit   envinfo: [ '7.21.0' ],
60 silly audit   'err-code': [ '2.0.3' ],
60 silly audit   'es-define-property': [ '1.0.1' ],
60 silly audit   'es-errors': [ '1.3.0' ],
60 silly audit   'es-module-lexer': [ '2.1.0' ],
60 silly audit   'es-object-atoms': [ '1.1.2' ],
60 silly audit   escalade: [ '3.2.0' ],
60 silly audit   'escape-goat': [ '4.0.0' ],
60 silly audit   'escape-html': [ '1.0.3' ],
60 silly audit   'eslint-scope': [ '5.1.1' ],
60 silly audit   esm: [ '3.2.25' ],
60 silly audit   esrecurse: [ '4.3.0' ],
60 silly audit   estraverse: [ '5.3.0', '4.3.0' ],
60 silly audit   'estree-walker': [ '3.0.3' ],
60 silly audit   'event-target-shim': [ '5.0.1' ],
60 silly audit   events: [ '3.3.0' ],
60 silly audit   'expand-template': [ '2.0.3' ],
60 silly audit   'expect-type': [ '1.3.0' ],
60 silly audit   'exponential-backoff': [ '3.1.3' ],
60 silly audit   'fast-content-type-parse': [ '1.1.0' ],
60 silly audit   'fast-copy': [ '3.0.2' ],
60 silly audit   'fast-decode-uri-component': [ '1.0.1' ],
60 silly audit   'fast-deep-equal': [ '3.1.3' ],
60 silly audit   'fast-glob': [ '3.3.3' ],
60 silly audit   'fast-json-stringify': [ '5.16.1' ],
60 silly audit   'fast-memoize': [ '2.5.2' ],
60 silly audit   'fast-querystring': [ '1.1.2' ],
60 silly audit   'fast-safe-stringify': [ '2.1.1' ],
60 silly audit   'fastest-levenshtein': [ '1.0.16' ],
60 silly audit   fastify: [ '4.29.1' ],
60 silly audit   'fastify-cli': [ '6.3.0' ],
60 silly audit   'fastify-error-page': [ '4.0.0' ],
60 silly audit   'fastify-plugin': [ '2.3.4', '4.5.1', '3.0.1' ],
60 silly audit   'fastify-method-override': [ '1.5.10' ],
60 silly audit   'fastify-objectionjs': [ '2.0.1' ],
60 silly audit   knex: [ '2.5.1', '3.2.10' ],
60 silly audit   'pg-connection-string': [ '2.6.1', '2.6.2', '2.13.0' ],
60 silly audit   'fastify-reverse-routes': [ '3.0.0' ],
60 silly audit   fastq: [ '1.20.1' ],
60 silly audit   'file-uri-to-path': [ '1.0.0' ],
60 silly audit   'fill-range': [ '7.1.1' ],
60 silly audit   'find-my-way': [ '8.2.2' ],
60 silly audit   'find-up': [ '5.0.0', '4.1.0', '3.0.0' ],
60 silly audit   flat: [ '5.0.2' ],
60 silly audit   'foreground-child': [ '3.3.1' ],
60 silly audit   'form-data-encoder': [ '2.1.4' ],
60 silly audit   forwarded: [ '0.2.0' ],
60 silly audit   'fp-and-or': [ '0.1.4' ],
60 silly audit   'fs-constants': [ '1.0.0' ],
60 silly audit   'fs-extra': [ '9.1.0' ],
60 silly audit   'fs-minipass': [ '3.0.3', '2.1.0' ],
60 silly audit   'fs.realpath': [ '1.0.0' ],
60 silly audit   fsevents: [ '2.3.3' ],
60 silly audit   'function-bind': [ '1.1.2' ],
60 silly audit   gauge: [ '4.0.4' ],
60 silly audit   'signal-exit': [ '3.0.7', '4.1.0' ],
60 silly audit   generify: [ '4.2.0' ],
60 silly audit   'get-caller-file': [ '2.0.5' ],
60 silly audit   'get-intrinsic': [ '1.3.0' ],
60 silly audit   'get-package-type': [ '0.1.0' ],
60 silly audit   'get-proto': [ '1.0.1' ],
60 silly audit   'get-stdin': [ '8.0.0' ],
60 silly audit   'get-stream': [ '6.0.1' ],
60 silly audit   getopts: [ '2.3.0' ],
60 silly audit   'github-from-package': [ '0.0.0' ],
60 silly audit   'glob-parent': [ '5.1.2' ],
60 silly audit   'glob-to-regexp': [ '0.4.1' ],
60 silly audit   'global-dirs': [ '3.0.1' ],
60 silly audit   globby: [ '11.1.0' ],
60 silly audit   gopd: [ '1.2.0' ],
60 silly audit   got: [ '12.6.1' ],
60 silly audit   'has-flag': [ '4.0.0' ],
60 silly audit   'has-symbols': [ '1.1.0' ],
60 silly audit   'has-tostringtag': [ '1.0.2' ],
60 silly audit   'has-unicode': [ '2.0.1' ],
60 silly audit   'has-yarn': [ '3.0.0' ],
60 silly audit   hasown: [ '2.0.4' ],
60 silly audit   'help-me': [ '4.2.0', '5.0.0' ],
60 silly audit   'hosted-git-info': [ '5.2.1', '6.1.3' ],
60 silly audit   'http-cache-semantics': [ '4.2.0' ],
60 silly audit   'http-proxy-agent': [ '5.0.0', '4.0.1' ],
60 silly audit   'http2-wrapper': [ '2.2.1' ],
60 silly audit   'https-proxy-agent': [ '5.0.1' ],
60 silly audit   'humanize-ms': [ '1.2.1' ],
60 silly audit   i18next: [ '23.16.8' ],
60 silly audit   'iconv-lite': [ '0.6.3' ],
60 silly audit   'icss-utils': [ '5.1.0' ],
60 silly audit   ieee754: [ '1.2.1' ],
60 silly audit   ignore: [ '5.3.2' ],
60 silly audit   'ignore-walk': [ '6.0.5' ],
60 silly audit   'import-lazy': [ '4.0.0' ],
60 silly audit   'import-local': [ '3.2.0' ],
60 silly audit   imurmurhash: [ '0.1.4' ],
60 silly audit   'indent-string': [ '4.0.0' ],
60 silly audit   'infer-owner': [ '1.0.4' ],
60 silly audit   inflection: [ '1.13.4' ],
60 silly audit   inflight: [ '1.0.6' ],
60 silly audit   inherits: [ '2.0.4' ],
60 silly audit   interpret: [ '2.2.0', '3.1.1' ],
60 silly audit   'ip-address': [ '10.2.0' ],
60 silly audit   'ipaddr.js': [ '1.9.1' ],
60 silly audit   'is-binary-path': [ '2.1.0' ],
60 silly audit   'is-ci': [ '3.0.1' ],
60 silly audit   'is-core-module': [ '2.16.2' ],
60 silly audit   'is-docker': [ '2.2.1' ],
60 silly audit   'is-expression': [ '4.0.0' ],
60 silly audit   'is-extglob': [ '2.1.1' ],
60 silly audit   'is-fullwidth-code-point': [ '3.0.0' ],
60 silly audit   'is-glob': [ '4.0.3' ],
60 silly audit   'is-installed-globally': [ '0.4.0' ],
60 silly audit   'is-lambda': [ '1.0.1' ],
60 silly audit   'is-npm': [ '6.1.0' ],
60 silly audit   'is-number': [ '7.0.0' ],
60 silly audit   'is-obj': [ '2.0.0' ],
60 silly audit   'is-path-inside': [ '3.0.3' ],
60 silly audit   'is-plain-object': [ '2.0.4' ],
60 silly audit   'is-promise': [ '2.2.2' ],
60 silly audit   'is-regex': [ '1.2.1' ],
60 silly audit   'is-typedarray': [ '1.0.0' ],
60 silly audit   'is-yarn-global': [ '0.4.1' ],
60 silly audit   isbinaryfile: [ '4.0.10' ],
60 silly audit   isexe: [ '2.0.0' ],
60 silly audit   isobject: [ '3.0.1' ],
60 silly audit   jackspeak: [ '3.4.3' ],
60 silly audit   'jest-worker': [ '27.5.1' ],
60 silly audit   jju: [ '1.4.0' ],
60 silly audit   joycon: [ '3.1.1' ],
60 silly audit   jquery: [ '3.7.1' ],
60 silly audit   'js-beautify': [ '1.15.4' ],
60 silly audit   nopt: [ '7.2.1', '6.0.0', '5.0.0' ],
60 silly audit   'js-cookie': [ '3.0.8' ],
60 silly audit   'js-stringify': [ '1.0.2' ],
60 silly audit   'js-yaml': [ '4.2.0' ],
60 silly audit   'json-buffer': [ '3.0.1' ],
60 silly audit   'json-parse-even-better-errors': [ '3.0.2' ],
60 silly audit   'json-parse-helpfulerror': [ '1.0.3' ],
60 silly audit   'json-schema-ref-resolver': [ '1.0.1' ],
60 silly audit   'json-schema-traverse': [ '1.0.0' ],
60 silly audit   json5: [ '2.2.3' ],
60 silly audit   jsonfile: [ '6.2.1' ],
60 silly audit   jsonlines: [ '0.1.1' ],
60 silly audit   jsonparse: [ '1.3.1' ],
60 silly audit   jstransformer: [ '1.0.0' ],
60 silly audit   'jstransformer-markdown-it': [ '3.0.0' ],
60 silly audit   keyv: [ '4.5.4' ],
60 silly audit   'kind-of': [ '6.0.3' ],
60 silly audit   kleur: [ '4.1.5' ],
60 silly audit   'latest-version': [ '7.0.0' ],
60 silly audit   'light-my-request': [ '5.14.0' ],
60 silly audit   lightningcss: [ '1.32.0' ],
60 silly audit   'lightningcss-android-arm64': [ '1.32.0' ],
60 silly audit   'lightningcss-darwin-arm64': [ '1.32.0' ],
60 silly audit   'lightningcss-darwin-x64': [ '1.32.0' ],
60 silly audit   'lightningcss-freebsd-x64': [ '1.32.0' ],
60 silly audit   'lightningcss-linux-arm-gnueabihf': [ '1.32.0' ],
60 silly audit   'lightningcss-linux-arm64-gnu': [ '1.32.0' ],
60 silly audit   'lightningcss-linux-arm64-musl': [ '1.32.0' ],
60 silly audit   'lightningcss-linux-x64-gnu': [ '1.32.0' ],
60 silly audit   'lightningcss-linux-x64-musl': [ '1.32.0' ],
60 silly audit   'lightningcss-win32-arm64-msvc': [ '1.32.0' ],
60 silly audit   'lightningcss-win32-x64-msvc': [ '1.32.0' ],
60 silly audit   'linkify-it': [ '4.0.1' ],
60 silly audit   'loader-runner': [ '4.3.2' ],
60 silly audit   'locate-path': [ '6.0.0', '5.0.0', '3.0.0' ],
60 silly audit   lodash: [ '4.18.1' ],
60 silly audit   'lodash.castarray': [ '4.4.0' ],
60 silly audit   'lodash.compact': [ '3.0.1' ],
60 silly audit   'lodash.isempty': [ '4.4.0' ],
60 silly audit   'lowercase-keys': [ '3.0.0' ],
60 silly audit   'lru-cache': [ '7.18.3', '10.4.3', '6.0.0' ],
60 silly audit   'magic-string': [ '0.30.21' ],
60 silly audit   'make-fetch-happen': [ '11.1.1', '10.2.1', '9.1.0' ],
60 silly audit   minipass: [ '5.0.0', '7.1.3', '3.3.6' ],
60 silly audit   makeerror: [ '1.0.12' ],
60 silly audit   'markdown-it': [ '13.0.2' ],
60 silly audit   'math-intrinsics': [ '1.1.0' ],
60 silly audit   mdurl: [ '1.0.1' ],
60 silly audit   'media-typer': [ '0.3.0' ],
60 silly audit   'merge-stream': [ '2.0.0' ],
60 silly audit   merge2: [ '1.4.1' ],
60 silly audit   micromatch: [ '4.0.8' ],
60 silly audit   mime: [ '3.0.0' ],
60 silly audit   'mime-db': [ '1.52.0', '1.54.0' ],
60 silly audit   'mime-types': [ '2.1.35' ],
60 silly audit   'mini-css-extract-plugin': [ '2.10.2' ],
60 silly audit   minimist: [ '1.2.8' ],
60 silly audit   'minipass-collect': [ '1.0.2' ],
60 silly audit   'minipass-fetch': [ '3.0.5', '2.1.2', '1.4.1' ],
60 silly audit   'minipass-flush': [ '1.0.7' ],
60 silly audit   'minipass-json-stream': [ '1.0.2' ],
60 silly audit   'minipass-pipeline': [ '1.2.4' ],
60 silly audit   'minipass-sized': [ '1.0.3' ],
60 silly audit   minizlib: [ '2.1.2' ],
60 silly audit   mkdirp: [ '1.0.4' ],
60 silly audit   'mkdirp-classic': [ '0.5.3' ],
60 silly audit   moment: [ '2.30.1' ],
60 silly audit   'moment-timezone': [ '0.5.48' ],
60 silly audit   ms: [ '2.1.2', '2.1.3' ],
60 silly audit   mustache: [ '4.2.0' ],
60 silly audit   nanoid: [ '3.3.12' ],
60 silly audit   'napi-build-utils': [ '2.0.0' ],
60 silly audit   negotiator: [ '0.6.4' ],
60 silly audit   'neo-async': [ '2.6.2' ],
60 silly audit   'node-abi': [ '3.92.0' ],
60 silly audit   'node-addon-api': [ '4.3.0', '7.1.1' ],
60 silly audit   'node-gyp': [ '9.4.1', '8.4.1' ],
60 silly audit   ssri: [ '9.0.1', '8.0.1', '10.0.6' ],
60 silly audit   'unique-filename': [ '2.0.1', '1.1.1', '3.0.0' ],
60 silly audit   'unique-slug': [ '3.0.0', '2.0.2', '4.0.0' ],
60 silly audit   'node-releases': [ '2.0.46' ],
60 silly audit   'normalize-package-data': [ '5.0.0' ],
60 silly audit   'normalize-path': [ '3.0.0' ],
60 silly audit   'normalize-url': [ '8.1.1' ],
60 silly audit   'npm-bundled': [ '3.0.1' ],
60 silly audit   'npm-check-updates': [ '16.14.20' ],
60 silly audit   'npm-install-checks': [ '6.3.0' ],
60 silly audit   'npm-normalize-package-bin': [ '3.0.1' ],
60 silly audit   'npm-package-arg': [ '10.1.0' ],
60 silly audit   'npm-packlist': [ '7.0.4' ],
60 silly audit   'npm-pick-manifest': [ '8.0.2' ],
60 silly audit   'npm-registry-fetch': [ '14.0.5' ],
60 silly audit   npmlog: [ '6.0.2' ],
60 silly audit   'object-assign': [ '4.1.1' ],
60 silly audit   'object-inspect': [ '1.13.4' ],
60 silly audit   objection: [ '3.1.5' ],
60 silly audit   'objection-unique': [ '1.2.2' ],
60 silly audit   obug: [ '2.1.1' ],
60 silly audit   'on-exit-leak-free': [ '2.1.2' ],
60 silly audit   once: [ '1.4.0' ],
60 silly audit   'p-cancelable': [ '3.0.0' ],
60 silly audit   'p-limit': [ '3.1.0', '2.3.0' ],
60 silly audit   'p-locate': [ '5.0.0', '4.1.0', '3.0.0' ],
60 silly audit   'p-map': [ '4.0.0' ],
60 silly audit   'p-try': [ '2.2.0' ],
60 silly audit   'package-json': [ '8.1.1' ],
60 silly audit   'package-json-from-dist': [ '1.0.1' ],
60 silly audit   pacote: [ '15.2.0' ],
60 silly audit   'parse-github-url': [ '1.0.4' ],
60 silly audit   'path-exists': [ '4.0.0', '3.0.0' ],
60 silly audit   'path-is-absolute': [ '1.0.1' ],
60 silly audit   'path-key': [ '3.1.1' ],
60 silly audit   'path-parse': [ '1.0.7' ],
60 silly audit   'path-scurry': [ '1.11.1' ],
60 silly audit   'path-to-regexp': [ '6.3.0' ],
60 silly audit   'path-type': [ '4.0.0' ],
60 silly audit   pathe: [ '2.0.3' ],
60 silly audit   pg: [ '8.21.0' ],
60 silly audit   'pg-cloudflare': [ '1.4.0' ],
60 silly audit   'pg-int8': [ '1.0.1' ],
60 silly audit   'pg-pool': [ '3.14.0' ],
60 silly audit   'pg-protocol': [ '1.14.0' ],
60 silly audit   'pg-types': [ '2.2.0' ],
60 silly audit   pgpass: [ '1.0.5' ],
60 silly audit   split2: [ '4.2.0', '3.2.2' ],
60 silly audit   picocolors: [ '1.1.1' ],
60 silly audit   picomatch: [ '2.3.2', '4.0.4' ],
60 silly audit   pino: [ '9.14.0' ],
60 silly audit   'pino-abstract-transport': [ '2.0.0' ],
60 silly audit   'pino-pretty': [ '11.3.0' ],
60 silly audit   'readable-stream': [ '4.7.0', '3.6.2' ],
60 silly audit   'strip-json-comments': [ '3.1.1', '2.0.1', '5.0.3' ],
60 silly audit   'pino-std-serializers': [ '7.1.0' ],
60 silly audit   'process-warning': [ '5.0.0', '3.0.0' ],
60 silly audit   'pkg-dir': [ '4.2.0' ],
60 silly audit   'pkg-up': [ '3.1.0' ],
60 silly audit   postcss: [ '8.5.15' ],
60 silly audit   'postcss-modules-extract-imports': [ '3.1.0' ],
60 silly audit   'postcss-modules-local-by-default': [ '4.2.0' ],
60 silly audit   'postcss-modules-scope': [ '3.2.1' ],
60 silly audit   'postcss-modules-values': [ '4.0.0' ],
60 silly audit   'postcss-selector-parser': [ '7.1.1' ],
60 silly audit   'postcss-value-parser': [ '4.2.0' ],
60 silly audit   'postgres-array': [ '2.0.0' ],
60 silly audit   'postgres-bytea': [ '1.0.1' ],
60 silly audit   'postgres-date': [ '1.0.7' ],
60 silly audit   'postgres-interval': [ '1.2.0' ],
60 silly audit   'prebuild-install': [ '7.1.3' ],
60 silly audit   'proc-log': [ '3.0.0' ],
60 silly audit   process: [ '0.11.10' ],
60 silly audit   progress: [ '2.0.3' ],
60 silly audit   promise: [ '7.3.1' ],
60 silly audit   'promise-inflight': [ '1.0.1' ],
60 silly audit   'promise-retry': [ '2.0.1' ],
60 silly audit   'prompts-ncu': [ '3.0.2' ],
60 silly audit   'proto-list': [ '1.2.4' ],
60 silly audit   'proxy-addr': [ '2.0.7' ],
60 silly audit   pug: [ '3.0.4' ],
60 silly audit   'pug-attrs': [ '3.0.0' ],
60 silly audit   'pug-code-gen': [ '3.0.4' ],
60 silly audit   'pug-error': [ '2.1.0' ],
60 silly audit   'pug-filters': [ '4.0.0' ],
60 silly audit   'pug-lexer': [ '5.0.1' ],
60 silly audit   'pug-linker': [ '4.0.0' ],
60 silly audit   'pug-load': [ '3.0.0' ],
60 silly audit   'pug-parser': [ '6.0.0' ],
60 silly audit   'pug-runtime': [ '3.0.1' ],
60 silly audit   'pug-strip-comments': [ '2.0.0' ],
60 silly audit   'pug-walk': [ '2.0.0' ],
60 silly audit   pump: [ '3.0.4' ],
60 silly audit   pupa: [ '3.3.0' ],
60 silly audit   qs: [ '6.15.2' ],
60 silly audit   'queue-microtask': [ '1.2.3' ],
60 silly audit   'quick-format-unescaped': [ '4.0.4' ],
60 silly audit   'quick-lru': [ '5.1.1' ],
60 silly audit   rc: [ '1.2.8' ],
60 silly audit   'rc-config-loader': [ '4.1.4' ],
60 silly audit   'read-package-json': [ '6.0.4' ],
60 silly audit   'read-package-json-fast': [ '3.0.2' ],
60 silly audit   readdirp: [ '3.6.0' ],
60 silly audit   'real-require': [ '0.2.0' ],
60 silly audit   rechoir: [ '0.8.0' ],
60 silly audit   'registry-auth-token': [ '5.1.1' ],
60 silly audit   'registry-url': [ '6.0.1' ],
60 silly audit   'remote-git-tags': [ '3.0.0' ],
60 silly audit   'require-addon': [ '1.2.0' ],
60 silly audit   'require-directory': [ '2.1.1' ],
60 silly audit   'require-from-string': [ '2.0.2' ],
60 silly audit   resolve: [ '1.22.12' ],
60 silly audit   'resolve-alpn': [ '1.2.1' ],
60 silly audit   'resolve-cwd': [ '3.0.0' ],
60 silly audit   'resolve-from': [ '5.0.0' ],
60 silly audit   responselike: [ '3.0.0' ],
60 silly audit   ret: [ '0.4.3' ],
60 silly audit   retry: [ '0.12.0' ],
60 silly audit   'retry-as-promised': [ '7.1.1' ],
60 silly audit   reusify: [ '1.1.0' ],
60 silly audit   rfdc: [ '1.4.1' ],
60 silly audit   rolldown: [ '1.0.3' ],
60 silly audit   'run-parallel': [ '1.2.0' ],
60 silly audit   rxjs: [ '7.8.2' ],
60 silly audit   'safe-buffer': [ '5.2.1' ],
60 silly audit   'safe-regex2': [ '3.1.0' ],
60 silly audit   'safe-stable-stringify': [ '2.5.0' ],
60 silly audit   'safer-buffer': [ '2.1.2' ],
60 silly audit   'schema-utils': [ '4.3.3' ],
60 silly audit   'secure-json-parse': [ '2.7.0' ],
60 silly audit   semver: [ '7.8.1' ],
60 silly audit   'semver-diff': [ '4.0.0' ],
60 silly audit   'semver-utils': [ '1.1.4' ],
60 silly audit   sequelize: [ '6.37.8' ],
60 silly audit   'sequelize-cli': [ '6.6.5' ],
60 silly audit   yargs: [ '16.2.0', '17.7.2' ],
60 silly audit   'yargs-parser': [ '20.2.9', '21.1.1' ],
60 silly audit   'sequelize-pool': [ '7.1.0' ],
60 silly audit   'set-blocking': [ '2.0.0' ],
60 silly audit   'set-cookie-parser': [ '2.7.2' ],
60 silly audit   setprototypeof: [ '1.2.0' ],
60 silly audit   'shallow-clone': [ '3.0.1' ],
60 silly audit   'shebang-command': [ '2.0.0' ],
60 silly audit   'shebang-regex': [ '3.0.0' ],
60 silly audit   'shell-quote': [ '1.8.4' ],
60 silly audit   'side-channel': [ '1.1.0' ],
60 silly audit   'side-channel-list': [ '1.0.1' ],
60 silly audit   'side-channel-map': [ '1.0.1' ],
60 silly audit   'side-channel-weakmap': [ '1.0.2' ],
60 silly audit   siginfo: [ '2.0.0' ],
60 silly audit   sigstore: [ '1.9.0' ],
60 silly audit   'simple-concat': [ '1.0.1' ],
60 silly audit   'simple-get': [ '4.0.1' ],
60 silly audit   sisteransi: [ '1.0.5' ],
60 silly audit   slash: [ '3.0.0' ],
60 silly audit   'smart-buffer': [ '4.2.0' ],
60 silly audit   socks: [ '2.8.9' ],
60 silly audit   'socks-proxy-agent': [ '7.0.0', '6.2.1' ],
60 silly audit   'sodium-native': [ '4.3.3' ],
60 silly audit   'sonic-boom': [ '4.2.1' ],
60 silly audit   'source-map': [ '0.6.1' ],
60 silly audit   'source-map-js': [ '1.2.1' ],
60 silly audit   'source-map-support': [ '0.5.21' ],
60 silly audit   'spawn-command': [ '0.0.2' ],
60 silly audit   'spawn-please': [ '2.0.2' ],
60 silly audit   'spdx-correct': [ '3.2.0' ],
60 silly audit   'spdx-exceptions': [ '2.5.0' ],
60 silly audit   'spdx-expression-parse': [ '3.0.1' ],
60 silly audit   'spdx-license-ids': [ '3.0.23' ],
60 silly audit   sqlite3: [ '5.1.7' ],
60 silly audit   'stack-trace': [ '0.0.10' ],
60 silly audit   stackback: [ '0.0.2' ],
60 silly audit   'std-env': [ '4.1.0' ],
60 silly audit   string_decoder: [ '1.3.0' ],
60 silly audit   'style-loader': [ '4.0.0' ],
60 silly audit   'supports-preserve-symlinks-flag': [ '1.0.0' ],
60 silly audit   tapable: [ '2.3.3' ],
60 silly audit   tar: [ '6.2.1' ],
60 silly audit   'tar-fs': [ '2.1.4' ],
60 silly audit   'tar-stream': [ '2.2.0' ],
60 silly audit   tarn: [ '3.0.2' ],
60 silly audit   terser: [ '5.48.0' ],
60 silly audit   'terser-webpack-plugin': [ '5.6.1' ],
60 silly audit   'thread-stream': [ '3.1.0' ],
60 silly audit   tildify: [ '2.0.0' ],
60 silly audit   tinybench: [ '2.9.0' ],
60 silly audit   tinyexec: [ '1.2.4' ],
60 silly audit   tinyglobby: [ '0.2.17' ],
60 silly audit   fdir: [ '6.5.0' ],
60 silly audit   tinyrainbow: [ '3.1.0' ],
60 silly audit   tmpl: [ '1.0.5' ],
60 silly audit   'to-regex-range': [ '5.0.1' ],
60 silly audit   'toad-cache': [ '3.7.1' ],
60 silly audit   toidentifier: [ '1.0.1' ],
60 silly audit   'token-stream': [ '1.0.0' ],
60 silly audit   'toposort-class': [ '1.0.1' ],
60 silly audit   'tree-kill': [ '1.2.2' ],
60 silly audit   tslib: [ '2.8.1' ],
60 silly audit   'tuf-js': [ '1.1.7' ],
60 silly audit   'tunnel-agent': [ '0.6.0' ],
60 silly audit   'type-is': [ '1.6.18' ],
60 silly audit   'typedarray-to-buffer': [ '3.1.5' ],
60 silly audit   'uc.micro': [ '1.0.6' ],
60 silly audit   umzug: [ '2.3.0' ],
60 silly audit   'undici-types': [ '6.21.0' ],
60 silly audit   'unique-string': [ '3.0.0' ],
60 silly audit   universalify: [ '2.0.1' ],
60 silly audit   untildify: [ '4.0.0' ],
60 silly audit   'update-browserslist-db': [ '1.2.3' ],
60 silly audit   'update-notifier': [ '6.0.2' ],
60 silly audit   'util-deprecate': [ '1.0.2' ],
60 silly audit   uuid: [ '8.3.2' ],
60 silly audit   'validate-npm-package-license': [ '3.0.4' ],
60 silly audit   'validate-npm-package-name': [ '5.0.1' ],
60 silly audit   validator: [ '13.15.35' ],
60 silly audit   vary: [ '1.1.2' ],
60 silly audit   vite: [ '8.0.16' ],
60 silly audit   vitest: [ '4.1.8' ],
60 silly audit   'void-elements': [ '3.1.0' ],
60 silly audit   walker: [ '1.0.8' ],
60 silly audit   watchpack: [ '2.5.1' ],
60 silly audit   webpack: [ '5.107.2' ],
60 silly audit   'webpack-cli': [ '5.1.4' ],
60 silly audit   'webpack-merge': [ '5.10.0' ],
60 silly audit   'webpack-sources': [ '3.5.0' ],
60 silly audit   'acorn-import-phases': [ '1.0.4' ],
60 silly audit   'why-is-node-running': [ '2.3.0' ],
60 silly audit   'wide-align': [ '1.1.5' ],
60 silly audit   'widest-line': [ '4.0.1' ],
60 silly audit   wildcard: [ '2.0.1' ],
60 silly audit   with: [ '7.0.2' ],
60 silly audit   wkx: [ '0.5.0' ],
60 silly audit   wrappy: [ '1.0.2' ],
60 silly audit   'write-file-atomic': [ '3.0.3' ],
60 silly audit   'xdg-basedir': [ '5.1.0' ],
60 silly audit   xtend: [ '4.0.2' ],
60 silly audit   y18n: [ '5.0.8' ],
60 silly audit   yallist: [ '4.0.0' ],
60 silly audit   'yocto-queue': [ '0.1.0' ],
60 silly audit   youch: [ '2.2.2' ],
60 silly audit   '@rolldown/binding-linux-arm64-gnu': [ '1.2.1', '1.0.3' ]
60 silly audit }
61 verbose reify failed optional dependency /root/node_modules/lightningcss-win32-x64-msvc
62 silly reify mark deleted [ '/root/node_modules/lightningcss-win32-x64-msvc' ]
63 verbose reify failed optional dependency /root/node_modules/lightningcss-win32-arm64-msvc
64 silly reify mark deleted [ '/root/node_modules/lightningcss-win32-arm64-msvc' ]
65 verbose reify failed optional dependency /root/node_modules/lightningcss-linux-arm-gnueabihf
66 silly reify mark deleted [ '/root/node_modules/lightningcss-linux-arm-gnueabihf' ]
67 verbose reify failed optional dependency /root/node_modules/lightningcss-freebsd-x64
68 silly reify mark deleted [ '/root/node_modules/lightningcss-freebsd-x64' ]
69 verbose reify failed optional dependency /root/node_modules/lightningcss-darwin-x64
70 silly reify mark deleted [ '/root/node_modules/lightningcss-darwin-x64' ]
71 verbose reify failed optional dependency /root/node_modules/lightningcss-darwin-arm64
72 silly reify mark deleted [ '/root/node_modules/lightningcss-darwin-arm64' ]
73 verbose reify failed optional dependency /root/node_modules/lightningcss-android-arm64
74 silly reify mark deleted [ '/root/node_modules/lightningcss-android-arm64' ]
75 verbose reify failed optional dependency /root/node_modules/fsevents
76 silly reify mark deleted [ '/root/node_modules/fsevents' ]
77 verbose reify failed optional dependency /root/node_modules/@rolldown/binding-win32-x64-msvc
78 silly reify mark deleted [ '/root/node_modules/@rolldown/binding-win32-x64-msvc' ]
79 verbose reify failed optional dependency /root/node_modules/@rolldown/binding-win32-arm64-msvc
80 silly reify mark deleted [ '/root/node_modules/@rolldown/binding-win32-arm64-msvc' ]
81 verbose reify failed optional dependency /root/node_modules/@rolldown/binding-openharmony-arm64
82 silly reify mark deleted [ '/root/node_modules/@rolldown/binding-openharmony-arm64' ]
83 verbose reify failed optional dependency /root/node_modules/@rolldown/binding-linux-x64-musl
84 silly reify mark deleted [ '/root/node_modules/@rolldown/binding-linux-x64-musl' ]
85 verbose reify failed optional dependency /root/node_modules/@rolldown/binding-linux-x64-gnu
86 silly reify mark deleted [ '/root/node_modules/@rolldown/binding-linux-x64-gnu' ]
87 verbose reify failed optional dependency /root/node_modules/@rolldown/binding-linux-s390x-gnu
88 silly reify mark deleted [ '/root/node_modules/@rolldown/binding-linux-s390x-gnu' ]
89 verbose reify failed optional dependency /root/node_modules/@rolldown/binding-linux-ppc64-gnu
90 silly reify mark deleted [ '/root/node_modules/@rolldown/binding-linux-ppc64-gnu' ]
91 verbose reify failed optional dependency /root/node_modules/@rolldown/binding-linux-arm64-musl
92 silly reify mark deleted [ '/root/node_modules/@rolldown/binding-linux-arm64-musl' ]
93 verbose reify failed optional dependency /root/node_modules/@rolldown/binding-linux-arm-gnueabihf
94 silly reify mark deleted [ '/root/node_modules/@rolldown/binding-linux-arm-gnueabihf' ]
95 verbose reify failed optional dependency /root/node_modules/@rolldown/binding-freebsd-x64
96 silly reify mark deleted [ '/root/node_modules/@rolldown/binding-freebsd-x64' ]
97 verbose reify failed optional dependency /root/node_modules/@rolldown/binding-darwin-x64
98 silly reify mark deleted [ '/root/node_modules/@rolldown/binding-darwin-x64' ]
99 verbose reify failed optional dependency /root/node_modules/@rolldown/binding-darwin-arm64
100 silly reify mark deleted [ '/root/node_modules/@rolldown/binding-darwin-arm64' ]
101 verbose reify failed optional dependency /root/node_modules/@rolldown/binding-android-arm64
102 silly reify mark deleted [ '/root/node_modules/@rolldown/binding-android-arm64' ]
103 verbose reify failed optional dependency /root/node_modules/@biomejs/cli-win32-x64
104 silly reify mark deleted [ '/root/node_modules/@biomejs/cli-win32-x64' ]
105 verbose reify failed optional dependency /root/node_modules/@biomejs/cli-win32-arm64
106 silly reify mark deleted [ '/root/node_modules/@biomejs/cli-win32-arm64' ]
107 verbose reify failed optional dependency /root/node_modules/@biomejs/cli-darwin-x64
108 silly reify mark deleted [ '/root/node_modules/@biomejs/cli-darwin-x64' ]
109 verbose reify failed optional dependency /root/node_modules/@biomejs/cli-darwin-arm64
110 silly reify mark deleted [ '/root/node_modules/@biomejs/cli-darwin-arm64' ]
111 verbose reify failed optional dependency /root/node_modules/rolldown/node_modules/@rolldown/binding-linux-arm64-gnu
112 silly reify mark deleted [
112 silly reify   '/root/node_modules/rolldown/node_modules/@rolldown/binding-linux-arm64-gnu'
112 silly reify ]
113 verbose reify failed optional dependency /root/node_modules/rolldown/node_modules/@rolldown/binding-wasm32-wasi
114 silly reify mark deleted [
114 silly reify   '/root/node_modules/rolldown/node_modules/@rolldown/binding-wasm32-wasi'
114 silly reify ]
115 verbose reify failed optional dependency /root/node_modules/rolldown/node_modules/@emnapi/core
116 silly reify mark deleted [ '/root/node_modules/rolldown/node_modules/@emnapi/core' ]
117 verbose reify failed optional dependency /root/node_modules/rolldown/node_modules/@emnapi/runtime
118 silly reify mark deleted [ '/root/node_modules/rolldown/node_modules/@emnapi/runtime' ]
119 verbose reify failed optional dependency /root/node_modules/rolldown/node_modules/@emnapi/wasi-threads
120 silly reify mark deleted [ '/root/node_modules/rolldown/node_modules/@emnapi/wasi-threads' ]
121 timing reifyNode:node_modules/lightningcss-win32-x64-msvc Completed in 8ms
122 timing reifyNode:node_modules/lightningcss-win32-arm64-msvc Completed in 8ms
123 timing reifyNode:node_modules/lightningcss-linux-arm-gnueabihf Completed in 8ms
124 timing reifyNode:node_modules/lightningcss-freebsd-x64 Completed in 8ms
125 timing reifyNode:node_modules/lightningcss-darwin-x64 Completed in 8ms
126 timing reifyNode:node_modules/lightningcss-darwin-arm64 Completed in 9ms
127 timing reifyNode:node_modules/lightningcss-android-arm64 Completed in 8ms
128 timing reifyNode:node_modules/fsevents Completed in 8ms
129 timing reifyNode:node_modules/@rolldown/binding-win32-x64-msvc Completed in 8ms
130 timing reifyNode:node_modules/@rolldown/binding-win32-arm64-msvc Completed in 8ms
131 timing reifyNode:node_modules/@rolldown/binding-openharmony-arm64 Completed in 8ms
132 timing reifyNode:node_modules/@rolldown/binding-linux-x64-musl Completed in 8ms
133 timing reifyNode:node_modules/@rolldown/binding-linux-x64-gnu Completed in 8ms
134 timing reifyNode:node_modules/@rolldown/binding-linux-s390x-gnu Completed in 8ms
135 timing reifyNode:node_modules/@rolldown/binding-linux-ppc64-gnu Completed in 8ms
136 timing reifyNode:node_modules/@rolldown/binding-linux-arm64-musl Completed in 8ms
137 timing reifyNode:node_modules/@rolldown/binding-linux-arm-gnueabihf Completed in 8ms
138 timing reifyNode:node_modules/@rolldown/binding-freebsd-x64 Completed in 8ms
139 timing reifyNode:node_modules/@rolldown/binding-darwin-x64 Completed in 8ms
140 timing reifyNode:node_modules/@rolldown/binding-darwin-arm64 Completed in 8ms
141 timing reifyNode:node_modules/@rolldown/binding-android-arm64 Completed in 8ms
142 timing reifyNode:node_modules/@biomejs/cli-win32-x64 Completed in 9ms
143 timing reifyNode:node_modules/@biomejs/cli-win32-arm64 Completed in 9ms
144 timing reifyNode:node_modules/@biomejs/cli-darwin-x64 Completed in 8ms
145 timing reifyNode:node_modules/@biomejs/cli-darwin-arm64 Completed in 8ms
146 timing reifyNode:node_modules/rolldown/node_modules/@rolldown/binding-linux-arm64-gnu Completed in 8ms
147 timing reifyNode:node_modules/rolldown/node_modules/@rolldown/binding-wasm32-wasi Completed in 8ms
148 silly tarball no local data for @rolldown/binding-linux-arm64-gnu@https://registry.npmjs.org/@rolldown/binding-linux-arm64-gnu/-/binding-linux-arm64-gnu-1.2.1.tgz. Extracting by manifest.
149 http fetch POST 200 https://registry.npmjs.org/-/npm/v1/security/advisories/bulk 295ms
150 timing auditReport:getReport Completed in 301ms
151 silly audit report {
151 silly audit report   '@fastify/static': [
151 silly audit report     {
151 silly audit report       id: 1124285,
151 silly audit report       url: 'https://github.com/advisories/GHSA-8pvw-jcv7-9cmj',
151 silly audit report       title: '@fastify/static vulnerable to Authorization Bypass via Non-Canonical URL Paths',
151 silly audit report       severity: 'moderate',
151 silly audit report       vulnerable_versions: '<=10.1.1',
151 silly audit report       cwe: [Array],
151 silly audit report       cvss: [Object]
151 silly audit report     },
151 silly audit report     {
151 silly audit report       id: 1124286,
151 silly audit report       url: 'https://github.com/advisories/GHSA-83w8-p2f5-377r',
151 silly audit report       title: '@fastify/static vulnerable to route guard bypass via path traversal',
151 silly audit report       severity: 'high',
151 silly audit report       vulnerable_versions: '<=10.1.0',
151 silly audit report       cwe: [Array],
151 silly audit report       cvss: [Object]
151 silly audit report     }
151 silly audit report   ],
151 silly audit report   'brace-expansion': [
151 silly audit report     {
151 silly audit report       id: 1123896,
151 silly audit report       url: 'https://github.com/advisories/GHSA-3jxr-9vmj-r5cp',
151 silly audit report       title: 'brace-expansion: DoS via exponential-time expansion of consecutive non-expanding {} groups',
151 silly audit report       severity: 'high',
151 silly audit report       vulnerable_versions: '>=2.0.0 <2.1.2',
151 silly audit report       cwe: [Array],
151 silly audit report       cvss: [Object]
151 silly audit report     },
151 silly audit report     {
151 silly audit report       id: 1123897,
151 silly audit report       url: 'https://github.com/advisories/GHSA-3jxr-9vmj-r5cp',
151 silly audit report       title: 'brace-expansion: DoS via exponential-time expansion of consecutive non-expanding {} groups',
151 silly audit report       severity: 'high',
151 silly audit report       vulnerable_versions: '<1.1.16',
151 silly audit report       cwe: [Array],
151 silly audit report       cvss: [Object]
151 silly audit report     },
151 silly audit report     {
151 silly audit report       id: 1124334,
151 silly audit report       url: 'https://github.com/advisories/GHSA-mh99-v99m-4gvg',
151 silly audit report       title: 'brace-expansion: DoS via unbounded expansion length causing an out-of-memory process crash',
151 silly audit report       severity: 'high',
151 silly audit report       vulnerable_versions: '<=5.0.7',
151 silly audit report       cwe: [Array],
151 silly audit report       cvss: [Object]
151 silly audit report     }
151 silly audit report   ],
151 silly audit report   '@tootallnate/once': [
151 silly audit report     {
151 silly audit report       id: 1119438,
151 silly audit report       url: 'https://github.com/advisories/GHSA-vpq2-c234-7xj6',
151 silly audit report       title: '@tootallnate/once vulnerable to Incorrect Control Flow Scoping',
151 silly audit report       severity: 'low',
151 silly audit report       vulnerable_versions: '<2.0.1',
151 silly audit report       cwe: [Array],
151 silly audit report       cvss: [Object]
151 silly audit report     }
151 silly audit report   ],
151 silly audit report   'fast-uri': [
151 silly audit report     {
151 silly audit report       id: 1130177,
151 silly audit report       url: 'https://github.com/advisories/GHSA-4c8g-83qw-93j6',
151 silly audit report       title: 'fast-uri vulnerable to host confusion via failed IDN canonicalization',
151 silly audit report       severity: 'high',
151 silly audit report       vulnerable_versions: '>=2.3.1 <2.4.2',
151 silly audit report       cwe: [Array],
151 silly audit report       cvss: [Object]
151 silly audit report     },
151 silly audit report     {
151 silly audit report       id: 1130178,
151 silly audit report       url: 'https://github.com/advisories/GHSA-4c8g-83qw-93j6',
151 silly audit report       title: 'fast-uri vulnerable to host confusion via failed IDN canonicalization',
151 silly audit report       severity: 'high',
151 silly audit report       vulnerable_versions: '>=3.0.0 <3.1.3',
151 silly audit report       cwe: [Array],
151 silly audit report       cvss: [Object]
151 silly audit report     },
151 silly audit report     {
151 silly audit report       id: 1117884,
151 silly audit report       url: 'https://github.com/advisories/GHSA-v39h-62p7-jpjc',
151 silly audit report       title: 'fast-uri vulnerable to host confusion via percent-encoded authority delimiters',
151 silly audit report       severity: 'high',
151 silly audit report       vulnerable_versions: '<=3.1.1',
151 silly audit report       cwe: [Array],
151 silly audit report       cvss: [Object]
151 silly audit report     },
151 silly audit report     {
151 silly audit report       id: 1117870,
151 silly audit report       url: 'https://github.com/advisories/GHSA-q3j6-qgpj-74h6',
151 silly audit report       title: 'fast-uri vulnerable to path traversal via percent-encoded dot segments',
151 silly audit report       severity: 'high',
151 silly audit report       vulnerable_versions: '<=3.1.0',
151 silly audit report       cwe: [Array],
151 silly audit report       cvss: [Object]
151 silly audit report     },
151 silly audit report     {
151 silly audit report       id: 1124064,
151 silly audit report       url: 'https://github.com/advisories/GHSA-v2hh-gcrm-f6hx',
151 silly audit report       title: 'fast-uri vulnerable to host confusion via literal backslash authority delimiter',
151 silly audit report       severity: 'high',
151 silly audit report       vulnerable_versions: '>=3.0.0 <=3.1.3',
151 silly audit report       cwe: [Array],
151 silly audit report       cvss: [Object]
151 silly audit report     },
151 silly audit report     {
151 silly audit report       id: 1124065,
151 silly audit report       url: 'https://github.com/advisories/GHSA-v2hh-gcrm-f6hx',
151 silly audit report       title: 'fast-uri vulnerable to host confusion via literal backslash authority delimiter',
151 silly audit report       severity: 'high',
151 silly audit report       vulnerable_versions: '>=2.3.1 <=2.4.2',
151 silly audit report       cwe: [Array],
151 silly audit report       cvss: [Object]
151 silly audit report     }
151 silly audit report   ],
151 silly audit report   cookie: [
151 silly audit report     {
151 silly audit report       id: 1103907,
151 silly audit report       url: 'https://github.com/advisories/GHSA-pxg6-pf52-xh8x',
151 silly audit report       title: 'cookie accepts cookie name, path, and domain with out of bounds characters',
151 silly audit report       severity: 'low',
151 silly audit report       vulnerable_versions: '<0.7.0',
151 silly audit report       cwe: [Array],
151 silly audit report       cvss: [Object]
151 silly audit report     }
151 silly audit report   ],
151 silly audit report   fastify: [
151 silly audit report     {
151 silly audit report       id: 1112876,
151 silly audit report       url: 'https://github.com/advisories/GHSA-mrq3-vjjr-p77c',
151 silly audit report       title: 'Fastify Vulnerable to DoS via Unbounded Memory Allocation in sendWebStream',
151 silly audit report       severity: 'low',
151 silly audit report       vulnerable_versions: '<=5.7.2',
151 silly audit report       cwe: [Array],
151 silly audit report       cvss: [Object]
151 silly audit report     },
151 silly audit report     {
151 silly audit report       id: 1112877,
151 silly audit report       url: 'https://github.com/advisories/GHSA-jx2c-rxcm-jvmq',
151 silly audit report       title: "Fastify's Content-Type header tab character allows body validation bypass",
151 silly audit report       severity: 'high',
151 silly audit report       vulnerable_versions: '<5.7.2',
151 silly audit report       cwe: [Array],
151 silly audit report       cvss: [Object]
151 silly audit report     },
151 silly audit report     {
151 silly audit report       id: 1115367,
151 silly audit report       url: 'https://github.com/advisories/GHSA-444r-cwp2-x5xf',
151 silly audit report       title: 'fastify: request.protocol and request.host Spoofable via X-Forwarded-Proto/Host from Untrusted Connections',
151 silly audit report       severity: 'moderate',
151 silly audit report       vulnerable_versions: '<=5.8.2',
151 silly audit report       cwe: [Array],
151 silly audit report       cvss: [Object]
151 silly audit report     }
151 silly audit report   ],
151 silly audit report   'find-my-way': [
151 silly audit report     {
151 silly audit report       id: 1124273,
151 silly audit report       url: 'https://github.com/advisories/GHSA-c96f-x56v-gq3h',
151 silly audit report       title: 'find-my-way: DDoS with HTTP2',
151 silly audit report       severity: 'high',
151 silly audit report       vulnerable_versions: '<=9.6.0',
151 silly audit report       cwe: [Array],
151 silly audit report       cvss: [Object]
151 silly audit report     }
151 silly audit report   ],
151 silly audit report   'js-yaml': [
151 silly audit report     {
151 silly audit report       id: 1123911,
151 silly audit report       url: 'https://github.com/advisories/GHSA-52cp-r559-cp3m',
151 silly audit report       title: 'js-yaml: YAML merge-key chains can force quadratic CPU consumption',
151 silly audit report       severity: 'high',
151 silly audit report       vulnerable_versions: '>=4.0.0 <4.3.0',
151 silly audit report       cwe: [Array],
151 silly audit report       cvss: [Object]
151 silly audit report     }
151 silly audit report   ],
151 silly audit report   'linkify-it': [
151 silly audit report     {
151 silly audit report       id: 1121797,
151 silly audit report       url: 'https://github.com/advisories/GHSA-22p9-wv53-3rq4',
151 silly audit report       title: 'LinkifyIt#match scan loop has quadratic algorithmic complexity',
151 silly audit report       severity: 'high',
151 silly audit report       vulnerable_versions: '<=5.0.0',
151 silly audit report       cwe: [Array],
151 silly audit report       cvss: [Object]
151 silly audit report     },
151 silly audit report     {
151 silly audit report       id: 1124012,
151 silly audit report       url: 'https://github.com/advisories/GHSA-v245-v573-v5vm',
151 silly audit report       title: 'linkify-it: Quadratic-complexity DoS via the `mailto:` validator scan-loop on attacker text',
151 silly audit report       severity: 'high',
151 silly audit report       vulnerable_versions: '<=5.0.1',
151 silly audit report       cwe: [Array],
151 silly audit report       cvss: [Object]
151 silly audit report     }
151 silly audit report   ],
151 silly audit report   'markdown-it': [
151 silly audit report     {
151 silly audit report       id: 1113190,
151 silly audit report       url: 'https://github.com/advisories/GHSA-38c4-r59v-3vqw',
151 silly audit report       title: 'markdown-it is has a Regular Expression Denial of Service (ReDoS)',
151 silly audit report       severity: 'moderate',
151 silly audit report       vulnerable_versions: '>=13.0.0 <14.1.1',
151 silly audit report       cwe: [Array],
151 silly audit report       cvss: [Object]
151 silly audit report     },
151 silly audit report     {
151 silly audit report       id: 1120820,
151 silly audit report       url: 'https://github.com/advisories/GHSA-6v5v-wf23-fmfq',
151 silly audit report       title: 'markdown-it: Quadratic complexity DoS in smartquotes rule via replaceAt string operations',
151 silly audit report       severity: 'moderate',
151 silly audit report       vulnerable_versions: '<=14.1.1',
151 silly audit report       cwe: [Array],
151 silly audit report       cvss: [Object]
151 silly audit report     }
151 silly audit report   ],
151 silly audit report   postcss: [
151 silly audit report     {
151 silly audit report       id: 1124288,
151 silly audit report       url: 'https://github.com/advisories/GHSA-r28c-9q8g-f849',
151 silly audit report       title: 'PostCSS: Path Traversal in Previous Source Map Auto-Loading (sourceMappingURL) leads to Arbitrary .map File Disclosure',
151 silly audit report       severity: 'high',
151 silly audit report       vulnerable_versions: '<=8.5.17',
151 silly audit report       cwe: [Array],
151 silly audit report       cvss: [Object]
151 silly audit report     }
151 silly audit report   ],
151 silly audit report   'shell-quote': [
151 silly audit report     {
151 silly audit report       id: 1123944,
151 silly audit report       url: 'https://github.com/advisories/GHSA-395f-4hp3-45gv',
151 silly audit report       title: 'shell-quote: Quadratic-complexity Denial of Service in `parse()` (CWE-407)',
151 silly audit report       severity: 'high',
151 silly audit report       vulnerable_versions: '<=1.8.4',
151 silly audit report       cwe: [Array],
151 silly audit report       cvss: [Object]
151 silly audit report     }
151 silly audit report   ],
151 silly audit report   sigstore: [
151 silly audit report     {
151 silly audit report       id: 1122163,
151 silly audit report       url: 'https://github.com/advisories/GHSA-52v5-jr5w-gjxr',
151 silly audit report       title: "sigstore's `certificateOIDs` verification constraints are silently dropped and never enforced",
151 silly audit report       severity: 'high',
151 silly audit report       vulnerable_versions: '<=4.1.0',
151 silly audit report       cwe: [Array],
151 silly audit report       cvss: [Object]
151 silly audit report     }
151 silly audit report   ],
151 silly audit report   tar: [
151 silly audit report     {
151 silly audit report       id: 1112659,
151 silly audit report       url: 'https://github.com/advisories/GHSA-34x7-hfp2-rc4v',
151 silly audit report       title: 'node-tar Vulnerable to Arbitrary File Creation/Overwrite via Hardlink Path Traversal',
151 silly audit report       severity: 'high',
151 silly audit report       vulnerable_versions: '<7.5.7',
151 silly audit report       cwe: [Array],
151 silly audit report       cvss: [Object]
151 silly audit report     },
151 silly audit report     {
151 silly audit report       id: 1113300,
151 silly audit report       url: 'https://github.com/advisories/GHSA-8qq5-rm4j-mr97',
151 silly audit report       title: 'node-tar is Vulnerable to Arbitrary File Overwrite and Symlink Poisoning via Insufficient Path Sanitization',
151 silly audit report       severity: 'high',
151 silly audit report       vulnerable_versions: '<=7.5.2',
151 silly audit report       cwe: [Array],
151 silly audit report       cvss: [Object]
151 silly audit report     },
151 silly audit report     {
151 silly audit report       id: 1113375,
151 silly audit report       url: 'https://github.com/advisories/GHSA-83g3-92jg-28cx',
151 silly audit report       title: 'Arbitrary File Read/Write via Hardlink Target Escape Through Symlink Chain in node-tar Extraction',
151 silly audit report       severity: 'high',
151 silly audit report       vulnerable_versions: '<7.5.8',
151 silly audit report       cwe: [Array],
151 silly audit report       cvss: [Object]
151 silly audit report     },
151 silly audit report     {
151 silly audit report       id: 1114200,
151 silly audit report       url: 'https://github.com/advisories/GHSA-qffp-2rhf-9h96',
151 silly audit report       title: 'tar has Hardlink Path Traversal via Drive-Relative Linkpath',
151 silly audit report       severity: 'high',
151 silly audit report       vulnerable_versions: '<=7.5.9',
151 silly audit report       cwe: [Array],
151 silly audit report       cvss: [Object]
151 silly audit report     },
151 silly audit report     {
151 silly audit report       id: 1114302,
151 silly audit report       url: 'https://github.com/advisories/GHSA-9ppj-qmqm-q256',
151 silly audit report       title: 'node-tar Symlink Path Traversal via Drive-Relative Linkpath',
151 silly audit report       severity: 'high',
151 silly audit report       vulnerable_versions: '<=7.5.10',
151 silly audit report       cwe: [Array],
151 silly audit report       cvss: [Object]
151 silly audit report     },
151 silly audit report     {
151 silly audit report       id: 1120782,
151 silly audit report       url: 'https://github.com/advisories/GHSA-vmf3-w455-68vh',
151 silly audit report       title: 'node-tar applies PAX size override to intermediary GNU long-name/long-link headers, causing tar parser interpretation differential (file smuggling)',
151 silly audit report       severity: 'moderate',
151 silly audit report       vulnerable_versions: '<=7.5.15',
151 silly audit report       cwe: [Array],
151 silly audit report       cvss: [Object]
151 silly audit report     },
151 silly audit report     {
151 silly audit report       id: 1114680,
151 silly audit report       url: 'https://github.com/advisories/GHSA-r6q2-hw4h-h46w',
151 silly audit report       title: 'Race Condition in node-tar Path Reservations via Unicode Ligature Collisions on macOS APFS',
151 silly audit report       severity: 'high',
151 silly audit report       vulnerable_versions: '<=7.5.3',
151 silly audit report       cwe: [Array],
151 silly audit report       cvss: [Object]
151 silly audit report     },
151 silly audit report     {
151 silly audit report       id: 1123939,
151 silly audit report       url: 'https://github.com/advisories/GHSA-w8wr-v893-vjvp',
151 silly audit report       title: 'node-tar: Process crash via PAX numeric path type confusion',
151 silly audit report       severity: 'moderate',
151 silly audit report       vulnerable_versions: '<=7.5.17',
151 silly audit report       cwe: [Array],
151 silly audit report       cvss: [Object]
151 silly audit report     },
151 silly audit report     {
151 silly audit report       id: 1123940,
151 silly audit report       url: 'https://github.com/advisories/GHSA-23hp-3jrh-7fpw',
151 silly audit report       title: 'node-tar: Decompression/parse DoS via unlimited input',
151 silly audit report       severity: 'critical',
151 silly audit report       vulnerable_versions: '<=7.5.18',
151 silly audit report       cwe: [Array],
151 silly audit report       cvss: [Object]
151 silly audit report     },
151 silly audit report     {
151 silly audit report       id: 1123941,
151 silly audit report       url: 'https://github.com/advisories/GHSA-8x88-c5mf-7j5w',
151 silly audit report       title: 'node-tar: Negative tar entry size causes infinite loop in archive replace',
151 silly audit report       severity: 'high',
151 silly audit report       vulnerable_versions: '<=7.5.17',
151 silly audit report       cwe: [Array],
151 silly audit report       cvss: [Object]
151 silly audit report     },
151 silly audit report     {
151 silly audit report       id: 1123942,
151 silly audit report       url: 'https://github.com/advisories/GHSA-gvwx-54wh-qm9j',
151 silly audit report       title: 'node-tar: Uncaught Exception DoS via NUL byte in PAX path/linkpath records',
151 silly audit report       severity: 'moderate',
151 silly audit report       vulnerable_versions: '<=7.5.16',
151 silly audit report       cwe: [Array],
151 silly audit report       cvss: [Object]
151 silly audit report     },
151 silly audit report     {
151 silly audit report       id: 1124287,
151 silly audit report       url: 'https://github.com/advisories/GHSA-r292-9mhp-454m',
151 silly audit report       title: 'node-tar: Uncontrolled recursion in mapHas/filesFilter allows uncatchable stack-overflow DoS via crafted long-path tar with member selection',
151 silly audit report       severity: 'moderate',
151 silly audit report       vulnerable_versions: '<=7.5.20',
151 silly audit report       cwe: [Array],
151 silly audit report       cvss: [Object]
151 silly audit report     }
151 silly audit report   ],
151 silly audit report   uuid: [
151 silly audit report     {
151 silly audit report       id: 1119441,
151 silly audit report       url: 'https://github.com/advisories/GHSA-w5hq-g745-h8pq',
151 silly audit report       title: 'uuid: Missing buffer bounds check in v3/v5/v6 when buf is provided',
151 silly audit report       severity: 'moderate',
151 silly audit report       vulnerable_versions: '<11.1.1',
151 silly audit report       cwe: [Array],
151 silly audit report       cvss: [Object]
151 silly audit report     }
151 silly audit report   ]
151 silly audit report }
152 timing metavuln:cache:get:security-advisory:@fastify/static:vJQxuDabwf/lxVHwcOZQkzkX7hhnf4wrgnpZ2Dr31HSLeMd0yRPqgyyCboXxS1U+79b908a1dmpc+Z9eMh7V6w== Completed in 55ms
153 timing metavuln:cache:get:security-advisory:@fastify/static:BMLqIUc37y/VyRvt5MnGIwdOE4gi5MdGwD1kkkwJnaquWCLeJ2eJo5GKXfqJt4p4tTd2x5xaTt9vWI5FhYbG4A== Completed in 55ms
154 timing metavuln:cache:get:security-advisory:@tootallnate/once:RyUbVwDER6hlZeLYzL19XqR+OGrI+BAaez0VsdQf9/WPYcnTOUHmTWbM2NvRheaH0Hyt6HiDsj5nc0Pl198ZCA== Completed in 55ms
155 timing metavuln:cache:get:security-advisory:brace-expansion:wDEbqWk4yLp9m7y1JKlfB/VOQdNxO6zv9mx3cQ5VptPHpE7Ova1G3NkU4hgGmOmyWoA3/1d/SEsb3LnkNTA35A== Completed in 56ms
156 timing metavuln:cache:get:security-advisory:brace-expansion:8oOLS67XweNywiGNx5L+6SvNn2KB7xR8kOhhQW3y11e/1FIqzHMTjZdmNIIGBfwh+NAkZmQ+9Oj3YUp92LM3Wg== Completed in 56ms
157 timing metavuln:cache:get:security-advisory:fast-uri:eOa7c7ILtYrQRi7Vh70WI0pPtbJX306JIRinfkWw7EszqtCMyh5zDLP+J7GgLnqrHAp+szaZMuWjykheayYbvw== Completed in 55ms
158 timing metavuln:cache:get:security-advisory:fast-uri:5tWf/2F3oSWWqD4tNlM8UnT48bBXTuxzL4RXyhSzco0q9ah5Uf8FT8B+R1B3zzPpBEvBRtxaq8Up076jybNs6w== Completed in 55ms
159 timing metavuln:cache:get:security-advisory:brace-expansion:PQJD9f/R+gZHzy8Kum92H0T3UQqabegIfHiV7L8FBJBVTR87ofLn3d+vKwC/tzMIvwczV2dC4pL2IBeLdqV8/Q== Completed in 56ms
160 timing metavuln:cache:get:security-advisory:fast-uri:fTTiMZspTWeoKOVqKU9Q0USuYqGMWJ+bjiecrY+1rBId3DQy+I4aUNOxjJ178zbbPFdPxnzDihrPXdDaH3rFRw== Completed in 55ms
161 timing metavuln:cache:get:security-advisory:fast-uri:tmsTPTzWZa0jUacC9e8efCiEZHfZhUczZbry62wY511+xdh7CI7RMM9+4ui20oTLcl6qec79QaTiTHEMUt5v+g== Completed in 55ms
162 timing metavuln:cache:get:security-advisory:fast-uri:QBT+YWg36QlsCGIVyx+qyR2DNhgjC+VCOjRO1zswpjRQn4lFmcf77EeA6ufO4yxSJO9dVgUtRQ76zfsnZLLsHg== Completed in 55ms
163 timing metavuln:cache:get:security-advisory:cookie:EFt7h/FZLeopARa06+F2CBY5ItUm007mP/cHgZjTJZX1MeIwg3JD7toSioRoDeE8wm5VdkimqlS+CnuPhZqbIg== Completed in 55ms
164 timing metavuln:cache:get:security-advisory:fast-uri:ilQwk88D5+dyz6GkJu/mC2fpj9JTHSoJ/e6hwy1CcJtEs9/R/mhL+eT4+pthIQl2RZKnS5U/PJx9ZZnCrQlkvg== Completed in 55ms
165 timing metavuln:cache:get:security-advisory:fastify:5OdrwYv5Xzq+rI3bchsuaHIz85Yyo5gTdhOrQGf2Em7pRhXXR2ur0R7W7qQ6UpWsSxuRBW8Fdp57dyqUhR5/yw== Completed in 56ms
166 timing metavuln:cache:get:security-advisory:js-yaml:4JRmIWaw7t9g2nj2coc/knMKSpUTTvf6gd7QGFDejryJnGjc+YeBUVzshR5afcQZnuPyYGRjBRxydkQEqdhtbQ== Completed in 56ms
167 timing metavuln:cache:get:security-advisory:linkify-it:Jny8VoHLDJBrjgSbMl+w6XYk0OnzfbGBGjWZrQjqsrrYWsaN7vbYaHR4lV3pOpGX7RAk1TTwEdcZ8yccpCPihA== Completed in 55ms
168 timing metavuln:cache:get:security-advisory:find-my-way:+YpghwLI6PUIyWp8XHl8sipi8orFgC/bXvA8UTBhSVgt6QefqkNEXuSkTqpzFKftATFLq+TrCW8XYCm94wIjQA== Completed in 56ms
169 timing metavuln:cache:get:security-advisory:linkify-it:7/w4Aok6/6mHGmv2Uc4svaXHiXUk97svBQl+ENxsN59mRMVAweX/V/Md1OXchNwbfAGlwCUI/sKdB9GYZMICzw== Completed in 56ms
170 timing metavuln:cache:get:security-advisory:markdown-it:745Vt4mrHCdT8gFHVh7oHROmP4aH4fErXXhbpeVBhtIHmsxTVI7P3rJSdfXZ1iZTBS6GEnTERL4OWUfc4Co9jQ== Completed in 55ms
171 timing metavuln:cache:get:security-advisory:fastify:vrddC5kD1iC6bjQC2yMAnNLy1/+VmRDX3Vr+8eGmbbd/ikD6VgNiIpwTn2TMS3TAzr8ZR+5OeLpu/4I5U8QBKA== Completed in 56ms
172 timing metavuln:cache:get:security-advisory:fastify:Mu3bbsgGIQMzQU+JUqKbxbOdmJ9sahc+8jmwkzzm3/7BqYYzReNvhjLjZ9XT5ElUjr+2gUCz/6X6tV16iM+obQ== Completed in 56ms
173 timing metavuln:cache:get:security-advisory:postcss:o0q0EDh/c/yXO8mW7onxyfY8gGQ+yllv0PybMT2eaE76E/1OkdcEp4nbyN5c17b8FHTbrA+h3QdVSYn/qLhRng== Completed in 55ms
174 timing metavuln:cache:get:security-advisory:shell-quote:gWuMLxJrdB5cYYnXmLuPYjWBh9v3T6mAs/1n90qstizAjUwF6JtEegc7pxpOH6qZDJP592oeHHx4biyk4QlJHg== Completed in 55ms
175 timing metavuln:cache:get:security-advisory:tar:UWW3Y4BpqE/fE3Qp2/QBaix5a7TZZoP7gM6asxPYL9ED9MweoK3ryao+Bp0Y6Y8Xds/rmjAafpG21YRYkP3N4g== Completed in 55ms
176 timing metavuln:cache:get:security-advisory:tar:eeMx7uxRjV2T2ub1XcSZGVUMDQllh5SgBOjApRXoDwccZb2xPyoJEKCNDkl/ZQGHcurw9K/Nf+wQF6u7SWH6CQ== Completed in 55ms
177 timing metavuln:cache:get:security-advisory:markdown-it:6cbrYTEXVy1JvQq8uTvzjskW8pf6BmH8gILPrCKTaxXCYedFXg9FI2838ahB0x0+EvFApaZfLnL0JeF1WspBgg== Completed in 55ms
178 timing metavuln:cache:get:security-advisory:sigstore:skzVwsWYa8zuQ7SA5ICFpsE0xnM0OG7fX/J/DEdN8ubKUINIpvS+u8ACU9GH/TPzcgMZklLVWP1xJFTqFcWQFw== Completed in 55ms
179 timing metavuln:cache:get:security-advisory:tar:qPQeYPFDBIedTWfYK3sbnScF6Ha7ouTs+wgndnz4PT5P+/K+GBD4epoPcYpXlu6AC7gSJlCJTJeuKbYAFoK9PA== Completed in 56ms
180 timing metavuln:cache:get:security-advisory:tar:cbwMpzkxWE086TmEbj2aUk80Z6hlvP0jzlWS+XiX15JwqEtFzUgHyHj3QX4I6EZYk8tgcYPuNr3hYFVCQY6e3Q== Completed in 56ms
181 timing metavuln:cache:get:security-advisory:tar:HvLlMJbJXEUK/onHcx6iH5KU2NP+7E7MMPhRhGnsmcr2FY6JAnWF2rcRAgVDBJAOnatQ9kP+OBlK6rRRB4Lm1w== Completed in 56ms
182 timing metavuln:cache:get:security-advisory:tar:Bbf0Br7FJ1lJBIJDoLLFwjsDrbaYgLVqfrwr0ATzSQWEKW7Xp073S+5zxU9imRf4OqRJHo2MsCDeyKR0KRVsdA== Completed in 56ms
183 timing metavuln:cache:get:security-advisory:tar:W1TcF4N8X2Krsm+r3h0ddGUXMEZZiAaynzYZTQxJc/5bpRkiYZlmagV6PyPqJsq/qtKMzvdrdTLDuOgdPU5XNA== Completed in 56ms
184 timing metavuln:cache:get:security-advisory:tar:vbDW3SJe6e2hhLv65iuyXehzCzEAirdu2MloZluu8ApJ5S0mpjZNCz+7tMRaz8WDOzMKfYQKi/M/IfcFNOa3Cw== Completed in 56ms
185 timing metavuln:cache:get:security-advisory:tar:9WNWShpJfn52pM8ZKKqi6EHYXLJH6jIL35WJ1kx3R94kQ68yiei98QDX2MAYELuoz72lFzgt8ZNwVFO+0shTPQ== Completed in 56ms
186 timing metavuln:cache:get:security-advisory:uuid:fjKShcKspemxj7050oTyq4F6Ys6oXOzZoO3QUapp6PgJCcrmTMbXQaxkcJ1QLLNHzsQ9sgLuhrlezjv+hoSUhg== Completed in 56ms
187 timing metavuln:cache:get:security-advisory:tar:WPAHyAaav02PDduw2eGnG6X+ABpwBjqmBwdNXRWo4FQEksB49HA4+TNk5yn/gtgvovYrJSHS2rT9f+21J9+P5g== Completed in 56ms
188 timing metavuln:cache:get:security-advisory:tar:arb4g8pdc7oanKU5x4mZlj4SU69lbBj1SSV/G1A404J9n2o/hIuWJHnMVKD9bwNuOjGRq9jrqCqZbeRyPHxymw== Completed in 56ms
189 timing metavuln:cache:get:security-advisory:tar:t6qp9bDoOJC5ykUhMod9HFHgHDvI1UW6GnqB8jJS6Yi46hF+kajSpG1iT7saQrxA8wmMjWcqOhBiMPJM8/0lzQ== Completed in 56ms
190 timing reifyNode:node_modules/rolldown/node_modules/@emnapi/wasi-threads Completed in 373ms
191 timing reifyNode:node_modules/rolldown/node_modules/@emnapi/runtime Completed in 376ms
192 timing reifyNode:node_modules/rolldown/node_modules/@emnapi/core Completed in 390ms
193 timing reifyNode:node_modules/lightningcss-linux-arm64-musl Completed in 459ms
194 timing reifyNode:node_modules/lightningcss-linux-arm64-gnu Completed in 459ms
195 http fetch GET 200 https://registry.npmjs.org/fastify 189ms (cache revalidated)
196 timing metavuln:packument:fastify Completed in 191ms
197 timing metavuln:load:security-advisory:fastify:1112876 Completed in 2ms
198 timing metavuln:calculate:security-advisory:fastify:1112876 Completed in 193ms
199 timing metavuln:load:security-advisory:fastify:1112877 Completed in 1ms
200 timing metavuln:calculate:security-advisory:fastify:1112877 Completed in 194ms
201 timing metavuln:load:security-advisory:fastify:1115367 Completed in 2ms
202 timing metavuln:calculate:security-advisory:fastify:1115367 Completed in 196ms
203 http fetch GET 200 https://registry.npmjs.org/postcss 436ms (cache revalidated)
204 timing metavuln:packument:postcss Completed in 439ms
205 timing metavuln:load:security-advisory:postcss:1124288 Completed in 0ms
206 timing metavuln:calculate:security-advisory:postcss:1124288 Completed in 439ms
207 http fetch GET 200 https://registry.npmjs.org/brace-expansion 441ms (cache revalidated)
208 timing metavuln:packument:brace-expansion Completed in 442ms
209 timing metavuln:load:security-advisory:brace-expansion:1123896 Completed in 0ms
210 timing metavuln:calculate:security-advisory:brace-expansion:1123896 Completed in 442ms
211 timing metavuln:load:security-advisory:brace-expansion:1123897 Completed in 0ms
212 timing metavuln:calculate:security-advisory:brace-expansion:1123897 Completed in 442ms
213 timing metavuln:load:security-advisory:brace-expansion:1124334 Completed in 0ms
214 timing metavuln:calculate:security-advisory:brace-expansion:1124334 Completed in 442ms
215 http fetch GET 200 https://registry.npmjs.org/sigstore 440ms (cache revalidated)
216 timing metavuln:packument:sigstore Completed in 440ms
217 timing metavuln:load:security-advisory:sigstore:1122163 Completed in 0ms
218 timing metavuln:calculate:security-advisory:sigstore:1122163 Completed in 440ms
219 http fetch GET 200 https://registry.npmjs.org/tar 441ms (cache revalidated)
220 timing metavuln:packument:tar Completed in 441ms
221 timing metavuln:load:security-advisory:tar:1112659 Completed in 1ms
222 timing metavuln:calculate:security-advisory:tar:1112659 Completed in 442ms
223 timing metavuln:load:security-advisory:tar:1113300 Completed in 0ms
224 timing metavuln:calculate:security-advisory:tar:1113300 Completed in 442ms
225 timing metavuln:load:security-advisory:tar:1113375 Completed in 0ms
226 timing metavuln:calculate:security-advisory:tar:1113375 Completed in 442ms
227 timing metavuln:load:security-advisory:tar:1114200 Completed in 1ms
228 timing metavuln:calculate:security-advisory:tar:1114200 Completed in 443ms
229 timing metavuln:load:security-advisory:tar:1114302 Completed in 0ms
230 timing metavuln:calculate:security-advisory:tar:1114302 Completed in 443ms
231 timing metavuln:load:security-advisory:tar:1120782 Completed in 1ms
232 timing metavuln:calculate:security-advisory:tar:1120782 Completed in 444ms
233 timing metavuln:load:security-advisory:tar:1114680 Completed in 0ms
234 timing metavuln:calculate:security-advisory:tar:1114680 Completed in 444ms
235 timing metavuln:load:security-advisory:tar:1123939 Completed in 1ms
236 timing metavuln:calculate:security-advisory:tar:1123939 Completed in 445ms
237 timing metavuln:load:security-advisory:tar:1123940 Completed in 0ms
238 timing metavuln:calculate:security-advisory:tar:1123940 Completed in 445ms
239 timing metavuln:load:security-advisory:tar:1123941 Completed in 0ms
240 timing metavuln:calculate:security-advisory:tar:1123941 Completed in 445ms
241 timing metavuln:load:security-advisory:tar:1123942 Completed in 1ms
242 timing metavuln:calculate:security-advisory:tar:1123942 Completed in 446ms
243 timing metavuln:load:security-advisory:tar:1124287 Completed in 0ms
244 timing metavuln:calculate:security-advisory:tar:1124287 Completed in 446ms
245 http fetch GET 200 https://registry.npmjs.org/js-yaml 447ms (cache revalidated)
246 timing metavuln:packument:js-yaml Completed in 447ms
247 timing metavuln:load:security-advisory:js-yaml:1123911 Completed in 0ms
248 timing metavuln:calculate:security-advisory:js-yaml:1123911 Completed in 448ms
249 http fetch GET 200 https://registry.npmjs.org/find-my-way 448ms (cache revalidated)
250 timing metavuln:packument:find-my-way Completed in 448ms
251 timing metavuln:load:security-advisory:find-my-way:1124273 Completed in 0ms
252 timing metavuln:calculate:security-advisory:find-my-way:1124273 Completed in 448ms
253 http fetch GET 200 https://registry.npmjs.org/linkify-it 450ms (cache revalidated)
254 timing metavuln:packument:linkify-it Completed in 451ms
255 timing metavuln:load:security-advisory:linkify-it:1121797 Completed in 0ms
256 timing metavuln:calculate:security-advisory:linkify-it:1121797 Completed in 452ms
257 timing metavuln:load:security-advisory:linkify-it:1124012 Completed in 0ms
258 timing metavuln:calculate:security-advisory:linkify-it:1124012 Completed in 451ms
259 http fetch GET 200 https://registry.npmjs.org/cookie 452ms (cache revalidated)
260 timing metavuln:packument:cookie Completed in 452ms
261 timing metavuln:load:security-advisory:cookie:1103907 Completed in 0ms
262 timing metavuln:calculate:security-advisory:cookie:1103907 Completed in 452ms
263 http fetch GET 200 https://registry.npmjs.org/@tootallnate%2fonce 454ms (cache revalidated)
264 timing metavuln:packument:@tootallnate/once Completed in 455ms
265 timing metavuln:load:security-advisory:@tootallnate/once:1119438 Completed in 0ms
266 timing metavuln:calculate:security-advisory:@tootallnate/once:1119438 Completed in 456ms
267 http fetch GET 200 https://registry.npmjs.org/@fastify%2fstatic 456ms (cache revalidated)
268 timing metavuln:packument:@fastify/static Completed in 456ms
269 timing metavuln:load:security-advisory:@fastify/static:1124285 Completed in 0ms
270 timing metavuln:calculate:security-advisory:@fastify/static:1124285 Completed in 456ms
271 timing metavuln:load:security-advisory:@fastify/static:1124286 Completed in 0ms
272 timing metavuln:calculate:security-advisory:@fastify/static:1124286 Completed in 456ms
273 http fetch GET 200 https://registry.npmjs.org/markdown-it 458ms (cache updated)
274 timing metavuln:packument:markdown-it Completed in 458ms
275 timing metavuln:load:security-advisory:markdown-it:1113190 Completed in 1ms
276 timing metavuln:load:security-advisory:markdown-it:1120820 Completed in 0ms
277 timing metavuln:cache:put:security-advisory:markdown-it:6cbrYTEXVy1JvQq8uTvzjskW8pf6BmH8gILPrCKTaxXCYedFXg9FI2838ahB0x0+EvFApaZfLnL0JeF1WspBgg== Completed in 4ms
278 timing metavuln:calculate:security-advisory:markdown-it:1120820 Completed in 464ms
279 timing metavuln:cache:put:security-advisory:markdown-it:745Vt4mrHCdT8gFHVh7oHROmP4aH4fErXXhbpeVBhtIHmsxTVI7P3rJSdfXZ1iZTBS6GEnTERL4OWUfc4Co9jQ== Completed in 5ms
280 timing metavuln:calculate:security-advisory:markdown-it:1113190 Completed in 464ms
281 http fetch GET 200 https://registry.npmjs.org/uuid 492ms (cache revalidated)
282 timing metavuln:packument:uuid Completed in 492ms
283 timing metavuln:load:security-advisory:uuid:1119441 Completed in 0ms
284 timing metavuln:calculate:security-advisory:uuid:1119441 Completed in 492ms
285 http fetch GET 200 https://registry.npmjs.org/shell-quote 506ms (cache revalidated)
286 timing metavuln:packument:shell-quote Completed in 506ms
287 timing metavuln:load:security-advisory:shell-quote:1123944 Completed in 0ms
288 timing metavuln:calculate:security-advisory:shell-quote:1123944 Completed in 506ms
289 http fetch GET 200 https://registry.npmjs.org/fast-uri 511ms (cache updated)
290 timing metavuln:packument:fast-uri Completed in 512ms
291 timing metavuln:load:security-advisory:fast-uri:1130177 Completed in 0ms
292 timing metavuln:load:security-advisory:fast-uri:1130178 Completed in 0ms
293 timing metavuln:load:security-advisory:fast-uri:1117884 Completed in 0ms
294 timing metavuln:load:security-advisory:fast-uri:1117870 Completed in 0ms
295 timing metavuln:load:security-advisory:fast-uri:1124064 Completed in 0ms
296 timing metavuln:load:security-advisory:fast-uri:1124065 Completed in 1ms
297 timing metavuln:cache:put:security-advisory:fast-uri:fTTiMZspTWeoKOVqKU9Q0USuYqGMWJ+bjiecrY+1rBId3DQy+I4aUNOxjJ178zbbPFdPxnzDihrPXdDaH3rFRw== Completed in 5ms
298 timing metavuln:calculate:security-advisory:fast-uri:1130177 Completed in 518ms
299 timing metavuln:cache:put:security-advisory:fast-uri:tmsTPTzWZa0jUacC9e8efCiEZHfZhUczZbry62wY511+xdh7CI7RMM9+4ui20oTLcl6qec79QaTiTHEMUt5v+g== Completed in 6ms
300 timing metavuln:calculate:security-advisory:fast-uri:1124064 Completed in 518ms
301 timing metavuln:cache:put:security-advisory:fast-uri:ilQwk88D5+dyz6GkJu/mC2fpj9JTHSoJ/e6hwy1CcJtEs9/R/mhL+eT4+pthIQl2RZKnS5U/PJx9ZZnCrQlkvg== Completed in 5ms
302 timing metavuln:calculate:security-advisory:fast-uri:1124065 Completed in 518ms
303 timing metavuln:cache:put:security-advisory:fast-uri:eOa7c7ILtYrQRi7Vh70WI0pPtbJX306JIRinfkWw7EszqtCMyh5zDLP+J7GgLnqrHAp+szaZMuWjykheayYbvw== Completed in 6ms
304 timing metavuln:calculate:security-advisory:fast-uri:1117884 Completed in 518ms
305 timing metavuln:cache:put:security-advisory:fast-uri:5tWf/2F3oSWWqD4tNlM8UnT48bBXTuxzL4RXyhSzco0q9ah5Uf8FT8B+R1B3zzPpBEvBRtxaq8Up076jybNs6w== Completed in 6ms
306 timing metavuln:calculate:security-advisory:fast-uri:1130178 Completed in 518ms
307 timing metavuln:cache:put:security-advisory:fast-uri:QBT+YWg36QlsCGIVyx+qyR2DNhgjC+VCOjRO1zswpjRQn4lFmcf77EeA6ufO4yxSJO9dVgUtRQ76zfsnZLLsHg== Completed in 6ms
308 timing metavuln:calculate:security-advisory:fast-uri:1117870 Completed in 518ms
309 timing reifyNode:node_modules/@biomejs/cli-linux-arm64-musl Completed in 817ms
310 timing metavuln:cache:get:security-advisory:minimatch:9FmmcEqjJRGCRuUzBFEiqiok0NjOw/tWkD+y2awREyXyxqdNEuADxLDQxc4ATHZIPNM0lGSQMLlWFH8q1XMpbQ== Completed in 3ms
311 timing reifyNode:node_modules/@biomejs/cli-linux-arm64 Completed in 830ms
312 http fetch GET 200 https://registry.npmjs.org/minimatch 203ms (cache revalidated)
313 timing metavuln:packument:minimatch Completed in 203ms
314 timing metavuln:load:security-advisory:minimatch:8oOLS67XweNywiGNx5L+6SvNn2KB7xR8kOhhQW3y11e/1FIqzHMTjZdmNIIGBfwh+NAkZmQ+9Oj3YUp92LM3Wg== Completed in 1ms
315 timing metavuln:calculate:security-advisory:minimatch:8oOLS67XweNywiGNx5L+6SvNn2KB7xR8kOhhQW3y11e/1FIqzHMTjZdmNIIGBfwh+NAkZmQ+9Oj3YUp92LM3Wg== Completed in 204ms
316 timing metavuln:cache:get:security-advisory:minimatch:ueWD6Y8x//WNpXc6WXdFAw1nnMf8Paw4OTz+jDQb68kPQkvXeRtiI2z/3A8KuRnMz2j+Lj/ppxKd98LwDP8NFg== Completed in 3ms
317 timing metavuln:load:security-advisory:minimatch:wDEbqWk4yLp9m7y1JKlfB/VOQdNxO6zv9mx3cQ5VptPHpE7Ova1G3NkU4hgGmOmyWoA3/1d/SEsb3LnkNTA35A== Completed in 0ms
318 timing metavuln:calculate:security-advisory:minimatch:wDEbqWk4yLp9m7y1JKlfB/VOQdNxO6zv9mx3cQ5VptPHpE7Ova1G3NkU4hgGmOmyWoA3/1d/SEsb3LnkNTA35A== Completed in 3ms
319 timing metavuln:cache:get:security-advisory:http-proxy-agent:Sjgcdi3KNx46lPAcvPjDvUYseDE8QeQwjwFhOT0x3Jbc510S0ZyAHXwRcn/9ytGyLhPcBzh4ZFlW/g9SIoHDDw== Completed in 4ms
320 http fetch GET 200 https://registry.npmjs.org/http-proxy-agent 95ms (cache revalidated)
321 timing metavuln:packument:http-proxy-agent Completed in 96ms
322 timing metavuln:load:security-advisory:http-proxy-agent:RyUbVwDER6hlZeLYzL19XqR+OGrI+BAaez0VsdQf9/WPYcnTOUHmTWbM2NvRheaH0Hyt6HiDsj5nc0Pl198ZCA== Completed in 1ms
323 timing metavuln:calculate:security-advisory:http-proxy-agent:RyUbVwDER6hlZeLYzL19XqR+OGrI+BAaez0VsdQf9/WPYcnTOUHmTWbM2NvRheaH0Hyt6HiDsj5nc0Pl198ZCA== Completed in 97ms
324 timing metavuln:cache:get:security-advisory:@fastify/ajv-compiler:RTCvVLH2w8E+kFKmZECJuM4clbsv1NSYVu+SAc1Y7Za10zNzg2OYDDmX/8w+3DJeY4Ij3FLlro91eDGbe+bTIg== Completed in 6ms
325 timing metavuln:cache:get:security-advisory:fast-json-stringify:i3/qN7TCf13ynAB/S84+mwyE/qxdIaVJnrKDZpHGgFIuQCJ0Nuuf6jCpYPum0eV1EZrZ900Utp7TBwWWMyTJLA== Completed in 6ms
326 http fetch GET 200 https://registry.npmjs.org/fast-json-stringify 101ms (cache revalidated)
327 timing metavuln:packument:fast-json-stringify Completed in 102ms
328 timing metavuln:load:security-advisory:fast-json-stringify:fTTiMZspTWeoKOVqKU9Q0USuYqGMWJ+bjiecrY+1rBId3DQy+I4aUNOxjJ178zbbPFdPxnzDihrPXdDaH3rFRw== Completed in 2ms
329 timing metavuln:cache:put:security-advisory:fast-json-stringify:i3/qN7TCf13ynAB/S84+mwyE/qxdIaVJnrKDZpHGgFIuQCJ0Nuuf6jCpYPum0eV1EZrZ900Utp7TBwWWMyTJLA== Completed in 3ms
330 timing metavuln:calculate:security-advisory:fast-json-stringify:fTTiMZspTWeoKOVqKU9Q0USuYqGMWJ+bjiecrY+1rBId3DQy+I4aUNOxjJ178zbbPFdPxnzDihrPXdDaH3rFRw== Completed in 107ms
331 http fetch GET 200 https://registry.npmjs.org/@fastify%2fajv-compiler 113ms (cache revalidated)
332 timing metavuln:packument:@fastify/ajv-compiler Completed in 113ms
333 timing metavuln:load:security-advisory:@fastify/ajv-compiler:fTTiMZspTWeoKOVqKU9Q0USuYqGMWJ+bjiecrY+1rBId3DQy+I4aUNOxjJ178zbbPFdPxnzDihrPXdDaH3rFRw== Completed in 1ms
334 timing metavuln:cache:put:security-advisory:@fastify/ajv-compiler:RTCvVLH2w8E+kFKmZECJuM4clbsv1NSYVu+SAc1Y7Za10zNzg2OYDDmX/8w+3DJeY4Ij3FLlro91eDGbe+bTIg== Completed in 1ms
335 timing metavuln:calculate:security-advisory:@fastify/ajv-compiler:fTTiMZspTWeoKOVqKU9Q0USuYqGMWJ+bjiecrY+1rBId3DQy+I4aUNOxjJ178zbbPFdPxnzDihrPXdDaH3rFRw== Completed in 115ms
336 timing metavuln:cache:get:security-advisory:ajv:zgTzAZYid7U4NqXLOKixfdk8vOcaJa2BtJWucrjZR6Om49M5BKB8mawHHoumWimHznsD/JuRctCAn0s76p6sDA== Completed in 4ms
337 http fetch GET 200 https://registry.npmjs.org/ajv 98ms (cache revalidated)
338 timing metavuln:packument:ajv Completed in 100ms
339 timing metavuln:load:security-advisory:ajv:5tWf/2F3oSWWqD4tNlM8UnT48bBXTuxzL4RXyhSzco0q9ah5Uf8FT8B+R1B3zzPpBEvBRtxaq8Up076jybNs6w== Completed in 2ms
340 timing metavuln:cache:put:security-advisory:ajv:zgTzAZYid7U4NqXLOKixfdk8vOcaJa2BtJWucrjZR6Om49M5BKB8mawHHoumWimHznsD/JuRctCAn0s76p6sDA== Completed in 3ms
341 timing metavuln:calculate:security-advisory:ajv:5tWf/2F3oSWWqD4tNlM8UnT48bBXTuxzL4RXyhSzco0q9ah5Uf8FT8B+R1B3zzPpBEvBRtxaq8Up076jybNs6w== Completed in 105ms
342 timing metavuln:cache:get:security-advisory:youch:GCj7wAVwXmpdpHsZ3FBltk4ddq703nJZceXkq77o3f+gaNLubEhWMdGOuTbsQUIPAj4PXvzoyIJlnaLab4wWyA== Completed in 3ms
343 http fetch GET 200 https://registry.npmjs.org/@rolldown/binding-linux-arm64-gnu/-/binding-linux-arm64-gnu-1.2.1.tgz 1382ms (cache miss)
344 timing reifyNode:node_modules/@rolldown/binding-linux-arm64-gnu Completed in 1398ms
345 timing reify:unpack Completed in 1398ms
346 timing reify:unretire Completed in 0ms
347 timing build:queue Completed in 1ms
348 timing build:deps Completed in 1ms
349 timing build Completed in 1ms
350 timing reify:build Completed in 2ms
351 timing reify:trash Completed in 11ms
352 timing reify:save Completed in 68ms
353 http fetch GET 200 https://registry.npmjs.org/youch 173ms (cache revalidated)
354 timing metavuln:packument:youch Completed in 173ms
355 timing metavuln:load:security-advisory:youch:EFt7h/FZLeopARa06+F2CBY5ItUm007mP/cHgZjTJZX1MeIwg3JD7toSioRoDeE8wm5VdkimqlS+CnuPhZqbIg== Completed in 0ms
356 timing metavuln:calculate:security-advisory:youch:EFt7h/FZLeopARa06+F2CBY5ItUm007mP/cHgZjTJZX1MeIwg3JD7toSioRoDeE8wm5VdkimqlS+CnuPhZqbIg== Completed in 174ms
357 timing metavuln:cache:get:security-advisory:fastify-cli:QaslBeMuAEoSjIJGc7+wAYc4T7XpFaCnbJI8/c0a2JIyJvbwAad9SK12c7/eNgGCnrx8g4UQ77MsJaZXoAIODA== Completed in 3ms
358 http fetch GET 200 https://registry.npmjs.org/fastify-cli 102ms (cache revalidated)
359 timing metavuln:packument:fastify-cli Completed in 103ms
360 timing metavuln:load:security-advisory:fastify-cli:5OdrwYv5Xzq+rI3bchsuaHIz85Yyo5gTdhOrQGf2Em7pRhXXR2ur0R7W7qQ6UpWsSxuRBW8Fdp57dyqUhR5/yw== Completed in 0ms
361 timing metavuln:calculate:security-advisory:fastify-cli:5OdrwYv5Xzq+rI3bchsuaHIz85Yyo5gTdhOrQGf2Em7pRhXXR2ur0R7W7qQ6UpWsSxuRBW8Fdp57dyqUhR5/yw== Completed in 104ms
362 timing metavuln:cache:get:security-advisory:fastify:Upg+0E5yUqJ4heE4SgOxTlxa1vfBGw41Gk81vguPTh44TF4zvFmYxs2v0BeduSwyKkI4L1eUovQ1pgh00sCl7Q== Completed in 2ms
363 timing metavuln:load:security-advisory:fastify:+YpghwLI6PUIyWp8XHl8sipi8orFgC/bXvA8UTBhSVgt6QefqkNEXuSkTqpzFKftATFLq+TrCW8XYCm94wIjQA== Completed in 0ms
364 timing metavuln:calculate:security-advisory:fastify:+YpghwLI6PUIyWp8XHl8sipi8orFgC/bXvA8UTBhSVgt6QefqkNEXuSkTqpzFKftATFLq+TrCW8XYCm94wIjQA== Completed in 3ms
365 timing metavuln:cache:get:security-advisory:npm-check-updates:Zm5Cq+L7ckOec0EkUcYO3s4uiRW6rSs41sdGz18ifysKUfa7MxAP0afqB/noTuxaJj7Dy/EkR5UwbtGRMKay4A== Completed in 3ms
366 timing metavuln:cache:get:security-advisory:rc-config-loader:gmsZcivSO245F/pkJhF+P5hB5KLZRBjER7RvCwxQQcgdO7VseNYySezmj9XoDNgI1xwC8ox0BPZTjt+Zw5PRYw== Completed in 3ms
367 http fetch GET 200 https://registry.npmjs.org/rc-config-loader 131ms (cache revalidated)
368 timing metavuln:packument:rc-config-loader Completed in 131ms
369 timing metavuln:load:security-advisory:rc-config-loader:4JRmIWaw7t9g2nj2coc/knMKSpUTTvf6gd7QGFDejryJnGjc+YeBUVzshR5afcQZnuPyYGRjBRxydkQEqdhtbQ== Completed in 1ms
370 timing metavuln:calculate:security-advisory:rc-config-loader:4JRmIWaw7t9g2nj2coc/knMKSpUTTvf6gd7QGFDejryJnGjc+YeBUVzshR5afcQZnuPyYGRjBRxydkQEqdhtbQ== Completed in 132ms
371 http fetch GET 200 https://registry.npmjs.org/npm-check-updates 134ms (cache revalidated)
372 timing metavuln:packument:npm-check-updates Completed in 141ms
373 timing metavuln:load:security-advisory:npm-check-updates:4JRmIWaw7t9g2nj2coc/knMKSpUTTvf6gd7QGFDejryJnGjc+YeBUVzshR5afcQZnuPyYGRjBRxydkQEqdhtbQ== Completed in 1ms
374 timing metavuln:calculate:security-advisory:npm-check-updates:4JRmIWaw7t9g2nj2coc/knMKSpUTTvf6gd7QGFDejryJnGjc+YeBUVzshR5afcQZnuPyYGRjBRxydkQEqdhtbQ== Completed in 142ms
375 timing metavuln:cache:get:security-advisory:markdown-it:3xmbI+mngADH7Q+nEJ0yCgnwBGeIYmZIvCK2t6zbJLBv85Yz8bzXvTfmpaXjqagNvZc3O3o88iUIMjtcoFFvXA== Completed in 2ms
376 timing metavuln:load:security-advisory:markdown-it:7/w4Aok6/6mHGmv2Uc4svaXHiXUk97svBQl+ENxsN59mRMVAweX/V/Md1OXchNwbfAGlwCUI/sKdB9GYZMICzw== Completed in 1ms
377 timing metavuln:cache:put:security-advisory:markdown-it:3xmbI+mngADH7Q+nEJ0yCgnwBGeIYmZIvCK2t6zbJLBv85Yz8bzXvTfmpaXjqagNvZc3O3o88iUIMjtcoFFvXA== Completed in 2ms
378 timing metavuln:calculate:security-advisory:markdown-it:7/w4Aok6/6mHGmv2Uc4svaXHiXUk97svBQl+ENxsN59mRMVAweX/V/Md1OXchNwbfAGlwCUI/sKdB9GYZMICzw== Completed in 6ms
379 timing metavuln:cache:get:security-advisory:jstransformer-markdown-it:QXbZ4xCbTC6gBpBNs7H/EvXk3F9ngURxnQlVqozhkTTei6TWNS+vuhLPZxwRHAMYkAOq4rwyeVSqGY5oqeI7cw== Completed in 3ms
380 http fetch GET 200 https://registry.npmjs.org/jstransformer-markdown-it 118ms (cache revalidated)
381 timing metavuln:packument:jstransformer-markdown-it Completed in 119ms
382 timing metavuln:load:security-advisory:jstransformer-markdown-it:745Vt4mrHCdT8gFHVh7oHROmP4aH4fErXXhbpeVBhtIHmsxTVI7P3rJSdfXZ1iZTBS6GEnTERL4OWUfc4Co9jQ== Completed in 1ms
383 timing metavuln:cache:put:security-advisory:jstransformer-markdown-it:QXbZ4xCbTC6gBpBNs7H/EvXk3F9ngURxnQlVqozhkTTei6TWNS+vuhLPZxwRHAMYkAOq4rwyeVSqGY5oqeI7cw== Completed in 2ms
384 timing metavuln:calculate:security-advisory:jstransformer-markdown-it:745Vt4mrHCdT8gFHVh7oHROmP4aH4fErXXhbpeVBhtIHmsxTVI7P3rJSdfXZ1iZTBS6GEnTERL4OWUfc4Co9jQ== Completed in 123ms
385 timing metavuln:cache:get:security-advisory:icss-utils:YQrDJ0tXVnA/+X/ZxpukW/Lx3CwFTrG8XyyUMSKX3zzGTe0Y6/bRp8quQPZ/4nKbFqtLinYhgGh78VCLRkQGwA== Completed in 13ms
386 timing metavuln:cache:get:security-advisory:css-loader:XHPH7bbL9kQ7mn87o20PK1p4eCjk13CaRPIze4HfznTb9bY5Vmm4ME/hSfnU9Ver9tO6NfmsiD772STtqZEu9w== Completed in 14ms
387 timing metavuln:cache:get:security-advisory:postcss-modules-extract-imports:GEzvNHbz8HGLtibhL9ypZOm28mmTAz2eUkSktGEE3FTudrWKNia6jP9FtLepUKjrBKAHbWoexCUmgwn4xYTb3g== Completed in 14ms
388 timing metavuln:cache:get:security-advisory:postcss-modules-scope:7pGTOYKa38391yEajdNGhMzRt9b742zlTMeZssmVs32R4pfSHNqqeU4JrRiw4ar7vMkjb0MkK3q8fqD8szruYA== Completed in 13ms
389 timing metavuln:cache:get:security-advisory:postcss-modules-values:ZOvm1kPzIacoMyU31nJj49Q3Y89WHeG7aQ2/VXbAmYRfu8tHjmewOV1UK/dGaOMflDrBg/yYaEZYEjw69BFZPw== Completed in 13ms
390 timing metavuln:cache:get:security-advisory:postcss-modules-local-by-default:NuEQfXd/S5J/0iYmJ+8VUvughylpp8b+yMwLYFE94N4lUORq2pgJVBhSVzqAs0VH4uQLUqtOF1ryGAJEveR0Nw== Completed in 14ms
391 timing metavuln:cache:get:security-advisory:vite:pm+TrJNwujLvDg8sVw2Ry9PJhjkcoBy8JKAoBKTRZjJFNYUVfVCg1N5bIWDjny8x1kiymsh8o2RF9uvMh5+tvA== Completed in 14ms
392 http fetch GET 200 https://registry.npmjs.org/icss-utils 175ms (cache revalidated)
393 timing metavuln:packument:icss-utils Completed in 175ms
394 timing metavuln:load:security-advisory:icss-utils:o0q0EDh/c/yXO8mW7onxyfY8gGQ+yllv0PybMT2eaE76E/1OkdcEp4nbyN5c17b8FHTbrA+h3QdVSYn/qLhRng== Completed in 1ms
395 timing metavuln:calculate:security-advisory:icss-utils:o0q0EDh/c/yXO8mW7onxyfY8gGQ+yllv0PybMT2eaE76E/1OkdcEp4nbyN5c17b8FHTbrA+h3QdVSYn/qLhRng== Completed in 176ms
396 http fetch GET 200 https://registry.npmjs.org/css-loader 178ms (cache revalidated)
397 timing metavuln:packument:css-loader Completed in 181ms
398 timing metavuln:load:security-advisory:css-loader:o0q0EDh/c/yXO8mW7onxyfY8gGQ+yllv0PybMT2eaE76E/1OkdcEp4nbyN5c17b8FHTbrA+h3QdVSYn/qLhRng== Completed in 0ms
399 timing metavuln:calculate:security-advisory:css-loader:o0q0EDh/c/yXO8mW7onxyfY8gGQ+yllv0PybMT2eaE76E/1OkdcEp4nbyN5c17b8FHTbrA+h3QdVSYn/qLhRng== Completed in 181ms
400 http fetch GET 200 https://registry.npmjs.org/postcss-modules-values 180ms (cache revalidated)
401 timing metavuln:packument:postcss-modules-values Completed in 181ms
402 timing metavuln:load:security-advisory:postcss-modules-values:o0q0EDh/c/yXO8mW7onxyfY8gGQ+yllv0PybMT2eaE76E/1OkdcEp4nbyN5c17b8FHTbrA+h3QdVSYn/qLhRng== Completed in 0ms
403 timing metavuln:calculate:security-advisory:postcss-modules-values:o0q0EDh/c/yXO8mW7onxyfY8gGQ+yllv0PybMT2eaE76E/1OkdcEp4nbyN5c17b8FHTbrA+h3QdVSYn/qLhRng== Completed in 181ms
404 http fetch GET 200 https://registry.npmjs.org/postcss-modules-local-by-default 182ms (cache revalidated)
405 timing metavuln:packument:postcss-modules-local-by-default Completed in 184ms
406 timing metavuln:load:security-advisory:postcss-modules-local-by-default:o0q0EDh/c/yXO8mW7onxyfY8gGQ+yllv0PybMT2eaE76E/1OkdcEp4nbyN5c17b8FHTbrA+h3QdVSYn/qLhRng== Completed in 1ms
407 timing metavuln:calculate:security-advisory:postcss-modules-local-by-default:o0q0EDh/c/yXO8mW7onxyfY8gGQ+yllv0PybMT2eaE76E/1OkdcEp4nbyN5c17b8FHTbrA+h3QdVSYn/qLhRng== Completed in 185ms
408 http fetch GET 200 https://registry.npmjs.org/vite 186ms (cache revalidated)
409 timing metavuln:packument:vite Completed in 199ms
410 timing metavuln:load:security-advisory:vite:o0q0EDh/c/yXO8mW7onxyfY8gGQ+yllv0PybMT2eaE76E/1OkdcEp4nbyN5c17b8FHTbrA+h3QdVSYn/qLhRng== Completed in 2ms
411 timing metavuln:calculate:security-advisory:vite:o0q0EDh/c/yXO8mW7onxyfY8gGQ+yllv0PybMT2eaE76E/1OkdcEp4nbyN5c17b8FHTbrA+h3QdVSYn/qLhRng== Completed in 201ms
412 http fetch GET 200 https://registry.npmjs.org/postcss-modules-extract-imports 206ms (cache revalidated)
413 timing metavuln:packument:postcss-modules-extract-imports Completed in 206ms
414 timing metavuln:load:security-advisory:postcss-modules-extract-imports:o0q0EDh/c/yXO8mW7onxyfY8gGQ+yllv0PybMT2eaE76E/1OkdcEp4nbyN5c17b8FHTbrA+h3QdVSYn/qLhRng== Completed in 0ms
415 timing metavuln:calculate:security-advisory:postcss-modules-extract-imports:o0q0EDh/c/yXO8mW7onxyfY8gGQ+yllv0PybMT2eaE76E/1OkdcEp4nbyN5c17b8FHTbrA+h3QdVSYn/qLhRng== Completed in 206ms
416 http fetch GET 200 https://registry.npmjs.org/postcss-modules-scope 206ms (cache revalidated)
417 timing metavuln:packument:postcss-modules-scope Completed in 206ms
418 timing metavuln:load:security-advisory:postcss-modules-scope:o0q0EDh/c/yXO8mW7onxyfY8gGQ+yllv0PybMT2eaE76E/1OkdcEp4nbyN5c17b8FHTbrA+h3QdVSYn/qLhRng== Completed in 0ms
419 timing metavuln:calculate:security-advisory:postcss-modules-scope:o0q0EDh/c/yXO8mW7onxyfY8gGQ+yllv0PybMT2eaE76E/1OkdcEp4nbyN5c17b8FHTbrA+h3QdVSYn/qLhRng== Completed in 206ms
420 timing metavuln:cache:get:security-advisory:concurrently:dJj3TAgQoTxT8LnlMR7zyCquLQhf5p/nDHoglVWDSVswkUAKhrPqGG994qwq4oNpBWXQpmvK7vcmaDp31YB1Qw== Completed in 3ms
421 http fetch GET 200 https://registry.npmjs.org/concurrently 121ms (cache revalidated)
422 timing metavuln:packument:concurrently Completed in 122ms
423 timing metavuln:load:security-advisory:concurrently:gWuMLxJrdB5cYYnXmLuPYjWBh9v3T6mAs/1n90qstizAjUwF6JtEegc7pxpOH6qZDJP592oeHHx4biyk4QlJHg== Completed in 0ms
424 timing metavuln:calculate:security-advisory:concurrently:gWuMLxJrdB5cYYnXmLuPYjWBh9v3T6mAs/1n90qstizAjUwF6JtEegc7pxpOH6qZDJP592oeHHx4biyk4QlJHg== Completed in 122ms
425 timing metavuln:cache:get:security-advisory:pacote:HwK9Osim5eGF5I34v/XFoJLQ75UbhxXLcdhboc/sdf7kBSFhxIzy/iVH3ATsQhK3y2oS/JpMEfg7ow2FLkXtPw== Completed in 3ms
426 http fetch GET 200 https://registry.npmjs.org/pacote 128ms (cache revalidated)
427 timing metavuln:packument:pacote Completed in 131ms
428 timing metavuln:load:security-advisory:pacote:skzVwsWYa8zuQ7SA5ICFpsE0xnM0OG7fX/J/DEdN8ubKUINIpvS+u8ACU9GH/TPzcgMZklLVWP1xJFTqFcWQFw== Completed in 0ms
429 timing metavuln:calculate:security-advisory:pacote:skzVwsWYa8zuQ7SA5ICFpsE0xnM0OG7fX/J/DEdN8ubKUINIpvS+u8ACU9GH/TPzcgMZklLVWP1xJFTqFcWQFw== Completed in 131ms
430 timing metavuln:cache:get:security-advisory:node-gyp:l/WeQkAPWJ0/mHENc58u9JNvnzqgqXWhnfEbUs8zhmL1UmoofkwGw4482B1GnFfApFQ5hXpUDaLf7UIPw6jpww== Completed in 8ms
431 timing metavuln:cache:get:security-advisory:pacote:YEGC2tr63UMpFVgVz0cNuFV3bU8S49mLN9fSXNf8TSeZFIG2IIlfze6ewtj1AcnmZfEVnbmO+QJdA95V6mwuNA== Completed in 8ms
432 timing metavuln:load:security-advisory:pacote:qPQeYPFDBIedTWfYK3sbnScF6Ha7ouTs+wgndnz4PT5P+/K+GBD4epoPcYpXlu6AC7gSJlCJTJeuKbYAFoK9PA== Completed in 0ms
433 timing metavuln:calculate:security-advisory:pacote:qPQeYPFDBIedTWfYK3sbnScF6Ha7ouTs+wgndnz4PT5P+/K+GBD4epoPcYpXlu6AC7gSJlCJTJeuKbYAFoK9PA== Completed in 8ms
434 timing metavuln:cache:get:security-advisory:cacache:xvJIWB5/FY/DmZpxvmgqyq49qJv5ggEb6QVj3OY5ousoMlm27iLo5bVkFK9lSFNIWe3eU5heX0nWjs8DbT01mg== Completed in 9ms
435 timing metavuln:cache:get:security-advisory:sqlite3:d9OlV91FQiPngyARVJjb2c1N1Zd+BlUG/6hW/AboVLzuuz9zlq5RBmHPTvImBXKQlYn4hJ5/GOcjonk0bZFabg== Completed in 9ms
436 http fetch GET 200 https://registry.npmjs.org/sqlite3 111ms (cache revalidated)
437 timing metavuln:packument:sqlite3 Completed in 112ms
438 timing metavuln:load:security-advisory:sqlite3:qPQeYPFDBIedTWfYK3sbnScF6Ha7ouTs+wgndnz4PT5P+/K+GBD4epoPcYpXlu6AC7gSJlCJTJeuKbYAFoK9PA== Completed in 0ms
439 timing metavuln:calculate:security-advisory:sqlite3:qPQeYPFDBIedTWfYK3sbnScF6Ha7ouTs+wgndnz4PT5P+/K+GBD4epoPcYpXlu6AC7gSJlCJTJeuKbYAFoK9PA== Completed in 112ms
440 http fetch GET 200 https://registry.npmjs.org/node-gyp 113ms (cache revalidated)
441 timing metavuln:packument:node-gyp Completed in 115ms
442 timing metavuln:load:security-advisory:node-gyp:qPQeYPFDBIedTWfYK3sbnScF6Ha7ouTs+wgndnz4PT5P+/K+GBD4epoPcYpXlu6AC7gSJlCJTJeuKbYAFoK9PA== Completed in 0ms
443 timing metavuln:calculate:security-advisory:node-gyp:qPQeYPFDBIedTWfYK3sbnScF6Ha7ouTs+wgndnz4PT5P+/K+GBD4epoPcYpXlu6AC7gSJlCJTJeuKbYAFoK9PA== Completed in 115ms
444 http fetch GET 200 https://registry.npmjs.org/cacache 128ms (cache revalidated)
445 timing metavuln:packument:cacache Completed in 129ms
446 timing metavuln:load:security-advisory:cacache:qPQeYPFDBIedTWfYK3sbnScF6Ha7ouTs+wgndnz4PT5P+/K+GBD4epoPcYpXlu6AC7gSJlCJTJeuKbYAFoK9PA== Completed in 0ms
447 timing metavuln:calculate:security-advisory:cacache:qPQeYPFDBIedTWfYK3sbnScF6Ha7ouTs+wgndnz4PT5P+/K+GBD4epoPcYpXlu6AC7gSJlCJTJeuKbYAFoK9PA== Completed in 130ms
448 timing metavuln:cache:get:security-advisory:sequelize:FYBoHQX+it6POas5dOU2r5Ay1UVECdSHWc53rj7FSJlLWRuPXvHa04vp2iiMDQQeJNqMQjjQIdu5qpdHI534nw== Completed in 3ms
449 http fetch GET 200 https://registry.npmjs.org/sequelize 184ms (cache revalidated)
450 timing metavuln:packument:sequelize Completed in 192ms
451 timing metavuln:load:security-advisory:sequelize:fjKShcKspemxj7050oTyq4F6Ys6oXOzZoO3QUapp6PgJCcrmTMbXQaxkcJ1QLLNHzsQ9sgLuhrlezjv+hoSUhg== Completed in 2ms
452 timing metavuln:calculate:security-advisory:sequelize:fjKShcKspemxj7050oTyq4F6Ys6oXOzZoO3QUapp6PgJCcrmTMbXQaxkcJ1QLLNHzsQ9sgLuhrlezjv+hoSUhg== Completed in 194ms
453 timing metavuln:cache:get:security-advisory:make-fetch-happen:gaTnfO+WYeXu2geuOhR3ibMOUg+yrRKeQuHeBpv3XykfZx9BLv6XY6eJg1pUKO4R3hqIlQu3aj+/JM1PlmKnZQ== Completed in 4ms
454 http fetch GET 200 https://registry.npmjs.org/make-fetch-happen 106ms (cache revalidated)
455 timing metavuln:packument:make-fetch-happen Completed in 107ms
456 timing metavuln:load:security-advisory:make-fetch-happen:Sjgcdi3KNx46lPAcvPjDvUYseDE8QeQwjwFhOT0x3Jbc510S0ZyAHXwRcn/9ytGyLhPcBzh4ZFlW/g9SIoHDDw== Completed in 1ms
457 timing metavuln:calculate:security-advisory:make-fetch-happen:Sjgcdi3KNx46lPAcvPjDvUYseDE8QeQwjwFhOT0x3Jbc510S0ZyAHXwRcn/9ytGyLhPcBzh4ZFlW/g9SIoHDDw== Completed in 108ms
458 timing metavuln:cache:get:security-advisory:fastify-error-page:jFLobgupm1ygdOxTlUvCIArNYaFGGKBaaLAoJ8OKqbKNtBGSdJkKNTpzczRFYEIoK/2FzNs3+s9I4+12F+M70A== Completed in 5ms
459 http fetch GET 200 https://registry.npmjs.org/fastify-error-page 106ms (cache revalidated)
460 timing metavuln:packument:fastify-error-page Completed in 106ms
461 timing metavuln:load:security-advisory:fastify-error-page:GCj7wAVwXmpdpHsZ3FBltk4ddq703nJZceXkq77o3f+gaNLubEhWMdGOuTbsQUIPAj4PXvzoyIJlnaLab4wWyA== Completed in 1ms
462 timing metavuln:calculate:security-advisory:fastify-error-page:GCj7wAVwXmpdpHsZ3FBltk4ddq703nJZceXkq77o3f+gaNLubEhWMdGOuTbsQUIPAj4PXvzoyIJlnaLab4wWyA== Completed in 107ms
463 timing metavuln:cache:get:security-advisory:npm-check-updates:TQft10aWX7/FW5wxcCn/ZtY3sEvHs4StbLTngtrXdnjEE4IA1QY13JGrTJQC1MPi1i/FGnCVxebHCc+mHLCS5Q== Completed in 3ms
464 timing metavuln:load:security-advisory:npm-check-updates:HwK9Osim5eGF5I34v/XFoJLQ75UbhxXLcdhboc/sdf7kBSFhxIzy/iVH3ATsQhK3y2oS/JpMEfg7ow2FLkXtPw== Completed in 2ms
465 timing metavuln:calculate:security-advisory:npm-check-updates:HwK9Osim5eGF5I34v/XFoJLQ75UbhxXLcdhboc/sdf7kBSFhxIzy/iVH3ATsQhK3y2oS/JpMEfg7ow2FLkXtPw== Completed in 5ms
466 timing metavuln:cache:get:security-advisory:@npmcli/run-script:iGTtwNhtzJqD6NRQrZd/d/zEGMzgSqpgcRI1vjqHKnRzGZno56l+gHAbYs0XRY+CB7swkVDTEWOkDAMckkToXA== Completed in 5ms
467 timing metavuln:cache:get:security-advisory:sqlite3:/EyvdRGvNSmIfPvDagXmxhNg0I3IVs11DoQPmZbPhEN8VqxbrAo8DVoBrE8H0mBolYmeaGyEYJxfj/d4+SoOrA== Completed in 4ms
468 timing metavuln:load:security-advisory:sqlite3:l/WeQkAPWJ0/mHENc58u9JNvnzqgqXWhnfEbUs8zhmL1UmoofkwGw4482B1GnFfApFQ5hXpUDaLf7UIPw6jpww== Completed in 0ms
469 timing metavuln:calculate:security-advisory:sqlite3:l/WeQkAPWJ0/mHENc58u9JNvnzqgqXWhnfEbUs8zhmL1UmoofkwGw4482B1GnFfApFQ5hXpUDaLf7UIPw6jpww== Completed in 4ms
470 http fetch GET 200 https://registry.npmjs.org/@npmcli%2frun-script 114ms (cache revalidated)
471 timing metavuln:packument:@npmcli/run-script Completed in 116ms
472 timing metavuln:load:security-advisory:@npmcli/run-script:l/WeQkAPWJ0/mHENc58u9JNvnzqgqXWhnfEbUs8zhmL1UmoofkwGw4482B1GnFfApFQ5hXpUDaLf7UIPw6jpww== Completed in 1ms
473 timing metavuln:calculate:security-advisory:@npmcli/run-script:l/WeQkAPWJ0/mHENc58u9JNvnzqgqXWhnfEbUs8zhmL1UmoofkwGw4482B1GnFfApFQ5hXpUDaLf7UIPw6jpww== Completed in 117ms
474 timing metavuln:cache:get:security-advisory:make-fetch-happen:i9EWLQURMjAySZXCi5WtA8NzwiONkym6qMEPsUX+uPSg1yz1bg479ufVR/tOdZWMzNzCglMBtyw+v486D3ACDQ== Completed in 3ms
475 timing metavuln:load:security-advisory:make-fetch-happen:xvJIWB5/FY/DmZpxvmgqyq49qJv5ggEb6QVj3OY5ousoMlm27iLo5bVkFK9lSFNIWe3eU5heX0nWjs8DbT01mg== Completed in 1ms
476 timing metavuln:calculate:security-advisory:make-fetch-happen:xvJIWB5/FY/DmZpxvmgqyq49qJv5ggEb6QVj3OY5ousoMlm27iLo5bVkFK9lSFNIWe3eU5heX0nWjs8DbT01mg== Completed in 4ms
477 timing metavuln:cache:get:security-advisory:pacote:OtnJdJ42a1bInL8GrqOWym4puwNQ7oh2bGqAOg0E5uptu0OSRW4gjuYFOkEEYOvjetc1WkglEEM0U0Bgv6+wAw== Completed in 4ms
478 timing metavuln:load:security-advisory:pacote:xvJIWB5/FY/DmZpxvmgqyq49qJv5ggEb6QVj3OY5ousoMlm27iLo5bVkFK9lSFNIWe3eU5heX0nWjs8DbT01mg== Completed in 1ms
479 timing metavuln:calculate:security-advisory:pacote:xvJIWB5/FY/DmZpxvmgqyq49qJv5ggEb6QVj3OY5ousoMlm27iLo5bVkFK9lSFNIWe3eU5heX0nWjs8DbT01mg== Completed in 5ms
480 timing metavuln:cache:get:security-advisory:node-gyp:oIdp0jgUYGRrX8miYN6X1c4k9a7NYfC9fX6QVIPIFbtokGgy4jHd/cPUUTxrldhKuQdzzPT73V4Yt+BcbbxZtA== Completed in 11ms
481 timing metavuln:load:security-advisory:node-gyp:gaTnfO+WYeXu2geuOhR3ibMOUg+yrRKeQuHeBpv3XykfZx9BLv6XY6eJg1pUKO4R3hqIlQu3aj+/JM1PlmKnZQ== Completed in 0ms
482 timing metavuln:calculate:security-advisory:node-gyp:gaTnfO+WYeXu2geuOhR3ibMOUg+yrRKeQuHeBpv3XykfZx9BLv6XY6eJg1pUKO4R3hqIlQu3aj+/JM1PlmKnZQ== Completed in 11ms
483 timing metavuln:cache:get:security-advisory:pacote:MS+9ca68tdxeElO9akLXw7yb5VApoczfnQKLx1EukwgWla9k04iPl4Po3r/HJQy/+Wzz5cv0LVQSH7FloSCQcg== Completed in 1ms
484 timing metavuln:load:security-advisory:pacote:iGTtwNhtzJqD6NRQrZd/d/zEGMzgSqpgcRI1vjqHKnRzGZno56l+gHAbYs0XRY+CB7swkVDTEWOkDAMckkToXA== Completed in 0ms
485 timing metavuln:calculate:security-advisory:pacote:iGTtwNhtzJqD6NRQrZd/d/zEGMzgSqpgcRI1vjqHKnRzGZno56l+gHAbYs0XRY+CB7swkVDTEWOkDAMckkToXA== Completed in 1ms
486 timing metavuln:cache:get:security-advisory:npm-registry-fetch:rjVJvvzG/kvWq1Yf47CMERV+po9QTpLRv+Pvpq6OBeMvjXsZIVfM5QpZX6I81DfIzkTUvvS3sdoQsPoTOZ8CKw== Completed in 5ms
487 timing metavuln:cache:get:security-advisory:@sigstore/sign:xAQpQb2iXZhl1nU/ZmXt3hEWmSEXEdDAuGuotFPoutVkCLsxXJ2KeWceYYYf6uDbgLvZnVD+wMIhqMIAbURhYQ== Completed in 5ms
488 timing metavuln:cache:get:security-advisory:sigstore:Jk5V/VF98ptrfnlVgm0+AEj/a8JiAQ60nLpypMaJOXFJY4ZCsn5Yrbqieal2gFb3p2y/Zls866qsUTTiP42tHg== Completed in 6ms
489 timing metavuln:load:security-advisory:sigstore:i9EWLQURMjAySZXCi5WtA8NzwiONkym6qMEPsUX+uPSg1yz1bg479ufVR/tOdZWMzNzCglMBtyw+v486D3ACDQ== Completed in 0ms
490 timing metavuln:calculate:security-advisory:sigstore:i9EWLQURMjAySZXCi5WtA8NzwiONkym6qMEPsUX+uPSg1yz1bg479ufVR/tOdZWMzNzCglMBtyw+v486D3ACDQ== Completed in 6ms
491 timing metavuln:cache:get:security-advisory:npm-check-updates:SShrC7HtrpudR2dc7tTbwUr+VoJzKbbzV6EbuFGYnuwb07JKyzwDCRqIY7/1bJeh6y0hnMBlPbC8moJXu1FsiA== Completed in 6ms
492 timing metavuln:load:security-advisory:npm-check-updates:i9EWLQURMjAySZXCi5WtA8NzwiONkym6qMEPsUX+uPSg1yz1bg479ufVR/tOdZWMzNzCglMBtyw+v486D3ACDQ== Completed in 1ms
493 timing metavuln:calculate:security-advisory:npm-check-updates:i9EWLQURMjAySZXCi5WtA8NzwiONkym6qMEPsUX+uPSg1yz1bg479ufVR/tOdZWMzNzCglMBtyw+v486D3ACDQ== Completed in 7ms
494 timing metavuln:cache:get:security-advisory:tuf-js:1bfdavDfy7z7MQy8zQanmlTDiLzsUKXbc/9GatO7NIBygxbO0Kv2ViKCGRr41ZkUPOzvXMUES7j3phQjx1x7lQ== Completed in 7ms
495 timing metavuln:cache:get:security-advisory:node-gyp:/dQskvN7GJIjJQ5FlrPIh5nhxsucrkuttZ1cU2Czc+EO0cu2rlyIjRRPkTgwutIB29OQPM7hwrxqEXexjMb+Sg== Completed in 6ms
496 timing metavuln:load:security-advisory:node-gyp:i9EWLQURMjAySZXCi5WtA8NzwiONkym6qMEPsUX+uPSg1yz1bg479ufVR/tOdZWMzNzCglMBtyw+v486D3ACDQ== Completed in 0ms
497 timing metavuln:calculate:security-advisory:node-gyp:i9EWLQURMjAySZXCi5WtA8NzwiONkym6qMEPsUX+uPSg1yz1bg479ufVR/tOdZWMzNzCglMBtyw+v486D3ACDQ== Completed in 6ms
498 http fetch GET 200 https://registry.npmjs.org/@sigstore%2fsign 126ms (cache revalidated)
499 timing metavuln:packument:@sigstore/sign Completed in 126ms
500 timing metavuln:load:security-advisory:@sigstore/sign:i9EWLQURMjAySZXCi5WtA8NzwiONkym6qMEPsUX+uPSg1yz1bg479ufVR/tOdZWMzNzCglMBtyw+v486D3ACDQ== Completed in 0ms
501 timing metavuln:calculate:security-advisory:@sigstore/sign:i9EWLQURMjAySZXCi5WtA8NzwiONkym6qMEPsUX+uPSg1yz1bg479ufVR/tOdZWMzNzCglMBtyw+v486D3ACDQ== Completed in 127ms
502 http fetch GET 200 https://registry.npmjs.org/npm-registry-fetch 144ms (cache revalidated)
503 timing metavuln:packument:npm-registry-fetch Completed in 145ms
504 timing metavuln:load:security-advisory:npm-registry-fetch:i9EWLQURMjAySZXCi5WtA8NzwiONkym6qMEPsUX+uPSg1yz1bg479ufVR/tOdZWMzNzCglMBtyw+v486D3ACDQ== Completed in 0ms
505 timing metavuln:calculate:security-advisory:npm-registry-fetch:i9EWLQURMjAySZXCi5WtA8NzwiONkym6qMEPsUX+uPSg1yz1bg479ufVR/tOdZWMzNzCglMBtyw+v486D3ACDQ== Completed in 145ms
506 http fetch GET 200 https://registry.npmjs.org/tuf-js 145ms (cache revalidated)
507 timing metavuln:packument:tuf-js Completed in 146ms
508 timing metavuln:load:security-advisory:tuf-js:i9EWLQURMjAySZXCi5WtA8NzwiONkym6qMEPsUX+uPSg1yz1bg479ufVR/tOdZWMzNzCglMBtyw+v486D3ACDQ== Completed in 0ms
509 timing metavuln:calculate:security-advisory:tuf-js:i9EWLQURMjAySZXCi5WtA8NzwiONkym6qMEPsUX+uPSg1yz1bg479ufVR/tOdZWMzNzCglMBtyw+v486D3ACDQ== Completed in 146ms
510 timing metavuln:cache:get:security-advisory:sigstore:cZTAKPvFRJmLeZjsJl94k7WhArtuKGb/dPSpjJvl2yb5uRacYoJ4I3A5GcQFF354jp1koW3bpU965i5eKT21/w== Completed in 2ms
511 timing metavuln:load:security-advisory:sigstore:xAQpQb2iXZhl1nU/ZmXt3hEWmSEXEdDAuGuotFPoutVkCLsxXJ2KeWceYYYf6uDbgLvZnVD+wMIhqMIAbURhYQ== Completed in 0ms
512 timing metavuln:calculate:security-advisory:sigstore:xAQpQb2iXZhl1nU/ZmXt3hEWmSEXEdDAuGuotFPoutVkCLsxXJ2KeWceYYYf6uDbgLvZnVD+wMIhqMIAbURhYQ== Completed in 2ms
513 timing metavuln:cache:get:security-advisory:pacote:Fmv5VGROg0pCk6mJGDt+acX0ZmP+feQYtT29M7q8IwA6ffPv/qMnp9yN9IZsz98EzQDh7Dd9fdO3QMlmwU2oFA== Completed in 2ms
514 timing metavuln:load:security-advisory:pacote:rjVJvvzG/kvWq1Yf47CMERV+po9QTpLRv+Pvpq6OBeMvjXsZIVfM5QpZX6I81DfIzkTUvvS3sdoQsPoTOZ8CKw== Completed in 1ms
515 timing metavuln:calculate:security-advisory:pacote:rjVJvvzG/kvWq1Yf47CMERV+po9QTpLRv+Pvpq6OBeMvjXsZIVfM5QpZX6I81DfIzkTUvvS3sdoQsPoTOZ8CKw== Completed in 3ms
516 timing metavuln:cache:get:security-advisory:@sigstore/tuf:WuTLTM0bDpnnsd1qBrCrKN/jR6tX/P498eMan70iDSRkcw8nhcWZgx72Q5FsgnIrZ0IEIAzNewQuH68qzBWIXQ== Completed in 3ms
517 http fetch GET 200 https://registry.npmjs.org/@sigstore%2ftuf 114ms (cache revalidated)
518 timing metavuln:packument:@sigstore/tuf Completed in 115ms
519 timing metavuln:load:security-advisory:@sigstore/tuf:1bfdavDfy7z7MQy8zQanmlTDiLzsUKXbc/9GatO7NIBygxbO0Kv2ViKCGRr41ZkUPOzvXMUES7j3phQjx1x7lQ== Completed in 0ms
520 timing metavuln:calculate:security-advisory:@sigstore/tuf:1bfdavDfy7z7MQy8zQanmlTDiLzsUKXbc/9GatO7NIBygxbO0Kv2ViKCGRr41ZkUPOzvXMUES7j3phQjx1x7lQ== Completed in 115ms
521 timing metavuln:cache:get:security-advisory:sigstore:ueDakCxq1v8prZVcTKj7OCAkjzwhnkhDv/BWQk9LiovC7Fw6WDV+tORtvj+n4IJVAYRzrrf12+fMwe3t6a7ASg== Completed in 2ms
522 timing metavuln:load:security-advisory:sigstore:WuTLTM0bDpnnsd1qBrCrKN/jR6tX/P498eMan70iDSRkcw8nhcWZgx72Q5FsgnIrZ0IEIAzNewQuH68qzBWIXQ== Completed in 0ms
523 timing metavuln:calculate:security-advisory:sigstore:WuTLTM0bDpnnsd1qBrCrKN/jR6tX/P498eMan70iDSRkcw8nhcWZgx72Q5FsgnIrZ0IEIAzNewQuH68qzBWIXQ== Completed in 3ms
524 timing auditReport:init Completed in 3044ms
525 timing reify:audit Completed in 3347ms
526 timing reify Completed in 4614ms
527 silly ADD node_modules/@rolldown/binding-linux-arm64-gnu
528 silly ADD
529 silly ADD
530 silly ADD node_modules/lightningcss-linux-arm64-musl
531 silly ADD node_modules/lightningcss-linux-arm64-gnu
532 silly ADD
533 silly ADD
534 silly ADD
535 silly ADD
536 silly ADD
537 silly ADD
538 silly ADD
539 silly ADD
540 silly ADD
541 silly ADD
542 silly ADD
543 silly ADD
544 silly ADD
545 silly ADD
546 silly ADD
547 silly ADD
548 silly ADD
549 silly ADD
550 silly ADD
551 silly ADD
552 silly ADD
553 silly ADD node_modules/@biomejs/cli-linux-arm64-musl
554 silly ADD node_modules/@biomejs/cli-linux-arm64
555 silly ADD
556 silly ADD
557 silly ADD
558 silly ADD
559 silly ADD
560 silly ADD
561 silly ADD
562 timing command:install Completed in 4643ms
563 verbose exit 0
564 timing npm Completed in 4737ms
565 info ok
